-- --------------------------------------------------------
-- Host:                         127.0.0.1
-- Server version:               10.4.13-MariaDB - mariadb.org binary distribution
-- Server OS:                    Win64
-- HeidiSQL Version:             9.3.0.4984
-- --------------------------------------------------------

/*!40101 SET @OLD_CHARACTER_SET_CLIENT=@@CHARACTER_SET_CLIENT */;
/*!40101 SET NAMES utf8mb4 */;
/*!40014 SET @OLD_FOREIGN_KEY_CHECKS=@@FOREIGN_KEY_CHECKS, FOREIGN_KEY_CHECKS=0 */;
/*!40101 SET @OLD_SQL_MODE=@@SQL_MODE, SQL_MODE='NO_AUTO_VALUE_ON_ZERO' */;

-- Dumping database structure for lke
CREATE DATABASE IF NOT EXISTS `lke` /*!40100 DEFAULT CHARACTER SET utf8mb4 */;
USE `lke`;


-- Dumping structure for table lke.agents
CREATE TABLE IF NOT EXISTS `agents` (
  `id` bigint(20) NOT NULL AUTO_INCREMENT,
  `agent_code` varchar(32) NOT NULL,
  `agent_name` varchar(255) NOT NULL,
  `address` text NOT NULL,
  `city_id` bigint(20) DEFAULT NULL,
  `area_id` bigint(20) DEFAULT NULL,
  `phone_number` varchar(20) NOT NULL,
  `mou_file` text DEFAULT NULL,
  `mou_start_date` date DEFAULT NULL,
  `mou_end_date` date DEFAULT NULL,
  `tax_number` varchar(50) DEFAULT NULL,
  `tax` char(1) NOT NULL,
  `user_id` bigint(20) NOT NULL,
  `created_at` timestamp NULL DEFAULT NULL,
  `updated_at` timestamp NULL DEFAULT NULL,
  `deleted_at` datetime DEFAULT NULL,
  `deleted_by` bigint(10) unsigned DEFAULT NULL,
  PRIMARY KEY (`id`),
  UNIQUE KEY `customer_code` (`agent_code`),
  KEY `FK_agents_areas` (`area_id`),
  CONSTRAINT `FK_agents_areas` FOREIGN KEY (`area_id`) REFERENCES `areas` (`id`)
) ENGINE=InnoDB AUTO_INCREMENT=222 DEFAULT CHARSET=utf8mb4 ROW_FORMAT=DYNAMIC;

-- Dumping data for table lke.agents: ~220 rows (approximately)
/*!40000 ALTER TABLE `agents` DISABLE KEYS */;
INSERT INTO `agents` (`id`, `agent_code`, `agent_name`, `address`, `city_id`, `area_id`, `phone_number`, `mou_file`, `mou_start_date`, `mou_end_date`, `tax_number`, `tax`, `user_id`, `created_at`, `updated_at`, `deleted_at`, `deleted_by`) VALUES
	(2, 'AGT-000001', 'CV Aladin', 'Jl Raya Cakung', NULL, 3, '08123456789', '1646749325_PERJANJIAN KERJASAMA PT. CATUR PRIMA PERKASA.docx', '2022-03-02', '2023-03-02', '111111', 'Y', 1, '2022-03-08 14:22:05', '2022-08-07 01:18:11', NULL, 0),
	(3, 'AGT-000002', 'CV Maju', 'Jl Raya Pamulang', NULL, 3, '08123456789', '1646749902_PERJANJIAN KERJASAMA PT. CATUR PRIMA PERKASA.docx', '2022-03-01', '2022-03-31', '1290078', 'Y', 1, '2022-03-08 14:31:42', '2022-03-08 14:31:42', NULL, 0),
	(4, 'AGT-000003', 'BERSAUDARA EXPRESS CARGO', 'JL.TB SIMATUPANG KAV 17 JAKARTA TIMUR 13830', NULL, NULL, '-021 87785151', NULL, NULL, NULL, NULL, 'N', 1, NULL, NULL, NULL, 0),
	(5, 'AGT-000004', 'PT. OPTIMA TRANSPERSADA', 'RUKO MEGA GROSIR CEMPAKA MAS JL. LETJEN SUPRAPTO BLOK I NO 27 JAKARTA PUSAT', 50, 4, '42884600', NULL, '2022-07-01', '2023-07-01', NULL, 'N', 1, NULL, '2022-08-30 19:33:09', NULL, 0),
	(6, 'AGT-000005', 'PT.GABE EKSPRESS', 'JL. PENGGILINGAN RUKO TAMAN PULO INDAH BLOK G NO.5 JAKARTA UTARA', 168, 5, '021-48703031', NULL, '2022-08-01', '2023-08-01', NULL, 'N', 1, NULL, '2022-08-12 16:12:11', NULL, 0),
	(7, 'AGT-000006', 'ANTAR NUSA TRANS', 'JL. KH.MAS MANSYUR NO .77 KARET JAKARTA', 143, 6, '021-5738493', NULL, '2022-08-01', '2023-08-01', NULL, 'N', 1, NULL, '2022-08-12 16:14:23', NULL, 0),
	(8, 'AGT-000007', 'VIRA', 'JL.KH.MAS MANSYUR NO 38 U TANAH ABANG JALKARTA', NULL, NULL, '021-3102302', NULL, NULL, NULL, NULL, 'N', 1, NULL, NULL, NULL, 0),
	(9, 'AGT-000008', 'PT.SARANA ANDIKA EXPRESS', 'JL. KOKA LAPANGAN NO.36', 151, 3, '0431-811770', NULL, '2022-08-01', '2023-08-01', NULL, 'N', 1, NULL, '2022-08-29 21:43:36', NULL, 0),
	(10, 'AGT-000009', 'CV.PELANGI', 'JAKARTA', NULL, NULL, '', NULL, NULL, NULL, NULL, 'N', 1, NULL, NULL, NULL, 0),
	(11, 'AGT-000010', 'RAJASA DINAMIKA EKSPRES', 'JL.CEMPAKA NO.30B PEKANBARU', 167, 6, '76140121', NULL, '2022-08-01', '2023-08-01', NULL, 'N', 1, NULL, '2022-08-29 22:00:35', NULL, 0),
	(12, 'AGT-000011', 'PT.DHARMA BANDAR MANDALA CENGKARENG', 'BANDARA INTERNATIONAL SUKARNO HATTA CENGKARENG', 86, 3, '123456', NULL, '2022-08-01', '2023-08-01', NULL, 'N', 1, NULL, '2022-08-08 14:27:15', NULL, 0),
	(13, 'AGT-000012', 'CV.ANUGRAH MANDIRI TARAKAN', 'JL.NIAGA KOMP. THM NO.101 TARAKAN', NULL, NULL, '0551-23133', NULL, NULL, NULL, NULL, 'N', 1, NULL, NULL, NULL, 0),
	(14, 'AGT-000013', 'PT.PUSICO', 'JL.JATI VII NO. 34 PALANGKARAYA', NULL, NULL, '0536-3242837', NULL, NULL, NULL, NULL, 'N', 1, NULL, NULL, NULL, 0),
	(15, 'AGT-000014', 'PT.PANCA UTAMA EXPRESS', 'JL. DR.M.ISA LRG. CINTA DAMAI NO.61 PALEMBANG', NULL, NULL, '0711-710972', NULL, NULL, NULL, NULL, 'N', 1, NULL, NULL, NULL, 0),
	(16, 'AGT-000015', 'PT.PRIORITY CARGO PACKET PALU', 'JL.KARTINI NO.33 PALU', NULL, NULL, '0451-422378', NULL, NULL, NULL, NULL, 'N', 1, NULL, NULL, NULL, 0),
	(17, 'AGT-000016', 'PT.DHARMA BANDAR MANDALA BATAM', 'KOMP. PERGUDANGAN BANDARA HANG NADIM RUANG NO.04', NULL, NULL, '0778-761402', NULL, NULL, NULL, NULL, 'N', 1, NULL, NULL, NULL, 0),
	(18, 'AGT-000017', 'PT.BUANA INDAH TRANS', 'KOMP.PURI TAMANSARI G I/19 &G 2/14', NULL, NULL, '0411-437293', NULL, NULL, NULL, NULL, 'N', 1, NULL, NULL, NULL, 0),
	(19, 'AGT-000018', 'MANDIRI CARGO', 'KOMP.MEGA GROSIR CEMPAKA MAS BLOK I NO 23-25', NULL, NULL, '021-42885034', NULL, NULL, NULL, NULL, 'N', 1, NULL, NULL, NULL, 0),
	(20, 'AGT-000019', 'PT.TIKA SINERGI MANDIRI (KARTIKA CARGO)', 'JL.P.JAYAKARTA BLOK B NO 2 JAKARTA UTARA', NULL, NULL, '021-92607064', NULL, NULL, NULL, NULL, 'N', 1, NULL, NULL, NULL, 0),
	(21, 'AGT-000020', 'PT.SUMBER KEMBANG', 'PULOGADUNG', NULL, NULL, '', NULL, NULL, NULL, NULL, 'N', 1, NULL, NULL, NULL, 0),
	(22, 'AGT-000021', 'CV TIKI (PT)', 'CEMPAKA MAS', NULL, NULL, '', NULL, NULL, NULL, NULL, 'N', 1, NULL, NULL, NULL, 0),
	(23, 'AGT-000022', 'KALIMAS JAKARTA', '', NULL, NULL, '', NULL, NULL, NULL, NULL, 'N', 1, NULL, NULL, NULL, 0),
	(24, 'AGT-000023', 'PT.BENUA AGRA JAYA', 'KOMP. HOTEL IBIS MANGGADUA BLOK E1 NO 11-12-16-17 JAKARTA', NULL, NULL, '021 6258141', NULL, NULL, NULL, NULL, 'N', 1, NULL, NULL, NULL, 0),
	(25, 'AGT-000024', 'IBU PAHALA ( PELABUHAN PELNI TANJUNG PRIUK)', 'JAKARTA UTARA', NULL, NULL, '', NULL, NULL, NULL, NULL, 'N', 1, NULL, NULL, NULL, 0),
	(26, 'AGT-000025', 'PT EKA SARI LORENA', 'JL.RA. KARTINI NO 16 CILANDAK JAKARTA', NULL, NULL, '021-75910023', NULL, NULL, NULL, NULL, 'N', 1, NULL, NULL, NULL, 0),
	(27, 'AGT-000026', 'DAKOTA EXSPRES CARGO', 'JL.PAHLAWAN REVOLUSI NO.23 PONDOK BAMBU JAKARTA TIMUR/ KOMPLEK RUKO CEMPAKA MAS BLOK C 32 JAKARTA PU', NULL, NULL, '021-8616510', NULL, NULL, NULL, NULL, 'N', 1, NULL, NULL, NULL, 0),
	(28, 'AGT-000027', 'KADIR TUE', 'TARAKAN', NULL, NULL, '', NULL, NULL, NULL, NULL, 'N', 1, NULL, NULL, NULL, 0),
	(29, 'AGT-000028', 'HANDAL CARGO', 'KOMPLEK DUTA HARAPAN INDAH BLOK NN NO 20 JL. KAPUK MUARA JAKARTA UTARA 14460', NULL, NULL, '021-6622678', NULL, NULL, NULL, NULL, 'N', 1, NULL, NULL, NULL, 0),
	(30, 'AGT-000029', 'ANUGRAH JASA EKSPRES (AJEX)', 'KOMP. INDO RUKO JAKARTA BARAT', NULL, NULL, '021-56963689', NULL, NULL, NULL, NULL, 'N', 1, NULL, NULL, NULL, 0),
	(31, 'AGT-000030', 'KARYACHANDRA EXPRESS', 'KOMP.RUKO MARINATAMA BLOK A NO.16 JL.GUNUNG SAHARI NO.2', NULL, NULL, '021-6454601', NULL, NULL, NULL, NULL, 'N', 1, NULL, NULL, NULL, 0),
	(32, 'AGT-000031', 'SAHWAN', 'PALU', NULL, NULL, '0451-4716814', NULL, NULL, NULL, NULL, 'N', 1, NULL, NULL, NULL, 0),
	(33, 'AGT-000032', 'PT.KARYA EMPAT PUTRA', 'SURABAYA', NULL, NULL, '', NULL, NULL, NULL, NULL, 'N', 1, NULL, NULL, NULL, 0),
	(34, 'AGT-000033', 'PT.RIONA CARGO', 'JL. KI HAJAR DEWANTORO NO 1A SULAWESI TENGAH', NULL, NULL, '0451-422006', NULL, NULL, NULL, NULL, 'N', 1, NULL, NULL, NULL, 0),
	(35, 'AGT-000034', 'WAHYU EKSPRES', 'TANAH ABANG JAKARTA', NULL, NULL, '', NULL, NULL, NULL, NULL, 'N', 1, NULL, NULL, NULL, 0),
	(36, 'AGT-000035', 'CV.ASBUDI CARGO EXPRESS', 'BTN MANGGAR BARU RT 25 NO 274', NULL, NULL, '0542-743329', NULL, NULL, NULL, NULL, 'N', 1, NULL, NULL, NULL, 0),
	(37, 'AGT-000036', 'PT.BAYUMAS JAYA MANDIRI', 'KOMPLEK RUKO ENGGANO MEGAH BLOK 7S-7T-7U JL.ENGGANO RAYA TANJUNG PRIOK JAKARTA UTARA', NULL, NULL, '021-43933777', NULL, NULL, NULL, NULL, 'N', 1, NULL, NULL, NULL, 0),
	(38, 'AGT-000037', 'DHARMA BANDAR MANDALA PEKANBARU', 'PEKANBARU', NULL, NULL, '', NULL, NULL, NULL, NULL, 'N', 1, NULL, NULL, NULL, 0),
	(39, 'AGT-000038', 'PT.ARFIN TAMA TRANSINDO', 'KOMPLEK TAMAN SUNTER AGUNG JL.BISMA 18 BLOK C 13A JAKARTA UTARA 14340', NULL, NULL, '021-65832220', NULL, NULL, NULL, NULL, 'N', 1, NULL, NULL, NULL, 0),
	(40, 'AGT-000039', 'PT.MUTIARA TIMUR PERKASA', 'JL.SUKARELA NO 23 E (GEDUNG PANJANG) PENJARINGAN JAKARTA UTARA  NO REK.BCA 8370100005 AN KUSNO', NULL, NULL, '021-6692669,6610448', NULL, NULL, NULL, NULL, 'N', 1, NULL, NULL, NULL, 0),
	(41, 'AGT-000040', 'JASA EKSPRES SEJATI', 'JL.SUMANTRI BROJONEGORO NO 9 SIPIN JAMBI', NULL, NULL, '0741-7076492', NULL, NULL, NULL, NULL, 'N', 1, NULL, NULL, NULL, 0),
	(42, 'AGT-000041', 'PT.DHARMA BANDAR MANDALA  BALIKPAPAN', 'JL.MARSMA ISWAHYUDI NO.43 BALIKPAPAN', NULL, NULL, '0542-764306', NULL, NULL, NULL, NULL, 'N', 1, NULL, NULL, NULL, 0),
	(43, 'AGT-000042', 'DIAN EKSPRESS', 'JL.KH.MAS MANSYUR NO.27 A TANAH ABANG JAKARTA', NULL, NULL, '021-3102302', NULL, NULL, NULL, NULL, 'N', 1, NULL, NULL, NULL, 0),
	(44, 'AGT-000043', 'PT.JASA UTAMA EXPRESS', 'JL.PELITA RAYA LORONG III NO.36 MAKASAR', NULL, NULL, '021-0411-459219', NULL, NULL, NULL, NULL, 'N', 1, NULL, NULL, NULL, 0),
	(45, 'AGT-000044', 'PT.YAPINDO TRANSPORTAMA', 'JL.BEKASI TIMUR IV NO.13 CIPINANG BESAR UTARA JATINEGARA JAKARTA TIMUR 13410', NULL, NULL, '021-8562020', NULL, NULL, NULL, NULL, 'N', 1, NULL, NULL, NULL, 0),
	(46, 'AGT-000045', 'PT.BITAMA', 'JL.BRIG.JEND KATAMSO NO. 23 C', 5, NULL, '061-4513802', NULL, '2022-09-01', '2023-09-01', NULL, 'N', 1, NULL, '2022-09-04 21:14:58', NULL, 0),
	(47, 'AGT-000046', 'PT.PRIMA JASA EKSPRES', 'JL.KACANG PADANG NO. 182 PANGKAL PINANG', NULL, NULL, '0717-424998', NULL, NULL, NULL, NULL, 'N', 1, NULL, NULL, NULL, 0),
	(48, 'AGT-000047', 'PT.DHARMA BANDAR MANDALA SURABAYA', 'PERGUDANGAN AIR PORT JUANDA', NULL, NULL, '031-8675464', NULL, NULL, NULL, NULL, 'N', 1, NULL, NULL, NULL, 0),
	(49, 'AGT-000048', 'PT.PERJASA EXPRESS CARGO', 'JL.ILHAM 3B KOTA BARU PONTIANAK', NULL, NULL, '0561-762287', NULL, NULL, NULL, NULL, 'N', 1, NULL, NULL, NULL, 0),
	(50, 'AGT-000049', 'PT.VIDENS TRUST EXPRESS', 'JL.KALAYAN A NO.1 RT 26 BANJARMASIN', NULL, NULL, '0511-3269192', NULL, NULL, NULL, NULL, 'N', 1, NULL, NULL, NULL, 0),
	(51, 'AGT-000050', 'PT.DHARMA BANDAR MANDALA PADANG', 'AREA CARGO MANDALA MINANGKABAU', NULL, NULL, '0751-819035', NULL, NULL, NULL, NULL, 'N', 1, NULL, NULL, NULL, 0),
	(52, 'AGT-000051', 'CV MUTIARA BUANA SARI', 'TAMAN PALEM LESTARI KOMP.GALAKSI BLOK M 79-80 KAMAL RAYA OUTER RING ROOD CENGKARENG JAKARTA BARAT', NULL, NULL, '021-55959825', NULL, NULL, NULL, NULL, 'N', 1, NULL, NULL, NULL, 0),
	(53, 'AGT-000052', 'CV.PUTRA BANGKA EXPRESS', 'JL. SUKARJO WIRYOPRANOTO SAWAH BESAR NO S 72', NULL, NULL, '021-3447905', NULL, NULL, NULL, NULL, 'N', 1, NULL, NULL, NULL, 0),
	(54, 'AGT-000053', 'DELTA EXSPEDISI', 'JAKARTA', NULL, NULL, '021-65831080', NULL, NULL, NULL, NULL, 'N', 1, NULL, NULL, NULL, 0),
	(55, 'AGT-000054', 'KS. TRADING & FORWARDER /YULLY TRADING', 'JL.P.JAYAKARTA CENTRE D1/7 JAKARTA 10730', NULL, NULL, '021-6258803', NULL, NULL, NULL, NULL, 'N', 1, NULL, NULL, NULL, 0),
	(56, 'AGT-000055', 'RIZAL', 'TERNATE', NULL, NULL, '8124753083', NULL, NULL, NULL, NULL, 'N', 1, NULL, NULL, NULL, 0),
	(57, 'AGT-000056', 'NAINGGOLAN', 'BATAM', NULL, NULL, '81364661237', NULL, NULL, NULL, NULL, 'N', 1, NULL, NULL, NULL, 0),
	(58, 'AGT-000057', 'PT.RESTU ANUGRAH WIBAWA', 'SEMARANG', NULL, NULL, '', NULL, NULL, NULL, NULL, 'N', 1, NULL, NULL, NULL, 0),
	(59, 'AGT-000058', 'PT.CENTRANUSA PASIFIC', 'JL.MANGGA BESAR I NO.61 E JAKARTA PUSAT', NULL, NULL, '021-6591108', NULL, NULL, NULL, NULL, 'N', 1, NULL, NULL, NULL, 0),
	(60, 'AGT-000059', 'PT. UTAMA CARGO', 'JL. TEUKU UMAR I KARAME LINGKUNGAN V MANADO', NULL, NULL, '0431-3374780', NULL, NULL, NULL, NULL, 'N', 1, NULL, NULL, NULL, 0),
	(61, 'AGT-000060', 'PT.SILAS TRANS EXPRESS', 'RUKO CEMPAKA MAS', NULL, NULL, '', NULL, NULL, NULL, NULL, 'N', 1, NULL, NULL, NULL, 0),
	(62, 'AGT-000061', 'PT.TELAGA BIRU', 'JAKARTA', NULL, NULL, '', NULL, NULL, NULL, NULL, 'N', 1, NULL, NULL, NULL, 0),
	(63, 'AGT-000062', 'PT.ALEGRO', 'JAKARTA', NULL, NULL, '', NULL, NULL, NULL, NULL, 'N', 1, NULL, NULL, NULL, 0),
	(64, 'AGT-000063', 'NUSANTARA CARD SEMESTA', 'JL.BRIGJEN KATAMSO NO 7 SLIPI JAKARTA BARAT', NULL, NULL, '2156969777', NULL, NULL, NULL, NULL, 'N', 1, NULL, NULL, NULL, 0),
	(65, 'AGT-000064', 'EMPU SUBUR BAKTI', 'NTT', NULL, NULL, '', NULL, NULL, NULL, NULL, 'N', 1, NULL, NULL, NULL, 0),
	(66, 'AGT-000065', 'KARYA CIPTA BANGKA LANCAR', 'JL BARUNA', NULL, NULL, '', NULL, NULL, NULL, NULL, 'N', 1, NULL, NULL, NULL, 0),
	(67, 'AGT-000066', 'CV MARULI JAYA', 'JL MAHONI IIB PERUM IV JAYAPURA', NULL, NULL, '0967-588254', NULL, NULL, NULL, NULL, 'N', 1, NULL, NULL, NULL, 0),
	(68, 'AGT-000067', 'UTAMA CARGO', '', NULL, NULL, '', NULL, NULL, NULL, NULL, 'N', 1, NULL, NULL, NULL, 0),
	(69, 'AGT-000068', 'MANGINDAR', 'CILEGON', NULL, NULL, '', NULL, NULL, NULL, NULL, 'N', 1, NULL, NULL, NULL, 0),
	(70, 'AGT-000069', 'BEPA IKA PERKASA', '', NULL, NULL, '', NULL, NULL, NULL, NULL, 'N', 1, NULL, NULL, NULL, 0),
	(71, 'AGT-000070', 'TAUFIK', 'PALU', NULL, NULL, '', NULL, NULL, NULL, NULL, 'N', 1, NULL, NULL, NULL, 0),
	(72, 'AGT-000071', 'PANJAITAN BERSAUDARA CARGO', 'JAMIN GINTING MEDAN', NULL, NULL, '061-4568223', NULL, NULL, NULL, NULL, 'N', 1, NULL, NULL, NULL, 0),
	(73, 'AGT-000072', 'ACEH EMBUN PAGI', 'MEDAN', NULL, NULL, '', NULL, NULL, NULL, NULL, 'N', 1, NULL, NULL, NULL, 0),
	(74, 'AGT-000073', 'INTRAS CARGO SEMESTA', '', NULL, NULL, '', NULL, NULL, NULL, NULL, 'N', 1, NULL, NULL, NULL, 0),
	(75, 'AGT-000074', 'MITRA KALINDO SAMUDRA', '', NULL, NULL, '', NULL, NULL, NULL, NULL, 'N', 1, NULL, NULL, NULL, 0),
	(76, 'AGT-000075', 'CV. SINAR SUMATERA', 'JL. K. S TUBUN  JAKARTA PUSAT', NULL, NULL, '', NULL, NULL, NULL, NULL, 'N', 1, NULL, NULL, NULL, 0),
	(77, 'AGT-000076', 'CV. SINAR SUMATERA', 'JL. K.S TUBUN', NULL, NULL, '', NULL, NULL, NULL, NULL, 'N', 1, NULL, NULL, NULL, 0),
	(78, 'AGT-000077', 'PT. CINTA SAUDARA', 'JAKARTA', NULL, NULL, '', NULL, NULL, NULL, NULL, 'N', 1, NULL, NULL, NULL, 0),
	(79, 'AGT-000078', 'PT. BANCA  S E', 'JL. KAMPUNG BALI TN ABANG JAKARTA PUSAT', NULL, NULL, '021-68886392', NULL, NULL, NULL, NULL, 'N', 1, NULL, NULL, NULL, 0),
	(80, 'AGT-000079', 'PT. MITRA SEJATI', 'JL. KAPUK MUARA  ( TELUK GONG ) JAK- PUS', NULL, NULL, '68390067', NULL, NULL, NULL, NULL, 'N', 1, NULL, NULL, NULL, 0),
	(81, 'AGT-000080', 'SUBUR PELNI', 'PELABUHAN TANJUNG PRIOK JAKARTA', NULL, NULL, '81586541154', NULL, NULL, NULL, NULL, 'N', 1, NULL, NULL, NULL, 0),
	(82, 'AGT-000081', 'PT. PUNCAK BUKIT TORSINA', 'JL. SWASEMBADA BARAT XXV NO. 61', NULL, NULL, '21.43931506', NULL, NULL, NULL, NULL, 'N', 1, NULL, NULL, NULL, 0),
	(83, 'AGT-000082', 'MUSTIKA DERI', '', NULL, NULL, '', NULL, NULL, NULL, NULL, 'N', 1, NULL, NULL, NULL, 0),
	(84, 'AGT-000083', 'CV. SUMBER KEMBANG TRANSPORT BALIKPAPAN', 'BALIKPAPAN', NULL, NULL, '', NULL, NULL, NULL, NULL, 'N', 1, NULL, NULL, NULL, 0),
	(85, 'AGT-000084', 'TRANSTAMA LOGISTIC EXPRESS', 'JAKARTA', NULL, NULL, '', NULL, NULL, NULL, NULL, 'N', 1, NULL, NULL, NULL, 0),
	(86, 'AGT-000085', 'CV. SUMBER KEMBANG TRANSPORT BANJARMASIN', 'BANJARMASIN', NULL, NULL, '', NULL, NULL, NULL, NULL, 'N', 1, NULL, NULL, NULL, 0),
	(87, 'AGT-000086', 'CV. JASA IBU', 'JAKARTA', NULL, NULL, '', NULL, NULL, NULL, NULL, 'N', 1, NULL, NULL, NULL, 0),
	(88, 'AGT-000087', 'PT.PELAYARAN', 'JL BARUNA 1', NULL, NULL, '', NULL, NULL, NULL, NULL, 'N', 1, NULL, NULL, NULL, 0),
	(89, 'AGT-000088', 'AGATHA TRANS CARGO', 'JL HUSEIN SASTRA NEGARA KOMP RUKO DUTA GARDEN B E30 TANGERANG', NULL, NULL, '021-54370080', NULL, NULL, NULL, NULL, 'N', 1, NULL, NULL, NULL, 0),
	(90, 'AGT-000089', 'EKASARI LORENA', 'JL RA KARTINI NO 16 CILANDAK', NULL, NULL, '021-75910023', NULL, NULL, NULL, NULL, 'N', 1, NULL, NULL, NULL, 0),
	(91, 'AGT-000090', 'KHARISMA SAMUDRA LINTASINDO', '', NULL, NULL, '', NULL, NULL, NULL, NULL, 'N', 1, NULL, NULL, NULL, 0),
	(92, 'AGT-000091', 'RIZAL', '', NULL, NULL, '', NULL, NULL, NULL, NULL, 'N', 1, NULL, NULL, NULL, 0),
	(93, 'AGT-000092', 'MANINDO EXPRESS', 'DENPASAR', NULL, NULL, '', NULL, NULL, NULL, NULL, 'N', 1, NULL, NULL, NULL, 0),
	(94, 'AGT-000093', 'PT. AGATHA TRANS CARGO', 'JL. HUSEIN SASTRA NEGARA KOMP. DUTA GARDEN BLK E 30 TANGERANG', NULL, NULL, '54370080', NULL, NULL, NULL, NULL, 'N', 1, NULL, NULL, NULL, 0),
	(95, 'AGT-000094', 'PT. SUKSES GIAT BERSAMA', 'JAKARTA', NULL, NULL, '', NULL, NULL, NULL, NULL, 'N', 1, NULL, NULL, NULL, 0),
	(96, 'AGT-000095', 'CV. SUMBER KEMBANG TRANSPORT SAMARINDA', 'SAMARINDA', NULL, NULL, '', NULL, NULL, NULL, NULL, 'N', 1, NULL, NULL, NULL, 0),
	(97, 'AGT-000096', 'PT. CIPTA KARYA LINTAS SAMUDRA', 'JAKARTA', NULL, NULL, '021-42885033', NULL, NULL, NULL, NULL, 'N', 1, NULL, NULL, NULL, 0),
	(98, 'AGT-000097', 'PT. RAZI MUHARA SEJAHTERA', 'JL. KH. MAS MANSYUR NO. 38 JAKARTA PUSAT', NULL, NULL, '3925114', NULL, NULL, NULL, NULL, 'N', 1, NULL, NULL, NULL, 0),
	(99, 'AGT-000098', 'PT.TRIER MANDIRI CARGO', 'JAKARTA', NULL, NULL, '', NULL, NULL, NULL, NULL, 'N', 1, NULL, NULL, NULL, 0),
	(100, 'AGT-000099', 'PT. TALITA KUM', 'JL.WARAKAS I NO.62B JAKARTA UTARA', NULL, NULL, '214306643', NULL, NULL, NULL, NULL, 'N', 1, NULL, NULL, NULL, 0),
	(101, 'AGT-000100', 'ASIA EKSPRESS CARGO', '', NULL, NULL, '', NULL, NULL, NULL, NULL, 'N', 1, NULL, NULL, NULL, 0),
	(102, 'AGT-000101', 'KIM BUANA EKSPRESS', '', NULL, NULL, '', NULL, NULL, NULL, NULL, 'N', 1, NULL, NULL, NULL, 0),
	(103, 'AGT-000102', 'SAMPAI EKSPRES', 'JAKARTA', NULL, NULL, '', NULL, NULL, NULL, NULL, 'N', 1, NULL, NULL, NULL, 0),
	(104, 'AGT-000103', 'PT. MITRA SUKSES CARGO', 'JAKARTA', NULL, NULL, '021-56980131', NULL, NULL, NULL, NULL, 'N', 1, NULL, NULL, NULL, 0),
	(105, 'AGT-000104', 'PT. CATUR TUNGGAL PERKASA', '', NULL, NULL, '', NULL, NULL, NULL, NULL, 'N', 1, NULL, NULL, NULL, 0),
	(106, 'AGT-000105', 'PT. GLOBALINDO EXPRESS', 'KOMP.RUKO GRAHA MAS PEMUDA BLOK.AA', NULL, NULL, '021-4711256', NULL, NULL, NULL, NULL, 'N', 1, NULL, NULL, NULL, 0),
	(107, 'AGT-000106', 'PT. TRANSTAMA LOGISTIK', '', NULL, NULL, '', NULL, NULL, NULL, NULL, 'N', 1, NULL, NULL, NULL, 0),
	(108, 'AGT-000107', 'ANUGERAH SURYA PERDANA', 'MANADO', NULL, NULL, '', NULL, NULL, NULL, NULL, 'N', 1, NULL, NULL, NULL, 0),
	(109, 'AGT-000108', 'PT. PUTRA WASISI MANDIRI', '', NULL, NULL, '', NULL, NULL, NULL, NULL, 'N', 1, NULL, NULL, NULL, 0),
	(110, 'AGT-000109', 'MALUKU EXPRESS', '', NULL, NULL, '', NULL, NULL, NULL, NULL, 'N', 1, NULL, NULL, NULL, 0),
	(111, 'AGT-000110', 'CV. BINTANG DELTA EKSPRESS', 'JL. KAPUK MUARA. KOMP DUTA HARAPAN INDAH BLOK MM NO 12', NULL, NULL, '6682694', NULL, NULL, NULL, NULL, 'N', 1, NULL, NULL, NULL, 0),
	(112, 'AGT-000111', 'BB CARGO', 'JAKARTA', NULL, NULL, '', NULL, NULL, NULL, NULL, 'N', 1, NULL, NULL, NULL, 0),
	(113, 'AGT-000112', 'PRIORITY CARGO PACKAGE SOLO', 'SOLO', NULL, NULL, '', NULL, NULL, NULL, NULL, 'N', 1, NULL, NULL, NULL, 0),
	(114, 'AGT-000113', 'BILINDO CARGO', 'JAKARTA', NULL, NULL, '021 46581118', NULL, NULL, NULL, NULL, 'N', 1, NULL, NULL, NULL, 0),
	(115, 'AGT-000114', 'CV. BINA JAYA MANDIRI', 'JL. PETAMBURAN III NO. 75B', NULL, NULL, '', NULL, NULL, NULL, NULL, 'N', 1, NULL, NULL, NULL, 0),
	(116, 'AGT-000115', 'CV. RATU BERLIAN EXPRESS', 'TAMAN PALEM LESATRI, RUKO FANTASI, BLOK Z NO. 9', NULL, NULL, '55960.331', NULL, NULL, NULL, NULL, 'N', 1, NULL, NULL, NULL, 0),
	(117, 'AGT-000116', 'CV. LIS JAYA PUTRI', 'JL. CIDENG BARAT NO. 103 JAKARTA PUSAT', NULL, NULL, '021-3847332', NULL, NULL, NULL, NULL, 'N', 1, NULL, NULL, NULL, 0),
	(118, 'AGT-000117', 'PT. SAMUDRA DUTA BUANA', 'RUKO MEGA GROSIR CEMPAKA MAS BLOK D-1 NO. 18 JAKARTA', NULL, NULL, '72900.668', NULL, NULL, NULL, NULL, 'N', 1, NULL, NULL, NULL, 0),
	(119, 'AGT-000118', 'CV. NUR RAHMAT EXPRESS', 'JAKARTA', NULL, NULL, '', NULL, NULL, NULL, NULL, 'N', 1, NULL, NULL, NULL, 0),
	(120, 'AGT-000119', 'KARYA AGUNG PERKASA', 'JL. BARUNA III NO. 12 PEL SUNDA KELAPA JAKARTA UTARA', NULL, NULL, '690.1053', NULL, NULL, NULL, NULL, 'N', 1, NULL, NULL, NULL, 0),
	(121, 'AGT-000120', 'PT MITRA JAYA PERSADA', 'JAKARTA', NULL, NULL, '', NULL, NULL, NULL, NULL, 'N', 1, NULL, NULL, NULL, 0),
	(122, 'AGT-000121', 'INDAH CARGO', 'JL. TB. SIMATUPANG NO. 7A, PASAR REBO - JAKARTA TIMUR', NULL, NULL, '', NULL, NULL, NULL, NULL, 'N', 1, NULL, NULL, NULL, 0),
	(123, 'AGT-000122', 'BP. SUHARI TRUCKING', 'JAKARTA', NULL, NULL, '', NULL, NULL, NULL, NULL, 'N', 1, NULL, NULL, NULL, 0),
	(124, 'AGT-000123', 'KARYATI EKSPEDISI', 'JL. MUSI NO. 30, CIDENG, JAKARTA PUSAT', NULL, NULL, '021.384.8701', NULL, NULL, NULL, NULL, 'N', 1, NULL, NULL, NULL, 0),
	(125, 'AGT-000124', 'MOPAH HARAPAN MAJU', 'JAYAPURA', NULL, NULL, '', NULL, NULL, NULL, NULL, 'N', 1, NULL, NULL, NULL, 0),
	(126, 'AGT-000125', 'HALIM TRANS CARGO', 'HALIM', NULL, NULL, '', NULL, NULL, NULL, NULL, 'N', 1, NULL, NULL, NULL, 0),
	(127, 'AGT-000126', 'PT. CAHYONO VICTOR 555 EXPRESS', 'JL. TRANS KALIMANTAN KOMPLEK PERSADA RAYA III NO 5 RT 24. KALIMANTAN SELATAN', NULL, NULL, '0511.4311.826', NULL, NULL, NULL, NULL, 'N', 1, NULL, NULL, NULL, 0),
	(128, 'AGT-000127', 'MYLINHA', '', NULL, NULL, '', NULL, NULL, NULL, NULL, 'N', 1, NULL, NULL, NULL, 0),
	(129, 'AGT-000128', 'RIAU JASA ANTARA SEJAHTERA', 'JAKARTA', NULL, NULL, '', NULL, NULL, NULL, NULL, 'N', 1, NULL, NULL, NULL, 0),
	(130, 'AGT-000129', 'PITMAS', 'JAKARTA', NULL, NULL, '', NULL, NULL, NULL, NULL, 'N', 1, NULL, NULL, NULL, 0),
	(131, 'AGT-000130', 'PT. UNITRANS MEGA SARANA', 'JLN. SULTAN ADAM NO.21 RT.22 SAMPING KOMPLEK MAWADDAH BANJARMASIN', NULL, NULL, '0511-3305803', NULL, NULL, NULL, NULL, 'N', 1, NULL, NULL, NULL, 0),
	(132, 'AGT-000131', 'PT. CENTRALINDO PAPUA EXPRESS', 'JL. AHMAD YANI 5 D', NULL, NULL, '0901-322614', NULL, NULL, NULL, NULL, 'N', 1, NULL, NULL, NULL, 0),
	(133, 'AGT-000132', 'PT. DYTA EXPRESS', 'JL. BUNGA KEMUNING NO. 17 A', NULL, NULL, '0401-3002712', NULL, NULL, NULL, NULL, 'N', 1, NULL, NULL, NULL, 0),
	(134, 'AGT-000133', 'GENTAYU', 'SORONG', NULL, NULL, '', NULL, NULL, NULL, NULL, 'N', 1, NULL, NULL, NULL, 0),
	(135, 'AGT-000134', 'SETYA MANDIRI', 'SORONG', NULL, NULL, '', NULL, NULL, NULL, NULL, 'N', 1, NULL, NULL, NULL, 0),
	(136, 'AGT-000135', 'NAROWI ABM', '', NULL, NULL, '', NULL, NULL, NULL, NULL, 'N', 1, NULL, NULL, NULL, 0),
	(137, 'AGT-000136', 'PT. EXSYS', 'GORONTALO', NULL, NULL, '0435-825594', NULL, NULL, NULL, NULL, 'N', 1, NULL, NULL, NULL, 0),
	(138, 'AGT-000137', 'PT. PACIFIC METRO INTERNATIONAL', 'JL. GUNUNG SAHARI RAYA NO.1, RUKO MANGGA 2 SQUARE, BLOK E NO.29, JAK-UT', NULL, NULL, '021-62318708', NULL, NULL, NULL, NULL, 'N', 1, NULL, NULL, NULL, 0),
	(139, 'AGT-000138', 'PT. ANUGRAH CARGO', 'PERUM MAPANGET GRIYA INDAH 1, BLOK C NO.27-MANADO', NULL, NULL, '81340507789', NULL, NULL, NULL, NULL, 'N', 1, NULL, NULL, NULL, 0),
	(140, 'AGT-000139', 'PT. ASIA INTER LOGISTIC', 'JL. KREKOT JAYA, BLOK S NO.7C, JAKPUS', NULL, NULL, '021-34832022', NULL, NULL, NULL, NULL, 'N', 1, NULL, NULL, NULL, 0),
	(141, 'AGT-000140', 'BEST CARGO', 'JAKARTA', NULL, NULL, '', NULL, NULL, NULL, NULL, 'N', 1, NULL, NULL, NULL, 0),
	(142, 'AGT-000141', 'RAZI MUHARA SEJAHTERA', 'JKT', NULL, NULL, '', NULL, NULL, NULL, NULL, 'N', 1, NULL, NULL, NULL, 0),
	(143, 'AGT-000142', 'MANDIRI CARGO', '', NULL, NULL, '', NULL, NULL, NULL, NULL, 'N', 1, NULL, NULL, NULL, 0),
	(144, 'AGT-000143', 'ANUGERAH SURYA PERDANA', 'MANADO', NULL, NULL, '', NULL, NULL, NULL, NULL, 'N', 1, NULL, NULL, NULL, 0),
	(145, 'AGT-000144', 'PT. RESTU ANUGRAH WIBAWA SURABAYA', '', NULL, NULL, '031.503.2935', NULL, NULL, NULL, NULL, 'N', 1, NULL, NULL, NULL, 0),
	(146, 'AGT-000145', 'PT AMANAT KILAT RAHARJA', 'JL. MERAWAN X RT. 24/07 NO. 28 SAWAH LEBAR BENGKULU', NULL, NULL, '0736-347288', NULL, NULL, NULL, NULL, 'N', 1, NULL, NULL, NULL, 0),
	(147, 'AGT-000146', 'PT. TAMARISKA TANGGUH MEKAR ABADI', 'RUKO TAMAN RATU INDAH D9/30, JAKBAR; WAREHOUSE: KAMPUNG BANDAN NO I KOMPLEK PJKA PINTU 28 JAKUT', NULL, NULL, '81283743520', NULL, NULL, NULL, NULL, 'N', 1, NULL, NULL, NULL, 0),
	(148, 'AGT-000147', 'PT. HENGKY CARGO', 'JL. SUHARTO NO. 112 / 135 KUPANG', NULL, NULL, '0380-827374', NULL, NULL, NULL, NULL, 'N', 1, NULL, NULL, NULL, 0),
	(149, 'AGT-000148', 'TIKI', '', NULL, NULL, '', NULL, NULL, NULL, NULL, 'N', 1, NULL, NULL, NULL, 0),
	(150, 'AGT-000149', 'PT. TUNAS ANTARNUSA MUDA', 'JL. RAYA LENTENG AGUNG NO. 7 JAKARTA SELATAN', NULL, NULL, '021-78845788', NULL, NULL, NULL, NULL, 'N', 1, NULL, NULL, NULL, 0),
	(151, 'AGT-000150', 'THOMAS EXPRESS', 'KENDARI', NULL, NULL, '', NULL, NULL, NULL, NULL, 'N', 1, NULL, NULL, NULL, 0),
	(152, 'AGT-000151', 'PT XSYS', 'JL DARMO KALI 19A SURABAYA', NULL, NULL, '031-5624010', NULL, NULL, NULL, NULL, 'N', 1, NULL, NULL, NULL, 0),
	(153, 'AGT-000152', 'PT MEX CARGO TRANSPORTATION', 'RAWA INDAH NO 2 SORONG', NULL, NULL, '0951-325822', NULL, NULL, NULL, NULL, 'N', 1, NULL, NULL, NULL, 0),
	(154, 'AGT-000153', 'GAMASI PRIMA', 'AMBON', NULL, NULL, '', NULL, NULL, NULL, NULL, 'N', 1, NULL, NULL, NULL, 0),
	(155, 'AGT-000154', 'EXYS SURABAYA', 'SURABAYA', NULL, NULL, '', NULL, NULL, NULL, NULL, 'N', 1, NULL, NULL, NULL, 0),
	(156, 'AGT-000155', 'WAN CARGO', '', NULL, NULL, '', NULL, NULL, NULL, NULL, 'N', 1, NULL, NULL, NULL, 0),
	(157, 'AGT-000156', 'KIE EXPRESS', '', NULL, NULL, '', NULL, NULL, NULL, NULL, 'N', 1, NULL, NULL, NULL, 0),
	(158, 'AGT-000157', 'HUTAMA LOGISTIC', '', NULL, NULL, '', NULL, NULL, NULL, NULL, 'N', 1, NULL, NULL, NULL, 0),
	(159, 'AGT-000158', 'SINEX', 'MEDAN', NULL, NULL, '', NULL, NULL, NULL, NULL, 'N', 1, NULL, NULL, NULL, 0),
	(160, 'AGT-000159', 'CANDY EXPRESS CARGO', 'JL MULAWARMAN RT 23 NO 18 KEL SEPINGGAN BALIKPAPAN', NULL, NULL, '0542-746035', NULL, NULL, NULL, NULL, 'N', 1, NULL, NULL, NULL, 0),
	(161, 'AGT-000160', 'PT. CANDY XPRESS CARGO', 'JL. MULAWARMAN RT.23 NO. 18 KEL. SEPINGGAN BALIKPAPAN', NULL, NULL, '542746035', NULL, NULL, NULL, NULL, 'N', 1, NULL, NULL, NULL, 0),
	(162, 'AGT-000161', 'KARUNIA LOGISTIC MANDIRI', '', NULL, NULL, '', NULL, NULL, NULL, NULL, 'N', 1, NULL, NULL, NULL, 0),
	(163, 'AGT-000162', 'PT. NAFASTINDO TRANS LOGISTIK', 'JAKARTA SELATAN', NULL, NULL, '', NULL, NULL, NULL, NULL, 'N', 1, NULL, NULL, NULL, 0),
	(164, 'AGT-000163', 'BINATAMA SENTRAL FAJAR PADANG', 'PADANG', NULL, NULL, '', NULL, NULL, NULL, NULL, 'N', 1, NULL, NULL, NULL, 0),
	(165, 'AGT-000164', 'BARAKA SARANA TAMA', 'JAKARTA', NULL, NULL, '', NULL, NULL, NULL, NULL, 'N', 1, NULL, NULL, NULL, 0),
	(166, 'AGT-000165', 'HUMALA GIAT MANDIRI', 'JL. BARU CIPENDAWA NO. 185 RT. 006/04 BOJONG MENTENG RAWA LUMBU BEKASI', NULL, NULL, '021-33614336', NULL, NULL, NULL, NULL, 'N', 1, NULL, NULL, NULL, 0),
	(167, 'AGT-000166', 'KHARISMA ABADI', 'KOMP. PGRI BLOK V NO 04 RT. 072 KEL. GUNUNG KEC. BALIKPAPAN SELATAN', NULL, NULL, '0542-8879028', NULL, NULL, NULL, NULL, 'N', 1, NULL, NULL, NULL, 0),
	(168, 'AGT-000167', 'PUTRA RAFLESIA', 'JAKARTA', NULL, NULL, '', NULL, NULL, NULL, NULL, 'N', 1, NULL, NULL, NULL, 0),
	(169, 'AGT-000168', 'PT. MUDAKARYA CIPTAJAYA PUTRA', 'JAKARTA', NULL, NULL, '', NULL, NULL, NULL, NULL, 'N', 1, NULL, NULL, NULL, 0),
	(170, 'AGT-000169', 'TIMURNUSA UTARASATYA', 'JL.LET. JEND SUPRAPTO NO. 557 CEMPAKA PUTIH', NULL, NULL, '021-4249664', NULL, NULL, NULL, NULL, 'N', 1, NULL, NULL, NULL, 0),
	(171, 'AGT-000170', 'PT MIGUEL JAYA ANTARAN', 'JL. NN. SAAR SOPACUA NO.34 AMBON', NULL, NULL, '0911-355770', NULL, NULL, NULL, NULL, 'N', 1, NULL, NULL, NULL, 0),
	(172, 'AGT-000171', 'PT. MANDIRI JAYA SARANA', 'JAKARTA', NULL, NULL, '', NULL, NULL, NULL, NULL, 'N', 1, NULL, NULL, NULL, 0),
	(173, 'AGT-000172', 'PT. HANQIA LINTAS SARANA', 'JL. RAWA BULAK 2 KAWASAN INDUSTRI PULOGADUNG - JAKARTA TIMUR', NULL, NULL, '021-4603245', NULL, NULL, NULL, NULL, 'N', 1, NULL, NULL, NULL, 0),
	(174, 'AGT-000173', 'DAMRI', 'JL. TJILIK RIWUT KM 7 PALANGKARAYA 73112', NULL, NULL, '5363231228', NULL, NULL, NULL, NULL, 'N', 1, NULL, NULL, NULL, 0),
	(175, 'AGT-000174', 'CV. CITRA PRIMA KARYA', '', NULL, NULL, '', NULL, NULL, NULL, NULL, 'N', 1, NULL, NULL, NULL, 0),
	(176, 'AGT-000175', 'MUNA ARTHA SEJAHTERA', '', NULL, NULL, '', NULL, NULL, NULL, NULL, 'N', 1, NULL, NULL, NULL, 0),
	(177, 'AGT-000176', 'PT. JILI CITRA CEMERLANG', 'JL. AGUNG RAYA TIMUR NO. 12 LENTENG AGUNG JAGAKARSA - JAKARTA SELATA', NULL, NULL, '021-29436413', NULL, NULL, NULL, NULL, 'N', 1, NULL, NULL, NULL, 0),
	(178, 'AGT-000177', 'CV. SRI JAYA', '', NULL, NULL, '', NULL, NULL, NULL, NULL, 'N', 1, NULL, NULL, NULL, 0),
	(179, 'AGT-000178', 'PT. AEROJASA CARGO (AERO EXPRESS)', '', NULL, NULL, '', NULL, NULL, NULL, NULL, 'N', 1, NULL, NULL, NULL, 0),
	(180, 'AGT-000179', 'MANDA EXPRESS', 'SURABAYA', NULL, NULL, '', NULL, NULL, NULL, NULL, 'N', 1, NULL, NULL, NULL, 0),
	(181, 'AGT-000180', 'BINTANG JAYA', 'PERGUDANGAN BISNIS PLUIT BLOK N NO. 8', NULL, NULL, '', NULL, NULL, NULL, NULL, 'N', 1, NULL, NULL, NULL, 0),
	(182, 'AGT-000181', 'MANDIRI JAYA SETYA', 'JL. PANGERAN JAYAKARTA KOMPLEK 14 NO 20 JAKARTA PUSAT', NULL, NULL, '(021) 22682056', NULL, NULL, NULL, NULL, 'N', 1, NULL, NULL, NULL, 0),
	(183, 'AGT-000182', 'BINTANG JAYA', 'JL. KAPUK KAMAL RAYA KAYU BESAR JAKARTA-UTARA', NULL, NULL, '81932255588', NULL, NULL, NULL, NULL, 'N', 1, NULL, NULL, NULL, 0),
	(184, 'AGT-000183', 'CV. FALCO ABADI TRANS', '', NULL, NULL, '', NULL, NULL, NULL, NULL, 'N', 1, NULL, NULL, NULL, 0),
	(185, 'AGT-000184', 'GED LOGISTICS', '', NULL, NULL, '', NULL, NULL, NULL, NULL, 'N', 1, NULL, NULL, NULL, 0),
	(186, 'AGT-000185', 'CITRA GEMILANG MAHADAYA', '', NULL, NULL, '', NULL, NULL, NULL, NULL, 'N', 1, NULL, NULL, NULL, 0),
	(187, 'AGT-000186', 'JUNARI CAK', '', NULL, NULL, '', NULL, NULL, NULL, NULL, 'N', 1, NULL, NULL, NULL, 0),
	(188, 'AGT-000187', 'CV. LINTAS KHATULISTIWA CARGO', 'JL. MALAKA BARU RAYA 1 KOMP. RUKO KARTKA BLOK F BINTARA - BEKASI BARAT', NULL, NULL, '021-22089891', NULL, NULL, NULL, NULL, 'N', 1, NULL, NULL, NULL, 0),
	(189, 'AGT-000188', 'SINAR ABADI EXPRESS', 'RUKO PERSONA PERMATA GADING', NULL, NULL, '', NULL, NULL, NULL, NULL, 'N', 1, NULL, NULL, NULL, 0),
	(190, 'AGT-000189', 'PT.MANTARENA INDONESIA', '', NULL, NULL, '', NULL, NULL, NULL, NULL, 'N', 1, NULL, NULL, NULL, 0),
	(191, 'AGT-000190', 'PRATAMA LOGISTICS', 'JL. WR SUPRATMAN NO. 112, KEC.RANATAU PRAPAT. KAB. LABUHAN BATU', NULL, NULL, '', NULL, NULL, NULL, NULL, 'N', 1, NULL, NULL, NULL, 0),
	(192, 'AGT-000191', 'DIVA EXPRESS', 'JL. DIPONEGORO NO. 7 TEBING TINGGI', NULL, NULL, '', NULL, NULL, NULL, NULL, 'N', 1, NULL, NULL, NULL, 0),
	(193, 'AGT-000192', 'MITRA ANDALAN LOGISTICS', 'JL. CIPTO MANGUNKUSUMO GG. H. MENCONG V NO.20 RT.003 RW.01 SUDIMARA TIMUR,', NULL, NULL, '', NULL, NULL, NULL, NULL, 'N', 1, NULL, NULL, NULL, 0),
	(194, 'AGT-000193', 'PT. TRIMANUNGGAL KENCANA SUKSES', '', NULL, NULL, '', NULL, NULL, NULL, NULL, 'N', 1, NULL, NULL, NULL, 0),
	(195, 'AGT-000194', 'OZI', '', NULL, NULL, '', NULL, NULL, NULL, NULL, 'N', 1, NULL, NULL, NULL, 0),
	(196, 'AGT-000195', 'PT.MANTERNA INDONESIA', 'JL.RAYA TANAH BARU NO 74 TANAH BARU,BEJI,DEPOK', NULL, NULL, '', NULL, NULL, NULL, NULL, 'N', 1, NULL, NULL, NULL, 0),
	(197, 'AGT-000196', 'M2M TRUCKING', '', NULL, NULL, '', NULL, NULL, NULL, NULL, 'N', 1, NULL, NULL, NULL, 0),
	(198, 'AGT-000197', 'CV TRANS JASA BARU EKSPRESS', '', NULL, NULL, '', NULL, NULL, NULL, NULL, 'N', 1, NULL, NULL, NULL, 0),
	(199, 'AGT-000198', 'TRANS JASA BARU EKSPRESS', 'JL.P.JAYAKRTA KOMPLEK 46 BLOK E NO.3 JAKARTA', NULL, NULL, '', NULL, NULL, NULL, NULL, 'N', 1, NULL, NULL, NULL, 0),
	(200, 'AGT-000199', 'PT ALIF MEDAN', 'JL PANGLIMA DENAI NO 73 MEDAN', NULL, NULL, '81260099980', NULL, NULL, NULL, NULL, 'N', 1, NULL, NULL, NULL, 0),
	(201, 'AGT-000200', 'CV.WILDAN TRANS MANDIRI', 'JL.MALAKA BARU RAYA NO 108 PONDOK KOPI JAKARTA', NULL, NULL, '81326340489', NULL, NULL, NULL, NULL, 'N', 1, NULL, NULL, NULL, 0),
	(202, 'AGT-000201', 'PT PRATAMA LOGISTIK BATAM', 'KOMPLEK PERUMAHAN TIBAN AYU BLOK M3 NOMOR 32', NULL, NULL, '82167045306', NULL, NULL, NULL, NULL, 'N', 1, NULL, NULL, NULL, 0),
	(203, 'AGT-000202', 'PT RAJASA DINAMIKA EKSPRESS', '', NULL, NULL, '', NULL, NULL, NULL, NULL, 'N', 1, NULL, NULL, NULL, 0),
	(204, 'AGT-000203', 'RAJASA DINAMIKA EKSPRESS', '', NULL, NULL, '', NULL, NULL, NULL, NULL, 'N', 1, NULL, NULL, NULL, 0),
	(205, 'AGT-000204', 'PT ALIF ARRAHMAN BERKAH UTAMA', 'PALEMBANG', NULL, NULL, '', NULL, NULL, NULL, NULL, 'N', 1, NULL, NULL, NULL, 0),
	(206, 'AGT-000205', 'PT PUTRA WASIS MANDIRI', 'JL GANGGENG NO 15-B TANJUNG PRIOK', NULL, NULL, '2143924478', NULL, NULL, NULL, NULL, 'N', 1, NULL, NULL, NULL, 0),
	(207, 'AGT-000206', 'BAMBANG', 'SEMARANG', NULL, NULL, '', NULL, NULL, NULL, NULL, 'N', 1, NULL, NULL, NULL, 0),
	(208, 'AGT-000207', 'RAHMAT FADILLAH', '', NULL, NULL, '', NULL, NULL, NULL, NULL, 'N', 1, NULL, NULL, NULL, 0),
	(209, 'AGT-000208', 'SEKAI', '', NULL, NULL, '', NULL, NULL, NULL, NULL, 'N', 1, NULL, NULL, NULL, 0),
	(210, 'AGT-000209', 'MANDIRI JAYA SETYA', 'JAKARTA PUSAT', NULL, NULL, '', NULL, NULL, NULL, NULL, 'N', 1, NULL, NULL, NULL, 0),
	(211, 'AGT-000210', 'PT MITRA EFEKTIF DAMAI LESTARI', 'JL MASJID ATTAQWA JATIRANGGA BEKASI', NULL, NULL, '', NULL, NULL, NULL, NULL, 'N', 1, NULL, NULL, NULL, 0),
	(212, 'AGT-000211', 'BERKAT LOGISTIC', '', NULL, NULL, '', NULL, NULL, NULL, NULL, 'N', 1, NULL, NULL, NULL, 0),
	(213, 'AGT-000212', 'PT WONG INDONESIA DELIVERI', 'JL GAS ALAM NO 56 CIMANGGIS DEPOK', NULL, NULL, '021 22920550', NULL, NULL, NULL, NULL, 'N', 1, NULL, NULL, NULL, 0),
	(214, 'AGT-000213', 'PT ELEMEN PROPANCA SELARAS', 'JL TB SIMATUPANG KAV 17 PASAR REBO JAKARTA TIMUR 13750', NULL, NULL, '87886702772', NULL, NULL, NULL, NULL, 'N', 1, NULL, NULL, NULL, 0),
	(215, 'AGT-000214', 'AHMAD MUKAROM', 'LAMPUNG', NULL, NULL, '', NULL, NULL, NULL, NULL, 'N', 1, NULL, NULL, NULL, 0),
	(216, 'AGT-000215', 'ALIJASIN LOGISTIK INDONESIA', 'PEKANBARU', NULL, NULL, '', NULL, NULL, NULL, NULL, 'N', 1, NULL, NULL, NULL, 0),
	(217, 'AGT-000216', 'UTAMA CARGO', 'KOMP PURI KELAPA GADING', NULL, NULL, '', NULL, NULL, NULL, NULL, 'N', 1, NULL, NULL, NULL, 0),
	(218, 'AGT-000217', 'VENI VIDI VICI', 'KOMP TAMAN PALEM LESTARI RUKO GALAXY BLOK P NO 28 CENGKARENG JAWA BARAT', NULL, NULL, '2122559044', NULL, NULL, NULL, NULL, 'N', 1, NULL, NULL, NULL, 0),
	(219, 'AGT-000218', 'AUTO LOGISTIK', '', NULL, NULL, '', NULL, NULL, NULL, NULL, 'N', 1, NULL, NULL, NULL, 0),
	(220, 'AGT-000219', 'PT JAKARTA ENERGI LOGISTIK', 'JL KP BANDAN RAYA NO.1 ( SEBRANG SPBU DEPO BKE)', NULL, NULL, '82112345065', NULL, NULL, NULL, NULL, 'N', 1, NULL, NULL, NULL, 0),
	(221, 'AGT-000220', 'PT.SATRIA ARTHA MANDIRI', 'KOMP.PGRI BLOK V NO.4 BALIKPAPAN', NULL, NULL, '5428879028', NULL, NULL, NULL, NULL, 'N', 1, NULL, NULL, NULL, 0);
/*!40000 ALTER TABLE `agents` ENABLE KEYS */;


-- Dumping structure for table lke.agent_cities
CREATE TABLE IF NOT EXISTS `agent_cities` (
  `id` bigint(20) NOT NULL AUTO_INCREMENT,
  `agent_id` bigint(20) NOT NULL,
  `city_id` bigint(20) NOT NULL,
  `user_id` bigint(20) NOT NULL,
  `created_at` timestamp NULL DEFAULT NULL,
  `updated_at` timestamp NULL DEFAULT NULL,
  `deleted_at` datetime DEFAULT NULL,
  `deleted_by` bigint(10) unsigned DEFAULT NULL,
  PRIMARY KEY (`id`)
) ENGINE=InnoDB AUTO_INCREMENT=12 DEFAULT CHARSET=utf8mb4;

-- Dumping data for table lke.agent_cities: ~10 rows (approximately)
/*!40000 ALTER TABLE `agent_cities` DISABLE KEYS */;
INSERT INTO `agent_cities` (`id`, `agent_id`, `city_id`, `user_id`, `created_at`, `updated_at`, `deleted_at`, `deleted_by`) VALUES
	(1, 2, 3, 1, '2022-09-28 14:53:50', '2022-09-28 14:53:50', NULL, NULL),
	(2, 2, 6, 1, '2022-09-28 14:55:50', '2022-09-28 14:55:58', '2022-09-28 14:55:58', NULL),
	(4, 2, 1, 1, '2022-09-28 19:52:39', '2022-09-28 19:52:39', NULL, NULL),
	(5, 2, 5, 1, '2022-09-28 19:52:46', '2022-09-28 19:52:53', '2022-09-28 19:52:53', NULL),
	(6, 2, 4, 1, '2022-09-28 20:18:46', '2022-09-28 20:18:46', NULL, NULL),
	(7, 3, 4, 1, '2022-09-28 20:20:14', '2022-09-28 20:20:14', NULL, NULL),
	(8, 5, 50, 1, '2022-09-29 08:32:13', '2022-09-29 08:32:13', NULL, NULL),
	(9, 5, 168, 1, '2022-09-29 08:32:22', '2022-09-29 08:32:22', NULL, NULL),
	(10, 6, 148, 1, '2022-09-29 09:17:21', '2022-09-29 09:17:21', NULL, NULL),
	(11, 6, 168, 1, '2022-09-29 09:17:31', '2022-09-29 09:17:31', NULL, NULL);
/*!40000 ALTER TABLE `agent_cities` ENABLE KEYS */;


-- Dumping structure for table lke.agent_master_prices
CREATE TABLE IF NOT EXISTS `agent_master_prices` (
  `id` bigint(20) NOT NULL AUTO_INCREMENT,
  `agent_id` bigint(20) NOT NULL,
  `price_code` varchar(32) NOT NULL,
  `location_id` bigint(20) NOT NULL,
  `service_id` bigint(20) NOT NULL,
  `price` decimal(10,2) NOT NULL,
  `administrative_cost` decimal(10,2) NOT NULL DEFAULT 0.00,
  `insurance_fee` decimal(10,2) NOT NULL DEFAULT 0.00,
  `other_cost` decimal(10,2) NOT NULL DEFAULT 0.00,
  `margin` decimal(10,2) NOT NULL,
  `user_id` bigint(20) NOT NULL,
  `created_at` timestamp NULL DEFAULT NULL,
  `updated_at` timestamp NULL DEFAULT NULL,
  `deleted_at` datetime DEFAULT NULL,
  `deleted_by` bigint(10) unsigned DEFAULT NULL,
  PRIMARY KEY (`id`),
  KEY `FK_agent_master_prices_locations` (`location_id`),
  CONSTRAINT `FK_agent_master_prices_locations` FOREIGN KEY (`location_id`) REFERENCES `locations` (`id`)
) ENGINE=InnoDB AUTO_INCREMENT=10 DEFAULT CHARSET=utf8mb4 ROW_FORMAT=DYNAMIC;

-- Dumping data for table lke.agent_master_prices: ~6 rows (approximately)
/*!40000 ALTER TABLE `agent_master_prices` DISABLE KEYS */;
INSERT INTO `agent_master_prices` (`id`, `agent_id`, `price_code`, `location_id`, `service_id`, `price`, `administrative_cost`, `insurance_fee`, `other_cost`, `margin`, `user_id`, `created_at`, `updated_at`, `deleted_at`, `deleted_by`) VALUES
	(2, 2, 'JKTDPK_D', 2, 1, 3500.00, 0.00, 0.00, 0.00, 0.00, 1, '2022-03-08 14:23:42', '2022-03-26 01:57:00', NULL, NULL),
	(3, 3, 'JKTMES_D', 4, 1, 7000.00, 0.00, 0.00, 0.00, 0.00, 1, '2022-03-25 11:08:15', '2022-03-25 11:08:15', NULL, NULL),
	(4, 5, 'LMPDPK_D', 63, 1, 6000.00, 0.00, 0.00, 0.00, 0.00, 1, '2022-07-25 14:51:05', '2022-07-25 14:51:05', NULL, NULL),
	(5, 2, 'JKTBGR_D', 7, 1, 2000.00, 0.00, 0.00, 0.00, 0.00, 1, '2022-08-07 01:19:00', '2022-08-07 01:19:00', NULL, NULL),
	(6, 5, 'JKTPKU_D', 6, 1, 5000.00, 0.00, 0.00, 0.00, 0.00, 1, '2022-08-08 14:42:50', '2022-08-08 14:42:50', NULL, NULL),
	(7, 5, 'LMPPKU_D', 65, 1, 2500.00, 0.00, 0.00, 0.00, 0.00, 1, '2022-08-12 17:08:19', '2022-08-12 17:08:19', NULL, NULL),
	(8, 5, 'LMPLMP_D', 67, 1, 4000.00, 0.00, 0.00, 0.00, 0.00, 1, '2022-09-03 12:54:18', '2022-09-03 12:54:18', NULL, NULL),
	(9, 6, 'PKUMES_D', 68, 1, 3500.00, 0.00, 0.00, 0.00, 0.00, 1, '2022-09-29 10:03:51', '2022-09-29 10:03:51', NULL, NULL);
/*!40000 ALTER TABLE `agent_master_prices` ENABLE KEYS */;


-- Dumping structure for table lke.areas
CREATE TABLE IF NOT EXISTS `areas` (
  `id` bigint(20) NOT NULL AUTO_INCREMENT,
  `area_name` varchar(64) NOT NULL,
  `user_id` bigint(20) NOT NULL,
  `created_at` timestamp NULL DEFAULT NULL,
  `updated_at` timestamp NULL DEFAULT NULL,
  `deleted_at` datetime DEFAULT NULL,
  `deleted_by` bigint(10) unsigned DEFAULT NULL,
  PRIMARY KEY (`id`),
  UNIQUE KEY `area_name` (`area_name`)
) ENGINE=InnoDB AUTO_INCREMENT=7 DEFAULT CHARSET=utf8mb4;

-- Dumping data for table lke.areas: ~3 rows (approximately)
/*!40000 ALTER TABLE `areas` DISABLE KEYS */;
INSERT INTO `areas` (`id`, `area_name`, `user_id`, `created_at`, `updated_at`, `deleted_at`, `deleted_by`) VALUES
	(3, 'JABODETABEK', 1, '2022-03-08 14:20:05', '2022-07-18 01:05:00', NULL, NULL),
	(4, 'SUMSEL', 1, '2022-07-25 14:49:10', '2022-07-25 14:49:10', NULL, NULL),
	(5, 'SUMTENG', 1, '2022-08-12 16:08:17', '2022-08-12 16:08:17', NULL, NULL),
	(6, 'SUMUT', 1, '2022-08-12 16:10:05', '2022-08-12 16:10:05', NULL, NULL);
/*!40000 ALTER TABLE `areas` ENABLE KEYS */;


-- Dumping structure for table lke.area_cities
CREATE TABLE IF NOT EXISTS `area_cities` (
  `id` bigint(20) NOT NULL AUTO_INCREMENT,
  `area_id` bigint(20) NOT NULL,
  `city_id` bigint(20) NOT NULL,
  `user_id` bigint(20) NOT NULL,
  `created_at` timestamp NULL DEFAULT NULL,
  `updated_at` timestamp NULL DEFAULT NULL,
  `deleted_at` datetime DEFAULT NULL,
  `deleted_by` bigint(10) unsigned DEFAULT NULL,
  PRIMARY KEY (`id`),
  KEY `FK_area_cities_cities` (`city_id`),
  CONSTRAINT `FK_area_cities_cities` FOREIGN KEY (`city_id`) REFERENCES `cities` (`id`)
) ENGINE=InnoDB AUTO_INCREMENT=22 DEFAULT CHARSET=utf8mb4;

-- Dumping data for table lke.area_cities: ~10 rows (approximately)
/*!40000 ALTER TABLE `area_cities` DISABLE KEYS */;
INSERT INTO `area_cities` (`id`, `area_id`, `city_id`, `user_id`, `created_at`, `updated_at`, `deleted_at`, `deleted_by`) VALUES
	(9, 3, 3, 1, '2022-03-08 14:20:24', '2022-03-08 14:20:24', NULL, NULL),
	(10, 3, 4, 1, '2022-03-08 14:20:31', '2022-03-08 14:20:31', NULL, NULL),
	(11, 3, 86, 1, '2022-03-08 14:20:39', '2022-03-08 14:20:39', NULL, NULL),
	(12, 3, 11, 1, '2022-03-08 14:20:47', '2022-03-08 14:20:47', NULL, NULL),
	(14, 3, 1, 1, '2022-07-18 01:28:27', '2022-07-18 01:28:27', NULL, NULL),
	(15, 4, 50, 1, '2022-07-25 14:49:51', '2022-07-25 14:49:51', NULL, NULL),
	(16, 4, 12, 1, '2022-07-25 14:50:00', '2022-07-25 14:50:00', NULL, NULL),
	(17, 4, 168, 1, '2022-08-08 14:38:52', '2022-08-08 14:38:52', NULL, NULL),
	(18, 5, 168, 1, '2022-08-12 16:08:50', '2022-08-12 16:08:50', NULL, NULL),
	(19, 5, 114, 1, '2022-08-12 16:09:30', '2022-08-12 16:09:30', NULL, NULL),
	(20, 6, 148, 1, '2022-08-12 16:10:32', '2022-08-12 16:10:32', NULL, NULL),
	(21, 6, 143, 1, '2022-08-12 16:10:48', '2022-08-12 16:10:48', NULL, NULL);
/*!40000 ALTER TABLE `area_cities` ENABLE KEYS */;


-- Dumping structure for table lke.audit_logs
CREATE TABLE IF NOT EXISTS `audit_logs` (
  `id` bigint(20) unsigned NOT NULL AUTO_INCREMENT,
  `description` text COLLATE utf8mb4_unicode_ci NOT NULL,
  `subject_id` bigint(20) unsigned DEFAULT NULL,
  `subject_type` varchar(191) COLLATE utf8mb4_unicode_ci DEFAULT NULL,
  `user_id` bigint(20) unsigned DEFAULT NULL,
  `properties` text COLLATE utf8mb4_unicode_ci DEFAULT NULL,
  `host` varchar(46) COLLATE utf8mb4_unicode_ci DEFAULT NULL,
  `created_at` timestamp NULL DEFAULT NULL,
  `updated_at` timestamp NULL DEFAULT NULL,
  PRIMARY KEY (`id`)
) ENGINE=InnoDB AUTO_INCREMENT=3 DEFAULT CHARSET=utf8mb4 COLLATE=utf8mb4_unicode_ci;

-- Dumping data for table lke.audit_logs: ~2 rows (approximately)
/*!40000 ALTER TABLE `audit_logs` DISABLE KEYS */;
INSERT INTO `audit_logs` (`id`, `description`, `subject_id`, `subject_type`, `user_id`, `properties`, `host`, `created_at`, `updated_at`) VALUES
	(1, 'audit:created', 2, 'App\\Models\\Category#2', 1, '{"category_name":"Kategori 2","updated_at":"2021-11-01T06:06:33.000000Z","created_at":"2021-11-01T06:06:33.000000Z","id":2}', '::1', '2021-11-01 06:06:33', '2021-11-01 06:06:33'),
	(2, 'audit:updated', 2, 'App\\Models\\Category#2', 1, '{"category_name":"Kategori 200","updated_at":"2021-11-01T06:07:44.000000Z","id":2}', '::1', '2021-11-01 06:07:44', '2021-11-01 06:07:44');
/*!40000 ALTER TABLE `audit_logs` ENABLE KEYS */;


-- Dumping structure for table lke.banks
CREATE TABLE IF NOT EXISTS `banks` (
  `id` bigint(20) NOT NULL AUTO_INCREMENT,
  `bank_name` varchar(64) NOT NULL,
  `user_id` bigint(20) NOT NULL,
  `created_at` timestamp NULL DEFAULT NULL,
  `updated_at` timestamp NULL DEFAULT NULL,
  `deleted_at` datetime DEFAULT NULL,
  `deleted_by` bigint(10) unsigned DEFAULT NULL,
  PRIMARY KEY (`id`),
  UNIQUE KEY `bank_name` (`bank_name`)
) ENGINE=InnoDB AUTO_INCREMENT=22 DEFAULT CHARSET=utf8mb4;

-- Dumping data for table lke.banks: ~20 rows (approximately)
/*!40000 ALTER TABLE `banks` DISABLE KEYS */;
INSERT INTO `banks` (`id`, `bank_name`, `user_id`, `created_at`, `updated_at`, `deleted_at`, `deleted_by`) VALUES
	(1, 'BANK MANDIRI', 1, NULL, NULL, NULL, NULL),
	(2, 'BANK NEGARA INDONESIA (BNI)', 1, NULL, NULL, NULL, NULL),
	(3, 'BANK DANAMON', 1, NULL, NULL, NULL, NULL),
	(4, 'PERMATA BANK', 1, NULL, NULL, NULL, NULL),
	(5, 'BANK CENTRAL ASIA', 1, NULL, '2022-08-09 19:23:51', NULL, NULL),
	(6, 'BII', 1, NULL, NULL, NULL, NULL),
	(7, 'BANK PANIN', 1, NULL, NULL, NULL, NULL),
	(8, 'BANK RAKYAT INDONESIA (BRI)', 1, NULL, NULL, NULL, NULL),
	(9, 'BANK NIAGA', 1, NULL, NULL, NULL, NULL),
	(10, 'BANK LIPPO', 1, NULL, NULL, NULL, NULL),
	(11, 'BANK NISP', 1, NULL, NULL, NULL, NULL),
	(12, 'CITIBANK N.A.', 1, NULL, NULL, NULL, NULL),
	(13, 'BANK ARTHA GRAHAk', 1, NULL, '2022-08-09 17:17:48', NULL, NULL),
	(14, 'ANZ PANIN BANK9', 1, NULL, '2022-08-09 16:40:00', NULL, NULL),
	(15, 'BANK JABAR', 1, NULL, NULL, NULL, NULL),
	(16, 'BANK DKI', 1, NULL, NULL, NULL, NULL),
	(17, 'BANK MUAMALAT', 1, NULL, NULL, NULL, NULL),
	(18, 'BANK MEGA', 1, NULL, NULL, NULL, NULL),
	(19, 'BANK BUKOPIN', 1, NULL, '2022-08-09 17:21:44', NULL, NULL),
	(20, 'BANK SYARIAH MANDIRI', 1, NULL, NULL, NULL, NULL),
	(21, 'test banj', 1, '2022-08-09 19:24:08', '2022-08-09 19:24:08', NULL, NULL);
/*!40000 ALTER TABLE `banks` ENABLE KEYS */;


-- Dumping structure for table lke.bills
CREATE TABLE IF NOT EXISTS `bills` (
  `id` bigint(20) NOT NULL AUTO_INCREMENT,
  `bill_number` varchar(15) NOT NULL,
  `bill_number_manual` varchar(50) DEFAULT NULL,
  `agent_id` bigint(20) NOT NULL,
  `bill_date` date NOT NULL,
  `bill_receipt_date` date DEFAULT NULL,
  `due_date` date DEFAULT NULL,
  `payment_date` date DEFAULT NULL,
  `verified_date` date DEFAULT NULL,
  `filename` text DEFAULT NULL,
  `other_cost` decimal(10,2) DEFAULT NULL,
  `discount_percent` float DEFAULT NULL,
  `discount` decimal(10,2) DEFAULT NULL,
  `tax_percent` float DEFAULT NULL,
  `tax` decimal(10,2) DEFAULT NULL,
  `income_tax_percent` float DEFAULT NULL,
  `income_tax` decimal(10,2) DEFAULT NULL,
  `total_volume` decimal(10,2) DEFAULT NULL,
  `total_colly` int(11) DEFAULT NULL,
  `subtotal` decimal(10,2) DEFAULT NULL,
  `grand_total` decimal(10,2) DEFAULT NULL,
  `last_status` varchar(15) NOT NULL,
  `user_id` bigint(20) NOT NULL,
  `verified_user_id` bigint(20) DEFAULT NULL,
  `created_at` timestamp NULL DEFAULT NULL,
  `updated_at` timestamp NULL DEFAULT NULL,
  PRIMARY KEY (`id`),
  UNIQUE KEY `bill_number` (`bill_number`),
  KEY `FK_bills_agents` (`agent_id`),
  CONSTRAINT `FK_bills_agents` FOREIGN KEY (`agent_id`) REFERENCES `agents` (`id`)
) ENGINE=InnoDB DEFAULT CHARSET=utf8mb4;

-- Dumping data for table lke.bills: ~0 rows (approximately)
/*!40000 ALTER TABLE `bills` DISABLE KEYS */;
/*!40000 ALTER TABLE `bills` ENABLE KEYS */;


-- Dumping structure for table lke.bill_details
CREATE TABLE IF NOT EXISTS `bill_details` (
  `id` bigint(20) NOT NULL AUTO_INCREMENT,
  `bill_number` varchar(15) NOT NULL,
  `order_number` varchar(50) NOT NULL,
  `total_kg` decimal(10,2) NOT NULL,
  `subtotal` decimal(10,2) NOT NULL,
  `price` decimal(10,2) NOT NULL,
  `user_id` bigint(20) NOT NULL,
  `created_at` timestamp NULL DEFAULT NULL,
  `updated_at` timestamp NULL DEFAULT NULL,
  PRIMARY KEY (`id`)
) ENGINE=InnoDB DEFAULT CHARSET=utf8mb4;

-- Dumping data for table lke.bill_details: ~0 rows (approximately)
/*!40000 ALTER TABLE `bill_details` DISABLE KEYS */;
/*!40000 ALTER TABLE `bill_details` ENABLE KEYS */;


-- Dumping structure for table lke.branchs
CREATE TABLE IF NOT EXISTS `branchs` (
  `id` bigint(20) NOT NULL AUTO_INCREMENT,
  `branch_code` varchar(10) NOT NULL,
  `branch_name` varchar(128) NOT NULL,
  `city_id` bigint(20) NOT NULL,
  `address` text NOT NULL,
  `phone` varchar(25) NOT NULL,
  `user_id` bigint(20) NOT NULL,
  `created_at` timestamp NULL DEFAULT NULL,
  `updated_at` timestamp NULL DEFAULT NULL,
  `deleted_at` datetime DEFAULT NULL,
  `deleted_by` bigint(10) unsigned DEFAULT NULL,
  PRIMARY KEY (`id`),
  UNIQUE KEY `branch_code` (`branch_code`),
  KEY `FK_branchs_cities` (`city_id`),
  CONSTRAINT `FK_branchs_cities` FOREIGN KEY (`city_id`) REFERENCES `cities` (`id`)
) ENGINE=InnoDB AUTO_INCREMENT=6 DEFAULT CHARSET=utf8mb4;

-- Dumping data for table lke.branchs: ~2 rows (approximately)
/*!40000 ALTER TABLE `branchs` DISABLE KEYS */;
INSERT INTO `branchs` (`id`, `branch_code`, `branch_name`, `city_id`, `address`, `phone`, `user_id`, `created_at`, `updated_at`, `deleted_at`, `deleted_by`) VALUES
	(1, 'PST', 'LKE Pusat', 1, 'Jl Raya Kebayunan Tpoas', '08123456789', 1, '2022-02-15 13:14:39', '2022-02-15 13:14:39', NULL, NULL),
	(3, 'PKB', 'LKE Pekanbaru', 168, 'jl raya test', '08123456789', 1, '2022-05-19 06:45:14', '2022-05-19 06:45:14', NULL, NULL),
	(4, 'BGR', 'LKE Bogor', 4, 'Jl raya parung', '11111', 1, '2022-06-18 07:58:03', '2022-06-18 07:58:03', NULL, NULL),
	(5, 'LKE-MDN', 'LKE MEDAN', 148, 'MEDAN', '0819101010101', 1, '2022-08-30 11:17:11', '2022-08-30 11:17:11', NULL, NULL);
/*!40000 ALTER TABLE `branchs` ENABLE KEYS */;


-- Dumping structure for table lke.branch_user
CREATE TABLE IF NOT EXISTS `branch_user` (
  `branch_id` bigint(20) NOT NULL,
  `user_id` bigint(20) NOT NULL
) ENGINE=InnoDB DEFAULT CHARSET=utf8mb4;

-- Dumping data for table lke.branch_user: ~0 rows (approximately)
/*!40000 ALTER TABLE `branch_user` DISABLE KEYS */;
/*!40000 ALTER TABLE `branch_user` ENABLE KEYS */;


-- Dumping structure for table lke.cities
CREATE TABLE IF NOT EXISTS `cities` (
  `id` bigint(20) NOT NULL AUTO_INCREMENT,
  `province_id` bigint(20) DEFAULT NULL,
  `city_code` varchar(6) NOT NULL,
  `city_name` varchar(128) NOT NULL,
  `user_id` bigint(20) NOT NULL,
  `created_at` timestamp NULL DEFAULT NULL,
  `updated_at` timestamp NULL DEFAULT NULL,
  `deleted_at` datetime DEFAULT NULL,
  `deleted_by` bigint(10) unsigned DEFAULT NULL,
  PRIMARY KEY (`id`),
  UNIQUE KEY `city_code` (`city_code`)
) ENGINE=InnoDB AUTO_INCREMENT=323 DEFAULT CHARSET=utf8mb4;

-- Dumping data for table lke.cities: ~318 rows (approximately)
/*!40000 ALTER TABLE `cities` DISABLE KEYS */;
INSERT INTO `cities` (`id`, `province_id`, `city_code`, `city_name`, `user_id`, `created_at`, `updated_at`, `deleted_at`, `deleted_by`) VALUES
	(1, 2, 'DPK', 'DEPOK', 1, '2021-12-06 05:01:50', '2021-12-06 05:01:50', NULL, NULL),
	(3, 1, 'JKT', 'JAKARTA', 1, '2021-12-06 13:48:11', '2022-09-03 21:35:41', NULL, NULL),
	(4, 2, 'BGR', 'BOGOR', 1, '2021-12-06 07:28:49', '2021-12-06 07:28:49', NULL, NULL),
	(5, 2, 'BDG', 'BANDUNG', 1, '2021-12-06 07:29:44', '2021-12-06 07:29:44', NULL, NULL),
	(6, NULL, 'BPN', 'BALIKPAPAN', 1, NULL, NULL, NULL, NULL),
	(7, NULL, 'SKW', 'SINGKAWANG', 1, NULL, NULL, NULL, NULL),
	(8, 69, 'BDO', 'BANDUNG', 1, NULL, '2022-06-04 08:20:48', NULL, NULL),
	(9, NULL, 'BDJ', 'BANJARMASIN', 1, NULL, NULL, NULL, NULL),
	(10, NULL, 'BTH', 'BATAM', 1, NULL, NULL, NULL, NULL),
	(11, NULL, 'BEK', 'BEKASI', 1, NULL, NULL, NULL, NULL),
	(12, NULL, 'BKS', 'BENGKULU', 1, NULL, NULL, NULL, NULL),
	(13, NULL, 'CLP', 'CILACAP', 1, NULL, NULL, NULL, NULL),
	(14, NULL, 'DRI', 'DURI', 1, NULL, NULL, NULL, NULL),
	(15, NULL, 'BTR', 'BATURAJA', 1, NULL, NULL, NULL, NULL),
	(16, NULL, 'BLJ', 'BALARAJA', 1, NULL, NULL, NULL, NULL),
	(17, NULL, 'BJI', 'BINJAI', 1, NULL, NULL, NULL, NULL),
	(18, NULL, 'PDS', 'PADANG SIDEMPUAN', 1, NULL, NULL, NULL, NULL),
	(19, NULL, 'DMI', 'DUMAI', 1, NULL, NULL, NULL, NULL),
	(20, NULL, 'PTS', 'PEMATANG SIANTAR', 1, NULL, NULL, NULL, NULL),
	(21, NULL, 'LSM', 'LHOKSUMAWE', 1, NULL, NULL, NULL, NULL),
	(22, NULL, 'TLW', 'TALIWANG', 1, NULL, NULL, NULL, NULL),
	(23, NULL, 'LHT', 'LAHAT', 1, NULL, NULL, NULL, NULL),
	(24, NULL, 'PRG', 'PERAWANG', 1, NULL, NULL, NULL, NULL),
	(25, NULL, 'BTG', 'BONTANG', 1, NULL, NULL, NULL, NULL),
	(26, NULL, 'BIK', 'BIAK PAPUA', 1, NULL, NULL, NULL, NULL),
	(27, NULL, 'PBR', 'P. BRANDAN', 1, NULL, NULL, NULL, NULL),
	(28, NULL, 'TJU', 'TANJUNG UBAN', 1, NULL, NULL, NULL, NULL),
	(29, NULL, 'CBN', 'CIBINONG', 1, NULL, NULL, NULL, NULL),
	(30, NULL, 'GZ0', 'GUANG ZHOU', 1, NULL, NULL, NULL, NULL),
	(31, NULL, 'SPT', 'SAMPIT', 1, NULL, NULL, NULL, NULL),
	(32, NULL, 'NGB', 'NGABANG', 1, NULL, NULL, NULL, NULL),
	(33, NULL, 'PBN', 'PANGKALAN BUN', 1, NULL, NULL, NULL, NULL),
	(34, NULL, 'WNA', 'WAENA', 1, NULL, NULL, NULL, NULL),
	(35, NULL, 'SBS', 'SAMBAS', 1, NULL, NULL, NULL, NULL),
	(36, NULL, 'MKW', 'MANOKRAWI', 1, NULL, NULL, NULL, NULL),
	(37, NULL, 'DMG', 'DAANMOGOT', 1, NULL, NULL, NULL, NULL),
	(38, NULL, 'KBR', 'KOTA BARU', 1, NULL, NULL, NULL, NULL),
	(39, NULL, 'PLP', 'PALOPO', 1, NULL, NULL, NULL, NULL),
	(40, NULL, 'PYB', 'PAYAKUMBUH', 1, NULL, NULL, NULL, NULL),
	(41, NULL, 'PRW', 'PERAWANG', 1, NULL, NULL, NULL, NULL),
	(42, NULL, 'TBT', 'TEBING TINGGI', 1, NULL, NULL, NULL, NULL),
	(43, NULL, 'KRC', 'KERINCI', 1, NULL, NULL, NULL, NULL),
	(44, NULL, 'TTB', 'TANJUNG TABALONG', 1, NULL, NULL, NULL, NULL),
	(45, NULL, 'MNP', 'MELAWI NANGA PINOH', 1, NULL, NULL, NULL, NULL),
	(46, NULL, 'TNG', 'TANAH GROGOT', 1, NULL, NULL, NULL, NULL),
	(47, NULL, 'LWK', 'LUWUK BANGGAI', 1, NULL, NULL, NULL, NULL),
	(48, NULL, 'GRS', 'GRESIK', 1, NULL, NULL, NULL, NULL),
	(49, NULL, 'STN', 'SENTANI', 1, NULL, NULL, NULL, NULL),
	(50, NULL, 'LMP', 'LAMPUNG', 1, NULL, NULL, NULL, NULL),
	(51, NULL, 'BIN', 'BINTUNI', 1, NULL, NULL, NULL, NULL),
	(52, NULL, 'BYW', 'BANYUWANGI', 1, NULL, NULL, NULL, NULL),
	(53, NULL, 'BRS', 'BERASTAGI', 1, NULL, NULL, NULL, NULL),
	(54, NULL, 'KDR', 'KEDIRI', 1, NULL, NULL, NULL, NULL),
	(55, NULL, 'TIM', 'TIMIKA', 1, NULL, NULL, NULL, NULL),
	(56, NULL, 'GRT', 'GARUT', 1, NULL, NULL, NULL, NULL),
	(57, NULL, 'BLT', 'BLITAR', 1, NULL, NULL, NULL, NULL),
	(58, NULL, 'MGL', 'MAGELANG', 1, NULL, NULL, NULL, NULL),
	(59, NULL, 'NTT', 'NUSA TENGGARA TIMUR', 1, NULL, NULL, NULL, NULL),
	(60, NULL, 'SOE', 'SOE NTT', 1, NULL, NULL, NULL, NULL),
	(61, NULL, 'SKT', 'SURAKARTA', 1, NULL, NULL, NULL, NULL),
	(62, NULL, 'SRJ', 'SINGARAJA', 1, NULL, NULL, NULL, NULL),
	(63, NULL, 'MDN', 'MADIUN', 1, NULL, NULL, NULL, NULL),
	(64, NULL, 'BTN', 'BUTON', 1, NULL, NULL, NULL, NULL),
	(65, NULL, 'TNJ', 'TANJUNG PINANG', 1, NULL, NULL, NULL, NULL),
	(66, NULL, 'IDM', 'INDRAMAYU', 1, NULL, NULL, NULL, NULL),
	(67, NULL, 'MGT', 'MAGETAN', 1, NULL, NULL, NULL, NULL),
	(68, NULL, 'LBK', 'LUBUK PAKAM', 1, NULL, NULL, NULL, NULL),
	(69, NULL, 'KDS', 'KUDUS', 1, NULL, NULL, NULL, NULL),
	(70, NULL, 'KLK', 'KOLAKA', 1, NULL, NULL, NULL, NULL),
	(71, NULL, 'KBM', 'KOTA BUMI', 1, NULL, NULL, NULL, NULL),
	(72, NULL, 'CLG', 'CILEGON', 1, NULL, NULL, NULL, NULL),
	(73, NULL, 'BYS', 'BANYUASIN', 1, NULL, NULL, NULL, NULL),
	(74, NULL, 'CNJ', 'CIANJUR', 1, NULL, NULL, NULL, NULL),
	(75, NULL, 'CMH', 'CIMAHI', 1, NULL, NULL, NULL, NULL),
	(76, NULL, 'PDL', 'PADALARANG', 1, NULL, NULL, NULL, NULL),
	(77, NULL, 'NJK', 'NGANJUK', 1, NULL, NULL, NULL, NULL),
	(78, NULL, 'RGT', 'RENGAT', 1, NULL, NULL, NULL, NULL),
	(79, NULL, 'NBR', 'NABIRE', 1, NULL, NULL, NULL, NULL),
	(80, NULL, 'LGS', 'LANGSA', 1, NULL, NULL, NULL, NULL),
	(81, NULL, 'BJB', 'BANJAR BARU', 1, NULL, NULL, NULL, NULL),
	(82, NULL, 'BLW', 'BELAWAN', 1, NULL, NULL, NULL, NULL),
	(83, NULL, 'SKH', 'SUKAHARJO', 1, NULL, NULL, NULL, NULL),
	(84, NULL, 'CBR', 'CIBUBUR', 1, NULL, NULL, NULL, NULL),
	(85, NULL, 'BTS', 'BATU SANGKAR', 1, NULL, NULL, NULL, NULL),
	(86, NULL, 'TGR', 'TANGERANG', 1, NULL, NULL, NULL, NULL),
	(87, NULL, 'TMP', 'TAMPAN', 1, NULL, NULL, NULL, NULL),
	(88, NULL, 'SGN', 'SRAGEN', 1, NULL, NULL, NULL, NULL),
	(89, NULL, 'LMB', 'LOMBOK', 1, NULL, NULL, NULL, NULL),
	(90, NULL, 'STI', 'SATUI', 1, NULL, NULL, NULL, NULL),
	(91, NULL, 'JMB', 'JEMBER', 1, NULL, NULL, NULL, NULL),
	(92, NULL, 'PSR', 'PASURUAN', 1, NULL, NULL, NULL, NULL),
	(93, NULL, 'LOK', 'LHOKSEUMAWE', 1, NULL, NULL, NULL, NULL),
	(94, NULL, 'MRB', 'MUARA BUNGO', 1, NULL, NULL, NULL, NULL),
	(95, NULL, 'SPG', 'SAMPANG', 1, NULL, NULL, NULL, NULL),
	(96, NULL, 'SMN', 'SUMENEP', 1, NULL, NULL, NULL, NULL),
	(97, NULL, 'KLG', 'KLUNGKUNG', 1, NULL, NULL, NULL, NULL),
	(98, NULL, 'BMA', 'BIMA', 1, NULL, NULL, NULL, NULL),
	(99, NULL, 'DMP', 'DOMPU', 1, NULL, NULL, NULL, NULL),
	(100, NULL, 'KLT', 'KLATEN', 1, NULL, NULL, NULL, NULL),
	(101, NULL, 'SBW', 'SUMBAWA', 1, NULL, NULL, NULL, NULL),
	(102, NULL, 'LPK', 'LUBUK PAKAM', 1, NULL, NULL, NULL, NULL),
	(103, NULL, 'SMD', 'SUMEDANG', 1, NULL, NULL, NULL, NULL),
	(104, NULL, 'LBL', 'LUBUK LINGGAU', 1, NULL, NULL, NULL, NULL),
	(105, NULL, 'CKP', 'CIKAMPEK', 1, NULL, NULL, NULL, NULL),
	(106, NULL, 'BNK', 'BANGKIANG', 1, NULL, NULL, NULL, NULL),
	(107, NULL, 'BRU', 'BERAU', 1, NULL, NULL, NULL, NULL),
	(108, NULL, 'CMS', 'CIAMIS', 1, NULL, NULL, NULL, NULL),
	(109, NULL, 'PNR', 'PONOROGO', 1, NULL, NULL, NULL, NULL),
	(110, NULL, 'SLK', 'SOLOK', 1, NULL, NULL, NULL, NULL),
	(111, NULL, 'MTW', 'MUARA TEWEH', 1, NULL, NULL, NULL, NULL),
	(112, NULL, 'MMR', 'MAUMERE', 1, NULL, NULL, NULL, NULL),
	(113, NULL, 'SBN', 'SUBANG', 1, NULL, NULL, NULL, NULL),
	(114, NULL, 'BKL', 'BENGKALIS', 1, NULL, NULL, NULL, NULL),
	(115, NULL, 'LWG', 'LAWANG', 1, NULL, NULL, NULL, NULL),
	(116, NULL, 'BKN', 'BANGKINANG', 1, NULL, NULL, NULL, NULL),
	(117, NULL, 'RBS', 'RAJABASA', 1, NULL, NULL, NULL, NULL),
	(118, NULL, 'MND', 'MANDAU', 1, NULL, NULL, NULL, NULL),
	(119, NULL, 'BRB', 'BREBES', 1, NULL, NULL, NULL, NULL),
	(120, NULL, 'DMK', 'DEMAK', 1, NULL, NULL, NULL, NULL),
	(121, NULL, 'PRB', 'PROBOLINGGO', 1, NULL, NULL, NULL, NULL),
	(122, NULL, 'RTP', 'RANTAUPRAPAT', 1, NULL, NULL, NULL, NULL),
	(123, NULL, 'BGB', 'BAGANBATU', 1, NULL, NULL, NULL, NULL),
	(124, NULL, 'TMR', 'TANJUNG MORAWA', 1, NULL, NULL, NULL, NULL),
	(125, NULL, 'MJT', 'MOJOKERTO', 1, NULL, NULL, NULL, NULL),
	(126, NULL, 'MRS', 'MAROS', 1, NULL, NULL, NULL, NULL),
	(127, NULL, 'SGL', 'SUNGAILIAT', 1, NULL, NULL, NULL, NULL),
	(128, NULL, 'KNG', 'KUNINGAN', 1, NULL, NULL, NULL, NULL),
	(129, NULL, 'PGA', 'PAGARALAM', 1, NULL, NULL, NULL, NULL),
	(130, NULL, 'CBD', 'CIBADAK', 1, NULL, NULL, NULL, NULL),
	(131, NULL, 'TBN', 'TUBAN', 1, NULL, NULL, NULL, NULL),
	(132, NULL, 'BJR', 'BANJAR', 1, NULL, NULL, NULL, NULL),
	(133, NULL, 'MLK', 'MALUKU', 1, NULL, NULL, NULL, NULL),
	(134, NULL, 'WYK', 'WAYKANAN', 1, NULL, NULL, NULL, NULL),
	(135, NULL, 'MRW', 'MORAWA', 1, NULL, NULL, NULL, NULL),
	(136, NULL, 'TSK', 'TASIKMALAYA', 1, NULL, NULL, NULL, NULL),
	(137, NULL, 'MLG', 'MALANG', 1, NULL, NULL, NULL, NULL),
	(138, NULL, 'TGL', 'TEGAL', 1, NULL, NULL, NULL, NULL),
	(139, NULL, 'KRW', 'KARAWANG', 1, NULL, NULL, NULL, NULL),
	(140, NULL, 'CRB', 'CIREBON', 1, NULL, NULL, NULL, NULL),
	(141, NULL, 'CKR', 'CIKARANG', 1, NULL, NULL, NULL, NULL),
	(142, NULL, 'TJQ', 'TANJUNG PANDAN', 1, NULL, NULL, NULL, NULL),
	(143, NULL, 'BTJ', 'ACEH', 1, NULL, NULL, NULL, NULL),
	(144, NULL, 'DJJ', 'JAYAPURA', 1, NULL, NULL, NULL, NULL),
	(145, NULL, 'GTO', 'GORONTALO', 1, NULL, NULL, NULL, NULL),
	(146, NULL, 'YOG', 'JOGJAKARYA', 1, NULL, NULL, NULL, NULL),
	(147, NULL, 'KTP', 'KETAPANG', 1, NULL, NULL, NULL, NULL),
	(148, NULL, 'MES', 'MEDAN', 1, NULL, NULL, NULL, NULL),
	(149, NULL, 'PDG', 'PADANG', 1, NULL, NULL, NULL, NULL),
	(150, NULL, 'PKY', 'PALANGKARAYA', 1, NULL, NULL, NULL, NULL),
	(151, NULL, 'PLM', 'PALEMBANG', 1, NULL, NULL, NULL, NULL),
	(152, NULL, 'PKG', 'PANGKAL PINANG', 1, NULL, NULL, NULL, NULL),
	(153, NULL, 'PKL', 'PEKALONGAN', 1, NULL, NULL, NULL, NULL),
	(154, NULL, 'PNK', 'PONTIANAK', 1, NULL, NULL, NULL, NULL),
	(155, NULL, 'PWK', 'PURWAKARTA', 1, NULL, NULL, NULL, NULL),
	(156, NULL, 'PWT', 'PURWOKERTO', 1, NULL, NULL, NULL, NULL),
	(157, NULL, 'SLA', 'SALATIGA', 1, NULL, NULL, NULL, NULL),
	(158, NULL, 'SRI', 'SAMARINDA', 1, NULL, NULL, NULL, NULL),
	(159, NULL, 'SRG', 'SEMARANG', 1, NULL, NULL, NULL, NULL),
	(160, NULL, 'SER', 'SERANG', 1, NULL, NULL, NULL, NULL),
	(161, NULL, 'SBG', 'SIBOLGA', 1, NULL, NULL, NULL, NULL),
	(162, NULL, 'SDA', 'SIDOARJO', 1, NULL, NULL, NULL, NULL),
	(163, NULL, 'SOC', 'SOLO', 1, NULL, NULL, NULL, NULL),
	(164, NULL, 'SKB', 'SUKABUMI', 1, NULL, NULL, NULL, NULL),
	(165, NULL, 'SUB', 'SURABAYA', 1, NULL, NULL, NULL, NULL),
	(166, NULL, 'KDI', 'KENDARI', 1, NULL, NULL, NULL, NULL),
	(167, NULL, 'DJB', 'JAMBI', 1, NULL, NULL, NULL, NULL),
	(168, NULL, 'PKU', 'PEKANBARU', 1, NULL, NULL, NULL, NULL),
	(169, NULL, 'BDL', 'LAMPUNG', 1, NULL, NULL, NULL, NULL),
	(170, NULL, 'MDC', 'MANADO', 1, NULL, NULL, NULL, NULL),
	(171, NULL, 'PLW', 'PALU', 1, NULL, NULL, NULL, NULL),
	(172, NULL, 'UPG', 'MAKASAR', 1, NULL, NULL, NULL, NULL),
	(173, NULL, 'TTE', 'TERNATE', 1, NULL, NULL, NULL, NULL),
	(174, NULL, 'TRK', 'TARAKAN', 1, NULL, NULL, NULL, NULL),
	(175, NULL, 'STG', 'SINTANG', 1, NULL, NULL, NULL, NULL),
	(176, NULL, 'SGU', 'SANGGAU', 1, NULL, NULL, NULL, NULL),
	(177, NULL, 'KOE', 'KUPANG', 1, NULL, NULL, NULL, NULL),
	(178, NULL, 'AMI', 'MATARAM', 1, NULL, NULL, NULL, NULL),
	(179, NULL, 'DPS', 'DENPASAR', 1, NULL, NULL, NULL, NULL),
	(180, NULL, 'AMQ', 'AMBON', 1, NULL, NULL, NULL, NULL),
	(181, NULL, 'SOR', 'SORONG', 1, NULL, NULL, NULL, NULL),
	(182, NULL, 'MKQ', 'MERAUKE', 1, NULL, NULL, NULL, NULL),
	(183, NULL, 'TBL', 'TOBELO', 1, NULL, NULL, NULL, NULL),
	(184, NULL, 'BKT', 'BUKIT TINGGI', 1, NULL, NULL, NULL, NULL),
	(185, NULL, 'KIS', 'KISARAN', 1, NULL, NULL, NULL, NULL),
	(186, NULL, 'SDJ', 'SIDOARJO', 1, NULL, NULL, NULL, NULL),
	(187, NULL, 'PKB', 'PANGKALAN BRANDAN', 1, NULL, NULL, NULL, NULL),
	(188, NULL, 'PBM', 'PRABUMULIH', 1, NULL, NULL, NULL, NULL),
	(189, NULL, 'MNR', 'MANOKWARI', 1, NULL, NULL, NULL, NULL),
	(190, NULL, 'BNE', 'BONE', 1, NULL, NULL, NULL, NULL),
	(191, NULL, 'SGT', 'SANGATA', 1, NULL, NULL, NULL, NULL),
	(192, NULL, 'PRU', 'PARUNG', 1, NULL, NULL, NULL, NULL),
	(193, NULL, 'KFA', 'KEFA MENANU', 1, NULL, NULL, NULL, NULL),
	(194, NULL, 'ABU', 'ATAMBUA', 1, NULL, NULL, NULL, NULL),
	(195, NULL, 'MRG', 'MERANGIN', 1, NULL, NULL, NULL, NULL),
	(196, NULL, 'PKR', 'PANGKALAN KERINCI', 1, NULL, NULL, NULL, NULL),
	(197, NULL, 'BJN', 'BOJONEGORO', 1, NULL, NULL, NULL, NULL),
	(198, NULL, 'BJY', 'BANDARJAYA', 1, NULL, NULL, NULL, NULL),
	(199, NULL, 'SRP', 'SERPONG', 1, NULL, NULL, NULL, NULL),
	(200, NULL, 'RMB', 'REMBANG', 1, NULL, NULL, NULL, NULL),
	(201, NULL, 'KDL', 'KENDAL', 1, NULL, NULL, NULL, NULL),
	(202, NULL, 'MRJ', 'MUARA JAMBI', 1, NULL, NULL, NULL, NULL),
	(203, NULL, 'MRL', 'MUARA BULIAN', 1, NULL, NULL, NULL, NULL),
	(204, NULL, 'MBO', 'MUARA BUNGO', 1, NULL, NULL, NULL, NULL),
	(205, NULL, 'MJK', 'MAJALENGKA', 1, NULL, NULL, NULL, NULL),
	(206, NULL, 'ABP', 'ABEPURA', 1, NULL, NULL, NULL, NULL),
	(207, NULL, 'PSW', 'PRINGSEWU', 1, NULL, NULL, NULL, NULL),
	(208, NULL, 'MTR', 'METRO LAMPUNG', 1, NULL, NULL, NULL, NULL),
	(209, NULL, 'TLB', 'TELUK BETUNG', 1, NULL, NULL, NULL, NULL),
	(210, NULL, 'KBY', 'KUBURAYA', 1, NULL, NULL, NULL, NULL),
	(211, NULL, 'RMI', 'RUMBAI', 1, NULL, NULL, NULL, NULL),
	(212, NULL, 'CKN', 'CAKRANEGARA', 1, NULL, NULL, NULL, NULL),
	(213, NULL, 'GNS', 'GUNUNG SUGIH', 1, NULL, NULL, NULL, NULL),
	(214, NULL, 'IDR', 'INDRALAYA', 1, NULL, NULL, NULL, NULL),
	(215, NULL, 'BTL', 'BATU LICIN', 1, NULL, NULL, NULL, NULL),
	(216, NULL, 'BNT', 'BANTEN', 1, NULL, NULL, NULL, NULL),
	(217, NULL, 'BGS', 'BANGKA SELATAN', 1, NULL, NULL, NULL, NULL),
	(218, NULL, 'BGT', 'BANGKA TENGAH', 1, NULL, NULL, NULL, NULL),
	(219, NULL, 'BGL', 'BANGGAILAUT', 1, NULL, NULL, NULL, NULL),
	(220, NULL, 'PWM', 'POLEWALI MANDAR', 1, NULL, NULL, NULL, NULL),
	(221, NULL, 'JNP', 'JENE PONTO', 1, NULL, NULL, NULL, NULL),
	(222, NULL, 'MRU', 'MOROWALI UTARA', 1, NULL, NULL, NULL, NULL),
	(223, NULL, 'MMT', 'MAMUJU TENGAH', 1, NULL, NULL, NULL, NULL),
	(224, NULL, 'TKR', 'TAKALAR', 1, NULL, NULL, NULL, NULL),
	(225, NULL, 'MJN', 'MAJENE', 1, NULL, NULL, NULL, NULL),
	(226, NULL, 'LBA', 'LEBAK', 1, NULL, NULL, NULL, NULL),
	(227, NULL, 'MSR', 'MUSIRAWAS', 1, NULL, NULL, NULL, NULL),
	(228, NULL, 'TBU', 'TALIABU', 1, NULL, NULL, NULL, NULL),
	(229, NULL, 'PNM', 'PANAM RIAU', 1, NULL, NULL, NULL, NULL),
	(230, NULL, 'PSM', 'PASAMAN', 1, NULL, NULL, NULL, NULL),
	(231, NULL, 'KNS', 'KONAWE SELATAN', 1, NULL, NULL, NULL, NULL),
	(232, NULL, 'KNW', 'KONAWE', 1, NULL, NULL, NULL, NULL),
	(233, NULL, 'TNL', 'TANAH LAUT', 1, NULL, NULL, NULL, NULL),
	(234, NULL, 'PRJ', 'PURWOREJO', 1, NULL, NULL, NULL, NULL),
	(235, NULL, 'RIA', 'RIAU', 1, NULL, NULL, NULL, NULL),
	(236, NULL, 'PLH', 'PELAHARI', 1, NULL, NULL, NULL, NULL),
	(237, NULL, 'HMR', 'HIMARAYA', 1, NULL, NULL, NULL, NULL),
	(238, NULL, 'GMT', 'GAMBUT', 1, NULL, NULL, NULL, NULL),
	(239, NULL, 'PKN', 'PANGKALAN BUN', 1, NULL, NULL, NULL, NULL),
	(240, NULL, 'TBW', 'TULANG BAWANG', 1, NULL, NULL, NULL, NULL),
	(241, NULL, 'YKS', 'YUKI SIMPANG', 1, NULL, NULL, NULL, NULL),
	(242, NULL, 'MLN', 'MARELAN', 1, NULL, NULL, NULL, NULL),
	(243, NULL, 'TMB', 'TEMBILAHAN', 1, NULL, NULL, NULL, NULL),
	(244, NULL, 'MLW', 'MELAWAI', 1, NULL, NULL, NULL, NULL),
	(245, NULL, 'SNP', 'SENAPELAN', 1, NULL, NULL, NULL, NULL),
	(246, NULL, 'MLA', 'MANGGALA', 1, NULL, NULL, NULL, NULL),
	(247, NULL, 'NGK', 'NAGAKEO', 1, NULL, NULL, NULL, NULL),
	(248, NULL, 'SBT', 'SUMBAWA BARAT', 1, NULL, NULL, NULL, NULL),
	(249, NULL, 'KLB', 'KALIBATA', 1, NULL, NULL, NULL, NULL),
	(250, NULL, 'SMT', 'SUMBAWA TENGAH', 1, NULL, NULL, NULL, NULL),
	(251, NULL, 'SPN', 'SENAMPELAN', 1, NULL, NULL, NULL, NULL),
	(252, NULL, 'BRW', 'BEURAWE', 1, NULL, NULL, NULL, NULL),
	(253, NULL, 'HRM', 'HERMES', 1, NULL, NULL, NULL, NULL),
	(254, NULL, 'KLW', 'KALAWAT', 1, NULL, NULL, NULL, NULL),
	(255, NULL, 'SKY', 'SEKAYU', 1, NULL, NULL, NULL, NULL),
	(256, NULL, 'KYG', 'KAYU AGUNG', 1, NULL, NULL, NULL, NULL),
	(257, NULL, 'PRH', 'PEMATANG REBAH', 1, NULL, NULL, NULL, NULL),
	(258, NULL, 'MGI', 'MANGGARAI', 1, NULL, NULL, NULL, NULL),
	(259, NULL, 'KPY', 'KEPAHIANG', 1, NULL, NULL, NULL, NULL),
	(260, NULL, 'TJH', 'TANJUNG HILIR', 1, NULL, NULL, NULL, NULL),
	(261, NULL, 'BMD', 'BOLANG MONGONDOW', 1, NULL, NULL, NULL, NULL),
	(262, NULL, 'SLS', 'SOLOK SELATAN', 1, NULL, NULL, NULL, NULL),
	(263, NULL, 'SBB', 'SUMBA BESAR', 1, NULL, NULL, NULL, NULL),
	(264, NULL, 'RKJ', 'RANGKAYO JAMBI', 1, NULL, NULL, NULL, NULL),
	(265, NULL, 'JKB', 'JAKABARING', 1, NULL, NULL, NULL, NULL),
	(266, NULL, 'PLJ', 'PLAJU', 1, NULL, NULL, NULL, NULL),
	(267, NULL, 'KPB', 'KAMPUNGBARU', 1, NULL, NULL, NULL, NULL),
	(268, NULL, 'BRN', 'BIREUN', 1, NULL, NULL, NULL, NULL),
	(269, NULL, 'KTJ', 'KUALA TANJUNG', 1, NULL, NULL, NULL, NULL),
	(270, NULL, 'BAI', 'BARABAI', 1, NULL, NULL, NULL, NULL),
	(271, NULL, 'KTL', 'KENTEN LAUT', 1, NULL, NULL, NULL, NULL),
	(272, NULL, 'SGP', 'SUNGAI PINYUH', 1, NULL, NULL, NULL, NULL),
	(273, NULL, 'PML', 'PEMALANG', 1, NULL, NULL, NULL, NULL),
	(274, NULL, 'TRT', 'TARUTUNG', 1, NULL, NULL, NULL, NULL),
	(275, NULL, 'RIF', 'KAYU TANGI', 1, NULL, NULL, NULL, NULL),
	(276, NULL, 'KYT', 'KAYU TANGI', 1, NULL, NULL, NULL, NULL),
	(277, NULL, 'JPR', 'JEPARA', 1, NULL, NULL, NULL, NULL),
	(278, NULL, 'CBT', 'CIBITUNG', 1, NULL, NULL, NULL, NULL),
	(279, NULL, 'TJB', 'TANJUNG BALAI', 1, NULL, NULL, NULL, NULL),
	(280, NULL, 'KPS', 'KUALA KAPUAS', 1, NULL, NULL, NULL, NULL),
	(281, NULL, 'TMH', 'TOMOHON', 1, NULL, NULL, NULL, NULL),
	(282, NULL, 'BTO', 'BINTARO', 1, NULL, NULL, NULL, NULL),
	(283, NULL, 'SSG', 'SISINGA', 1, NULL, NULL, NULL, NULL),
	(284, NULL, 'MLB', 'MEULABOH', 1, NULL, NULL, NULL, NULL),
	(285, NULL, 'STL', 'SENTUL', 1, NULL, NULL, NULL, NULL),
	(286, NULL, 'KDJ', 'KOTA BARU JAMBI', 1, NULL, NULL, NULL, NULL),
	(287, NULL, 'BWS', 'BAWEN SEMARANG', 1, NULL, NULL, NULL, NULL),
	(288, NULL, 'BBU', 'BAU BAU', 1, NULL, NULL, NULL, NULL),
	(289, NULL, 'GOA', 'GOA', 1, NULL, NULL, NULL, NULL),
	(290, NULL, 'BAU', 'BAU-BAU', 1, NULL, NULL, NULL, NULL),
	(291, NULL, 'BGI', 'BANGGAI', 1, NULL, NULL, NULL, NULL),
	(292, NULL, 'TJP', 'TANJUNG PRIUK', 1, NULL, NULL, NULL, NULL),
	(293, NULL, 'TGK', 'TRENGGALEK', 1, NULL, NULL, NULL, NULL),
	(294, NULL, 'BLI', 'BALI', 1, NULL, NULL, NULL, NULL),
	(295, NULL, 'PTI', 'PATI', 1, NULL, NULL, NULL, NULL),
	(296, NULL, 'LAG', 'LUBUK ALUNG', 1, NULL, NULL, NULL, NULL),
	(297, NULL, 'RTE', 'RATE-RATE', 1, NULL, NULL, NULL, NULL),
	(298, NULL, 'CIL', 'CILEUNGSI', 1, NULL, NULL, NULL, NULL),
	(299, NULL, 'CKD', 'CIKANDE', 1, NULL, NULL, NULL, NULL),
	(300, NULL, 'TNB', 'TANAH BUMBU', 1, NULL, NULL, NULL, NULL),
	(301, NULL, 'BIT', 'BITUNG', 1, NULL, NULL, NULL, NULL),
	(302, NULL, 'WSB', 'WONOSOBO', 1, NULL, NULL, NULL, NULL),
	(303, NULL, 'MRD', 'MARUNDA', 1, NULL, NULL, NULL, NULL),
	(304, NULL, 'SLM', 'SELEMAN', 1, NULL, NULL, NULL, NULL),
	(305, NULL, 'PNG', 'PANGANDARAN', 1, NULL, NULL, NULL, NULL),
	(306, NULL, 'LMG', 'LAMONGAN', 1, NULL, NULL, NULL, NULL),
	(307, NULL, 'WGR', 'WONOGIRI', 1, NULL, NULL, NULL, NULL),
	(308, NULL, 'MKM', 'MUKO-MUKO', 1, NULL, NULL, NULL, NULL),
	(309, NULL, 'KOS', 'KOSAMBI', 1, NULL, NULL, NULL, NULL),
	(310, NULL, 'KRM', 'KARIMUN', 1, NULL, NULL, NULL, NULL),
	(311, NULL, 'PCT', 'PACITAN', 1, NULL, NULL, NULL, NULL),
	(312, NULL, 'SKJ', 'SUKOHARJO', 1, NULL, NULL, NULL, NULL),
	(313, NULL, 'BDW', 'BONDOWOSO', 1, NULL, NULL, NULL, NULL),
	(314, NULL, 'JBG', 'JOMBANG', 1, NULL, NULL, NULL, NULL),
	(315, NULL, 'BLG', 'BELITUNG', 1, NULL, NULL, NULL, NULL),
	(316, NULL, 'KPL', 'KP LALANG', 1, NULL, NULL, NULL, NULL),
	(317, NULL, 'WKT', 'WAKATOBI', 1, NULL, NULL, NULL, NULL),
	(318, NULL, 'LBJ', 'LABUAN BAJO', 1, NULL, NULL, NULL, NULL),
	(319, NULL, 'PAR', 'PALUR', 1, NULL, NULL, NULL, NULL),
	(320, 55, '123', 'KOTA TERLARANG AJA', 1, '2022-07-12 15:47:49', '2022-07-13 02:33:21', NULL, NULL),
	(321, 55, '111', 'KOTA TERLARANG AJA', 1, '2022-07-18 02:55:14', '2022-07-18 02:55:14', NULL, NULL);
/*!40000 ALTER TABLE `cities` ENABLE KEYS */;


-- Dumping structure for table lke.compro_banners
CREATE TABLE IF NOT EXISTS `compro_banners` (
  `id` bigint(20) unsigned NOT NULL AUTO_INCREMENT,
  `caption` varchar(50) DEFAULT NULL,
  `image` text CHARACTER SET utf8mb4 COLLATE utf8mb4_unicode_ci NOT NULL,
  `start_date` date NOT NULL,
  `end_date` date DEFAULT NULL,
  `user_id` bigint(20) NOT NULL,
  `created_at` timestamp NULL DEFAULT NULL,
  `updated_at` timestamp NULL DEFAULT NULL,
  PRIMARY KEY (`id`)
) ENGINE=InnoDB AUTO_INCREMENT=5 DEFAULT CHARSET=utf8mb4;

-- Dumping data for table lke.compro_banners: ~2 rows (approximately)
/*!40000 ALTER TABLE `compro_banners` DISABLE KEYS */;
INSERT INTO `compro_banners` (`id`, `caption`, `image`, `start_date`, `end_date`, `user_id`, `created_at`, `updated_at`) VALUES
	(3, 'Promo #002', '1644054419_promo_01.jpg', '2022-02-05', '2022-08-22', 1, '2022-02-05 09:46:59', '2022-02-23 11:45:13'),
	(4, 'coba aja lah', '1644756770_WhatsApp Image 2022-01-25 at 13.19.22.jpeg', '2022-02-15', '2022-11-01', 1, '2022-02-13 12:52:50', '2022-02-13 13:30:30');
/*!40000 ALTER TABLE `compro_banners` ENABLE KEYS */;


-- Dumping structure for table lke.compro_contacts
CREATE TABLE IF NOT EXISTS `compro_contacts` (
  `id` bigint(20) unsigned NOT NULL AUTO_INCREMENT,
  `company_name` varchar(128) NOT NULL,
  `name` varchar(128) NOT NULL,
  `email` varchar(128) NOT NULL,
  `phone` varchar(128) NOT NULL,
  `created_at` timestamp NULL DEFAULT NULL,
  `updated_at` timestamp NULL DEFAULT NULL,
  PRIMARY KEY (`id`)
) ENGINE=InnoDB AUTO_INCREMENT=65 DEFAULT CHARSET=utf8mb4;

-- Dumping data for table lke.compro_contacts: ~54 rows (approximately)
/*!40000 ALTER TABLE `compro_contacts` DISABLE KEYS */;
INSERT INTO `compro_contacts` (`id`, `company_name`, `name`, `email`, `phone`, `created_at`, `updated_at`) VALUES
	(3, 'PT Melia Sejahtera', 'Udin', 'fulan@gmail.com', '08123456789', '2022-02-05 02:22:47', '2022-02-05 02:22:47'),
	(4, 'PT Melia Sejahtera', 'Fulan', 'fulan@gmail.com', '08123456789', '2022-02-05 02:28:22', '2022-02-05 02:28:22'),
	(7, 'ZAP', 'ZAP', 'foo-bar@example.com', '9999999999', '2022-08-16 19:17:51', '2022-08-16 19:17:51'),
	(8, 'c:/Windows/system.ini', 'ZAP', 'foo-bar@example.com', '9999999999', '2022-08-16 19:18:46', '2022-08-16 19:18:46'),
	(9, 'c:/Windows/system.ini', 'ZAP', 'foo-bar@example.com', '9999999999', '2022-08-16 19:18:50', '2022-08-16 19:18:50'),
	(10, 'c:/Windows/system.ini', 'ZAP', 'foo-bar@example.com', '9999999999', '2022-08-16 19:18:51', '2022-08-16 19:18:51'),
	(11, '../../../../../../../../../../../../../../../../Windows/system.ini', 'ZAP', 'foo-bar@example.com', '9999999999', '2022-08-16 19:18:53', '2022-08-16 19:18:53'),
	(12, '../../../../../../../../../../../../../../../../Windows/system.ini', 'ZAP', 'foo-bar@example.com', '9999999999', '2022-08-16 19:18:58', '2022-08-16 19:18:58'),
	(13, '../../../../../../../../../../../../../../../../Windows/system.ini', 'ZAP', 'foo-bar@example.com', '9999999999', '2022-08-16 19:18:58', '2022-08-16 19:18:58'),
	(14, 'c:\\Windows\\system.ini', 'ZAP', 'foo-bar@example.com', '9999999999', '2022-08-16 19:19:01', '2022-08-16 19:19:01'),
	(15, 'c:\\Windows\\system.ini', 'ZAP', 'foo-bar@example.com', '9999999999', '2022-08-16 19:19:05', '2022-08-16 19:19:05'),
	(16, 'c:\\Windows\\system.ini', 'ZAP', 'foo-bar@example.com', '9999999999', '2022-08-16 19:19:06', '2022-08-16 19:19:06'),
	(17, '..\\..\\..\\..\\..\\..\\..\\..\\..\\..\\..\\..\\..\\..\\..\\..\\Windows\\system.ini', 'ZAP', 'foo-bar@example.com', '9999999999', '2022-08-16 19:19:08', '2022-08-16 19:19:08'),
	(18, '..\\..\\..\\..\\..\\..\\..\\..\\..\\..\\..\\..\\..\\..\\..\\..\\Windows\\system.ini', 'ZAP', 'foo-bar@example.com', '9999999999', '2022-08-16 19:19:12', '2022-08-16 19:19:12'),
	(19, '..\\..\\..\\..\\..\\..\\..\\..\\..\\..\\..\\..\\..\\..\\..\\..\\Windows\\system.ini', 'ZAP', 'foo-bar@example.com', '9999999999', '2022-08-16 19:19:13', '2022-08-16 19:19:13'),
	(20, '/etc/passwd', 'ZAP', 'foo-bar@example.com', '9999999999', '2022-08-16 19:19:15', '2022-08-16 19:19:15'),
	(21, '/etc/passwd', 'ZAP', 'foo-bar@example.com', '9999999999', '2022-08-16 19:19:19', '2022-08-16 19:19:19'),
	(22, '/etc/passwd', 'ZAP', 'foo-bar@example.com', '9999999999', '2022-08-16 19:19:20', '2022-08-16 19:19:20'),
	(23, '../../../../../../../../../../../../../../../../etc/passwd', 'ZAP', 'foo-bar@example.com', '9999999999', '2022-08-16 19:19:22', '2022-08-16 19:19:22'),
	(24, '../../../../../../../../../../../../../../../../etc/passwd', 'ZAP', 'foo-bar@example.com', '9999999999', '2022-08-16 19:19:26', '2022-08-16 19:19:26'),
	(25, '../../../../../../../../../../../../../../../../etc/passwd', 'ZAP', 'foo-bar@example.com', '9999999999', '2022-08-16 19:19:27', '2022-08-16 19:19:27'),
	(26, 'c:/', 'ZAP', 'foo-bar@example.com', '9999999999', '2022-08-16 19:19:29', '2022-08-16 19:19:29'),
	(27, 'c:/', 'ZAP', 'foo-bar@example.com', '9999999999', '2022-08-16 19:19:34', '2022-08-16 19:19:34'),
	(28, 'c:/', 'ZAP', 'foo-bar@example.com', '9999999999', '2022-08-16 19:19:34', '2022-08-16 19:19:34'),
	(29, '/', 'ZAP', 'foo-bar@example.com', '9999999999', '2022-08-16 19:19:36', '2022-08-16 19:19:36'),
	(30, '/', 'ZAP', 'foo-bar@example.com', '9999999999', '2022-08-16 19:19:40', '2022-08-16 19:19:40'),
	(31, '/', 'ZAP', 'foo-bar@example.com', '9999999999', '2022-08-16 19:19:41', '2022-08-16 19:19:41'),
	(32, 'c:\\', 'ZAP', 'foo-bar@example.com', '9999999999', '2022-08-16 19:19:43', '2022-08-16 19:19:43'),
	(33, 'c:\\', 'ZAP', 'foo-bar@example.com', '9999999999', '2022-08-16 19:19:48', '2022-08-16 19:19:48'),
	(34, 'c:\\', 'ZAP', 'foo-bar@example.com', '9999999999', '2022-08-16 19:19:49', '2022-08-16 19:19:49'),
	(35, '../../../../../../../../../../../../../../../../', 'ZAP', 'foo-bar@example.com', '9999999999', '2022-08-16 19:19:51', '2022-08-16 19:19:51'),
	(36, 'thishouldnotexistandhopefullyitwillnot', 'ZAP', 'foo-bar@example.com', '9999999999', '2022-08-16 19:20:19', '2022-08-16 19:20:19'),
	(37, 'thishouldnotexistandhopefullyitwillnot', 'ZAP', 'foo-bar@example.com', '9999999999', '2022-08-16 19:20:24', '2022-08-16 19:20:24'),
	(38, 'thishouldnotexistandhopefullyitwillnot', 'ZAP', 'foo-bar@example.com', '9999999999', '2022-08-16 19:20:25', '2022-08-16 19:20:25'),
	(39, 'ZAP', 'c:/Windows/system.ini', 'foo-bar@example.com', '9999999999', '2022-08-16 19:20:28', '2022-08-16 19:20:28'),
	(40, 'ZAP', 'c:/Windows/system.ini', 'foo-bar@example.com', '9999999999', '2022-08-16 19:20:35', '2022-08-16 19:20:35'),
	(41, 'ZAP', 'c:/Windows/system.ini', 'foo-bar@example.com', '9999999999', '2022-08-16 19:20:36', '2022-08-16 19:20:36'),
	(42, 'ZAP', '../../../../../../../../../../../../../../../../Windows/system.ini', 'foo-bar@example.com', '9999999999', '2022-08-16 19:20:39', '2022-08-16 19:20:39'),
	(43, 'ZAP', '../../../../../../../../../../../../../../../../Windows/system.ini', 'foo-bar@example.com', '9999999999', '2022-08-16 19:20:46', '2022-08-16 19:20:46'),
	(44, 'ZAP', '../../../../../../../../../../../../../../../../Windows/system.ini', 'foo-bar@example.com', '9999999999', '2022-08-16 19:20:47', '2022-08-16 19:20:47'),
	(45, 'ZAP', 'c:\\Windows\\system.ini', 'foo-bar@example.com', '9999999999', '2022-08-16 19:20:50', '2022-08-16 19:20:50'),
	(46, 'ZAP', 'c:\\Windows\\system.ini', 'foo-bar@example.com', '9999999999', '2022-08-16 19:20:56', '2022-08-16 19:20:56'),
	(47, 'ZAP', 'c:\\Windows\\system.ini', 'foo-bar@example.com', '9999999999', '2022-08-16 19:20:57', '2022-08-16 19:20:57'),
	(48, 'ZAP', '..\\..\\..\\..\\..\\..\\..\\..\\..\\..\\..\\..\\..\\..\\..\\..\\Windows\\system.ini', 'foo-bar@example.com', '9999999999', '2022-08-16 19:21:00', '2022-08-16 19:21:00'),
	(49, 'ZAP', '..\\..\\..\\..\\..\\..\\..\\..\\..\\..\\..\\..\\..\\..\\..\\..\\Windows\\system.ini', 'foo-bar@example.com', '9999999999', '2022-08-16 19:21:07', '2022-08-16 19:21:07'),
	(50, 'ZAP', '..\\..\\..\\..\\..\\..\\..\\..\\..\\..\\..\\..\\..\\..\\..\\..\\Windows\\system.ini', 'foo-bar@example.com', '9999999999', '2022-08-16 19:21:08', '2022-08-16 19:21:08'),
	(51, 'ZAP', '../../../../../../../../../../../../../../../../etc/passwd', 'foo-bar@example.com', '9999999999', '2022-08-16 19:21:23', '2022-08-16 19:21:23'),
	(52, 'ZAP', '../../../../../../../../../../../../../../../../etc/passwd', 'foo-bar@example.com', '9999999999', '2022-08-16 19:21:24', '2022-08-16 19:21:24'),
	(53, 'ZAP', 'c:/', 'foo-bar@example.com', '9999999999', '2022-08-16 19:21:26', '2022-08-16 19:21:26'),
	(54, 'ZAP', '/', 'foo-bar@example.com', '9999999999', '2022-08-16 19:21:39', '2022-08-16 19:21:39'),
	(55, 'ZAP', '/WEB-INF/web.xml', 'foo-bar@example.com', '9999999999', '2022-08-16 19:22:24', '2022-08-16 19:22:24'),
	(56, 'ZAP', '/WEB-INF/web.xml', 'foo-bar@example.com', '9999999999', '2022-08-16 19:22:25', '2022-08-16 19:22:25'),
	(57, 'ZAP', '\\WEB-INF\\web.xml', 'foo-bar@example.com', '9999999999', '2022-08-16 19:22:27', '2022-08-16 19:22:27'),
	(58, 'ZAP', 'thishouldnotexistandhopefullyitwillnot', 'foo-bar@example.com', '9999999999', '2022-08-16 19:22:44', '2022-08-16 19:22:44'),
	(59, 'ZAP', 'ZAP', 'foo-bar@example.com', '..\\..\\..\\..\\..\\..\\..\\..\\..\\..\\..\\..\\..\\..\\..\\..\\Windows\\system.ini', '2022-08-16 19:23:19', '2022-08-16 19:23:19'),
	(60, 'ZAP', 'ZAP', 'foo-bar@example.com', '/etc/passwd', '2022-08-16 19:23:26', '2022-08-16 19:23:26'),
	(61, 'ZAP', 'ZAP', 'foo-bar@example.com', '/etc/passwd', '2022-08-16 19:23:27', '2022-08-16 19:23:27'),
	(62, 'ZAP', 'ZAP', 'foo-bar@example.com', '/etc/passwd', '2022-08-16 19:23:28', '2022-08-16 19:23:28'),
	(63, 'ZAP', 'ZAP', 'foo-bar@example.com', '../../../../../../../../../../../../../../../../etc/passwd', '2022-08-16 19:23:35', '2022-08-16 19:23:35'),
	(64, 'ZAP', 'ZAP', 'foo-bar@example.com', '../../../../../../../../../../../../../../../../etc/passwd', '2022-08-16 19:23:36', '2022-08-16 19:23:36');
/*!40000 ALTER TABLE `compro_contacts` ENABLE KEYS */;


-- Dumping structure for table lke.compro_galleries
CREATE TABLE IF NOT EXISTS `compro_galleries` (
  `id` bigint(20) NOT NULL AUTO_INCREMENT,
  `image` text NOT NULL,
  `description` varchar(64) NOT NULL,
  `user_id` bigint(20) NOT NULL,
  `created_at` timestamp NULL DEFAULT NULL,
  `updated_at` timestamp NULL DEFAULT NULL,
  PRIMARY KEY (`id`)
) ENGINE=InnoDB AUTO_INCREMENT=4 DEFAULT CHARSET=utf8mb4;

-- Dumping data for table lke.compro_galleries: ~1 rows (approximately)
/*!40000 ALTER TABLE `compro_galleries` DISABLE KEYS */;
INSERT INTO `compro_galleries` (`id`, `image`, `description`, `user_id`, `created_at`, `updated_at`) VALUES
	(1, '1643554538_komputer.jpg', 'Gambar Pertama', 1, '2022-01-30 14:55:38', '2022-01-30 14:55:38'),
	(3, '1645614732_pexels-pixabay-301614.jpg', 'tes', 1, '2022-02-23 11:12:12', '2022-02-23 11:12:12');
/*!40000 ALTER TABLE `compro_galleries` ENABLE KEYS */;


-- Dumping structure for table lke.compro_main_banners
CREATE TABLE IF NOT EXISTS `compro_main_banners` (
  `id` bigint(20) unsigned NOT NULL AUTO_INCREMENT,
  `title` varchar(20) DEFAULT NULL,
  `subtitle` varchar(200) DEFAULT NULL,
  `image` text CHARACTER SET utf8mb4 COLLATE utf8mb4_unicode_ci NOT NULL,
  `sequence` int(2) DEFAULT NULL,
  `user_id` bigint(20) NOT NULL,
  `created_at` timestamp NULL DEFAULT NULL,
  `updated_at` timestamp NULL DEFAULT NULL,
  PRIMARY KEY (`id`)
) ENGINE=InnoDB AUTO_INCREMENT=4 DEFAULT CHARSET=utf8mb4;

-- Dumping data for table lke.compro_main_banners: ~1 rows (approximately)
/*!40000 ALTER TABLE `compro_main_banners` DISABLE KEYS */;
INSERT INTO `compro_main_banners` (`id`, `title`, `subtitle`, `image`, `sequence`, `user_id`, `created_at`, `updated_at`) VALUES
	(1, 'Port to Port', 'layanan pengiriman dari pelabuhan, bandara menuju ke pelabuhan, bandara atau gudang ekspedisi dan barang di ambil sendiri oleh pengirim', '1660112588_hero-slider1.jpg', 1, 1, '2022-08-10 13:23:08', '2022-08-10 13:34:52'),
	(3, 'Port to Door', 'layanan pengiriman barang dari pelabuhan, bandara atau gudang yang di antarkan oleh pengirim menuju alamat langsung penerima.', '1660115547_hero-slider3.jpg', 2, 1, '2022-08-10 14:12:27', '2022-08-10 14:12:27');
/*!40000 ALTER TABLE `compro_main_banners` ENABLE KEYS */;


-- Dumping structure for table lke.compro_posts
CREATE TABLE IF NOT EXISTS `compro_posts` (
  `id` bigint(20) unsigned NOT NULL AUTO_INCREMENT,
  `title` varchar(100) CHARACTER SET utf8mb4 COLLATE utf8mb4_unicode_ci NOT NULL,
  `slug` varchar(255) CHARACTER SET utf8mb4 COLLATE utf8mb4_unicode_ci NOT NULL,
  `category` varchar(255) CHARACTER SET utf8mb4 COLLATE utf8mb4_unicode_ci DEFAULT NULL,
  `content` text CHARACTER SET utf8mb4 COLLATE utf8mb4_unicode_ci NOT NULL,
  `image` text CHARACTER SET utf8mb4 COLLATE utf8mb4_unicode_ci NOT NULL,
  `status` varchar(10) NOT NULL,
  `user_id` bigint(20) NOT NULL,
  `created_at` timestamp NULL DEFAULT NULL,
  `updated_at` timestamp NULL DEFAULT NULL,
  `published_at` datetime DEFAULT NULL,
  PRIMARY KEY (`id`),
  UNIQUE KEY `compro_posts_slug_unique` (`slug`)
) ENGINE=InnoDB AUTO_INCREMENT=11 DEFAULT CHARSET=utf8mb4;

-- Dumping data for table lke.compro_posts: ~6 rows (approximately)
/*!40000 ALTER TABLE `compro_posts` DISABLE KEYS */;
INSERT INTO `compro_posts` (`id`, `title`, `slug`, `category`, `content`, `image`, `status`, `user_id`, `created_at`, `updated_at`, `published_at`) VALUES
	(3, 'berita satu', 'berita-satu', NULL, '<p>Contoh berita yang pakai enter.</p><p><br></p><p>nah disini adalah baris baru harusnya sih. ga tau jg klaua begini.Lorem ipsum dolor sit amet, consectetur adipiscing elit, sed do eiusmod tempor incididunt ut labore et dolore magna aliqua. Ut enim ad minim veniam, quis nostrud exercitation ullamco laboris nisi ut aliquip ex ea commodo consequat.</p><p><br></p><p>Duis aute irure dolor in reprehenderit in voluptate velit esse cillum dolore eu fugiat nulla pariatur. Excepteur sint occaecat cupidatat non proident, sunt in culpa qui officia deserunt mollit anim id est laborum.</p>', '1643707424_excel.jpg', 'PUBLISH', 1, '2022-02-01 09:15:14', '2022-07-12 15:41:26', '2022-07-12 15:41:26'),
	(4, 'berita dua', 'berita-dua', NULL, 'Lorem ipsum dolor sit amet, consectetur adipiscing elit, sed do eiusmod tempor incididunt ut labore et dolore magna aliqua. Ut enim ad minim veniam, quis nostrud exercitation ullamco laboris nisi ut aliquip ex ea commodo consequat. Duis aute irure dolor in reprehenderit in voluptate velit esse cillum dolore eu fugiat nulla pariatur. Excepteur sint occaecat cupidatat non proident, sunt in culpa qui officia deserunt mollit anim id est laborum.', '1643707424_excel.jpg', 'PUBLISH', 1, '2022-02-01 09:15:14', '2022-02-01 09:23:44', '2022-02-01 15:12:15'),
	(5, 'berita tiga', 'berita-tiga', NULL, 'Lorem ipsum dolor sit amet, consectetur adipiscing elit, sed do eiusmod tempor incididunt ut labore et dolore magna aliqua. Ut enim ad minim veniam, quis nostrud exercitation ullamco laboris nisi ut aliquip ex ea commodo consequat. Duis aute irure dolor in reprehenderit in voluptate velit esse cillum dolore eu fugiat nulla pariatur. Excepteur sint occaecat cupidatat non proident, sunt in culpa qui officia deserunt mollit anim id est laborum.', '1643707424_excel.jpg', 'PUBLISH', 1, '2022-02-01 09:15:14', '2022-02-01 09:23:44', '2022-02-01 16:12:15'),
	(6, 'berita empat', 'berita-empat', NULL, 'Lorem ipsum dolor sit amet, consectetur adipiscing elit, sed do eiusmod tempor incididunt ut labore et dolore magna aliqua. Ut enim ad minim veniam, quis nostrud exercitation ullamco laboris nisi ut aliquip ex ea commodo consequat. Duis aute irure dolor in reprehenderit in voluptate velit esse cillum dolore eu fugiat nulla pariatur. Excepteur sint occaecat cupidatat non proident, sunt in culpa qui officia deserunt mollit anim id est laborum.', '1643707424_excel.jpg', 'PUBLISH', 1, '2022-02-01 09:15:14', '2022-02-01 09:23:44', '2022-02-01 17:12:15'),
	(7, 'berita lima', 'berita-lima', NULL, 'Lorem ipsum dolor sit amet, consectetur adipiscing elit, sed do eiusmod tempor incididunt ut labore et dolore magna aliqua. Ut enim ad minim veniam, quis nostrud exercitation ullamco laboris nisi ut aliquip ex ea commodo consequat. Duis aute irure dolor in reprehenderit in voluptate velit esse cillum dolore eu fugiat nulla pariatur. Excepteur sint occaecat cupidatat non proident, sunt in culpa qui officia deserunt mollit anim id est laborum.', '1643707424_excel.jpg', 'PUBLISH', 1, '2022-02-01 09:15:14', '2022-02-01 09:23:44', '2022-02-01 18:12:15'),
	(8, 'berita enam', 'berita-enam', NULL, 'Lorem ipsum dolor sit amet, consectetur adipiscing elit, sed do eiusmod tempor incididunt ut labore et dolore magna aliqua. Ut enim ad minim veniam, quis nostrud exercitation ullamco laboris nisi ut aliquip ex ea commodo consequat. Duis aute irure dolor in reprehenderit in voluptate velit esse cillum dolore eu fugiat nulla pariatur. Excepteur sint occaecat cupidatat non proident, sunt in culpa qui officia deserunt mollit anim id est laborum.', '1643707424_excel.jpg', 'PUBLISH', 1, '2022-02-01 09:15:14', '2022-02-01 09:23:44', '2022-02-01 19:12:15'),
	(9, 'berita tujuh', 'berita-tujuh', NULL, 'Lorem ipsum dolor sit amet, consectetur adipiscing elit, sed do eiusmod tempor incididunt ut labore et dolore magna aliqua. Ut enim ad minim veniam, quis nostrud exercitation ullamco laboris nisi ut aliquip ex ea commodo consequat. Duis aute irure dolor in reprehenderit in voluptate velit esse cillum dolore eu fugiat nulla pariatur. Excepteur sint occaecat cupidatat non proident, sunt in culpa qui officia deserunt mollit anim id est laborum.', '1643707424_excel.jpg', 'PUBLISH', 1, '2022-02-01 09:15:14', '2022-02-01 09:23:44', '2022-02-01 20:12:15'),
	(10, 'contoh artikel sederhana', 'contoh-artikel-sederhana', NULL, 'Lorem ipsum dolor sit amet, consectetur adipiscing elit. Etiam commodo suscipit nisi sed interdum. Nunc placerat suscipit feugiat. Suspendisse ut velit vel lacus vehicula rutrum et eu risus. Duis dui tortor, pharetra at justo sed, congue efficitur est. Nam rhoncus mattis neque id faucibus. Suspendisse felis elit, lobortis non auctor quis, semper ut quam. Etiam at placerat justo. Donec aliquet nunc non elit semper, at sollicitudin nibh dignissim. Nunc fringilla ornare odio vel dapibus. Sed facilisis dignissim felis tristique gravida.\r\n\r\nEtiam lobortis, dolor a elementum vestibulum, augue ante malesuada mauris, et pretium ligula turpis id sapien. Donec fermentum turpis efficitur, fermentum mauris in, pretium nisi. Nunc interdum lectus augue, quis dignissim metus lobortis porttitor. Donec rhoncus lacinia volutpat. Sed sit amet justo vitae sapien imperdiet luctus vel et dui. Duis eget lorem mauris. Vivamus sodales dolor sit amet tellus iaculis dapibus. Sed vitae nunc id mauris suscipit fermentum. Sed semper quam non nunc hendrerit elementum.\r\n\r\nProin commodo congue eros nec molestie. Donec in molestie tellus. Nam tincidunt enim ac ante dignissim varius. Aenean commodo erat in elit vulputate, id vehicula nulla posuere. In vel magna ut est dictum varius sed at massa. Aliquam lobortis lacus pharetra facilisis vulputate. Pellentesque nec elementum justo. Fusce lacinia, metus vitae venenatis tempus, mauris lectus fringilla sapien, et porta ligula orci at tellus. Donec pellentesque nulla elit, aliquet porttitor tortor cursus a. Etiam convallis mauris ex, dapibus dictum elit tincidunt eu. Pellentesque habitant morbi tristique senectus et netus et malesuada fames ac turpis egestas. Proin posuere semper felis, ut pharetra mauris faucibus eget. Fusce ligula elit, ornare tristique dignissim vel, posuere vitae ipsum. Integer ac ipsum feugiat, posuere est iaculis, vestibulum elit. Cras eget mattis justo.\r\n\r\nPraesent sed lacus vitae ante ornare sodales. Proin pretium diam non quam finibus, et viverra magna vulputate. Mauris viverra, mi aliquam fringilla consequat, lacus est lobortis nulla, sed tempus justo leo eget erat. Fusce venenatis, neque ac tincidunt tristique, odio quam laoreet ipsum, a ultrices augue metus in nisi. Pellentesque habitant morbi tristique senectus et netus et malesuada fames ac turpis egestas. Sed ornare, leo sit amet scelerisque ornare, eros eros hendrerit sapien, id facilisis metus tortor in libero. Sed eget urna lectus. Pellentesque eleifend tortor quis enim vestibulum, in tincidunt arcu maximus.\r\n\r\nUt ullamcorper quis erat at dapibus. Curabitur mattis dui sed sem venenatis finibus. In risus sapien, imperdiet eget dignissim quis, elementum quis mi. Aliquam nulla nunc, bibendum quis sollicitudin a, imperdiet eget turpis. In hac habitasse platea dictumst. Nunc euismod ex non justo sollicitudin luctus. Ut dignissim lectus ut interdum euismod. Vestibulum ligula justo, tempus nec ex at, bibendum vehicula est. Maecenas in erat lobortis leo porttitor tempus. Phasellus ut est in leo iaculis efficitur quis eget lacus. Duis fringilla nibh vitae eros ultrices maximus.', '1645614911_pexels-pixabay-301614.jpg', 'PUBLISH', 1, '2022-02-23 11:15:11', '2022-02-23 11:15:54', '2022-02-23 11:15:54');
/*!40000 ALTER TABLE `compro_posts` ENABLE KEYS */;


-- Dumping structure for table lke.compro_services
CREATE TABLE IF NOT EXISTS `compro_services` (
  `id` bigint(20) NOT NULL AUTO_INCREMENT,
  `title` varchar(20) NOT NULL,
  `image` text NOT NULL,
  `description` varchar(128) NOT NULL,
  `user_id` bigint(20) NOT NULL,
  `is_active` char(1) NOT NULL,
  `created_at` timestamp NULL DEFAULT NULL,
  `updated_at` timestamp NULL DEFAULT NULL,
  PRIMARY KEY (`id`)
) ENGINE=InnoDB AUTO_INCREMENT=4 DEFAULT CHARSET=utf8mb4;

-- Dumping data for table lke.compro_services: ~2 rows (approximately)
/*!40000 ALTER TABLE `compro_services` DISABLE KEYS */;
INSERT INTO `compro_services` (`id`, `title`, `image`, `description`, `user_id`, `is_active`, `created_at`, `updated_at`) VALUES
	(2, 'Darat', '1643524212_truck-1024x1024.jpg', 'lorem ipsum sir dolor amet tes aja', 1, 'Y', '2022-01-30 05:51:29', '2022-02-23 10:55:24'),
	(3, 'Test', '1643522375_github-error.jpg', 'test', 1, 'T', '2022-01-30 05:59:35', '2022-04-26 22:24:48');
/*!40000 ALTER TABLE `compro_services` ENABLE KEYS */;


-- Dumping structure for table lke.customers
CREATE TABLE IF NOT EXISTS `customers` (
  `id` bigint(20) NOT NULL AUTO_INCREMENT,
  `customer_code` varchar(32) NOT NULL,
  `customer_name` varchar(64) NOT NULL,
  `address` varchar(160) NOT NULL,
  `city_id` bigint(20) DEFAULT NULL,
  `phone_number` varchar(20) DEFAULT NULL,
  `email` varchar(128) DEFAULT NULL,
  `last_mou_id` bigint(20) DEFAULT NULL,
  `tax_number` varchar(50) DEFAULT NULL,
  `tax` char(1) NOT NULL,
  `user_id` bigint(20) NOT NULL,
  `created_at` timestamp NULL DEFAULT NULL,
  `updated_at` timestamp NULL DEFAULT NULL,
  `deleted_at` datetime DEFAULT NULL,
  `deleted_by` bigint(10) unsigned DEFAULT NULL,
  PRIMARY KEY (`id`),
  UNIQUE KEY `customer_code` (`customer_code`),
  KEY `FK_customers_cities` (`city_id`),
  CONSTRAINT `FK_customers_cities` FOREIGN KEY (`city_id`) REFERENCES `cities` (`id`)
) ENGINE=InnoDB AUTO_INCREMENT=695 DEFAULT CHARSET=utf8mb4;

-- Dumping data for table lke.customers: ~693 rows (approximately)
/*!40000 ALTER TABLE `customers` DISABLE KEYS */;
INSERT INTO `customers` (`id`, `customer_code`, `customer_name`, `address`, `city_id`, `phone_number`, `email`, `last_mou_id`, `tax_number`, `tax`, `user_id`, `created_at`, `updated_at`, `deleted_at`, `deleted_by`) VALUES
	(1, 'CUST-000001', 'PT Aditya Mandiri Sejahtera', 'Jl Raya Kebayunan Kec Tapos', 1, '08123456789', 'ams@gmail.com', NULL, '10200900', 'Y', 1, '2022-03-05 15:44:45', '2022-03-06 03:05:11', NULL, NULL),
	(2, 'CUST-000002', 'PT ABC', 'Jl Raya Pesanggrahan', 4, '123456789', 'abc@mail.com', NULL, NULL, 'N', 1, '2022-03-09 14:36:20', '2022-03-09 14:36:20', NULL, NULL),
	(4, 'CUST-000004', 'ABX', 'MEDAN', 148, '0123', 'abx@mail.com', NULL, NULL, 'N', 1, NULL, '2022-03-18 05:31:05', NULL, NULL),
	(5, 'CUST-000005', 'ADA FASHION', 'JL. INDUSTRI 1 NO. 53 GN. SAHARI UTARA SAWAH BESAR', NULL, '2162307371', NULL, NULL, NULL, 'N', 1, NULL, NULL, NULL, NULL),
	(6, 'CUST-000006', 'ADILUC', 'JAKARTA', NULL, '', NULL, NULL, NULL, 'N', 1, NULL, NULL, NULL, NULL),
	(7, 'CUST-000007', 'ADIRA KREDIT', 'JAKARTA', NULL, '', NULL, NULL, NULL, 'N', 1, NULL, NULL, NULL, NULL),
	(8, 'CUST-000008', 'AGUNG PERMAI', 'JAKARTA', NULL, '', NULL, NULL, NULL, 'N', 1, NULL, NULL, NULL, NULL),
	(9, 'CUST-000009', 'AIRBONE', 'BANDUNG', NULL, '', NULL, NULL, NULL, 'N', 1, NULL, NULL, NULL, NULL),
	(10, 'CUST-000010', 'AJEX', '', NULL, '', NULL, NULL, NULL, 'N', 1, NULL, NULL, NULL, NULL),
	(11, 'CUST-000011', 'AMABEL', 'JAKARTA', NULL, '', NULL, NULL, NULL, 'N', 1, NULL, NULL, NULL, NULL),
	(12, 'CUST-000012', 'ANJAR PARFUME', 'JAKARTA', NULL, '', NULL, NULL, NULL, 'N', 1, NULL, NULL, NULL, NULL),
	(13, 'CUST-000013', 'ANTONY FASHION', 'JAKARTA', NULL, '', NULL, NULL, NULL, 'N', 1, NULL, NULL, NULL, NULL),
	(14, 'CUST-000014', 'ANUGRAH SURYA PERDANA', 'JL. TEMBOAN NO. 100 BATUKOTA MANADO', NULL, '0431-836408', NULL, NULL, NULL, 'N', 1, NULL, NULL, NULL, NULL),
	(15, 'CUST-000015', 'ARUNA INDONESIA', 'JAKARTA, PASAR MINGGU', NULL, '', NULL, NULL, NULL, 'N', 1, NULL, NULL, NULL, NULL),
	(16, 'CUST-000016', 'ASBUDI CARGO', 'SAMARINDA', NULL, '', NULL, NULL, NULL, 'N', 1, NULL, NULL, NULL, NULL),
	(17, 'CUST-000017', 'ASEP', 'BOGOR', NULL, '', NULL, NULL, NULL, 'N', 1, NULL, NULL, NULL, NULL),
	(18, 'CUST-000018', 'BAHANA EKSPRESS', 'JAKARTA', NULL, '', NULL, NULL, NULL, 'N', 1, NULL, NULL, NULL, NULL),
	(19, 'CUST-000019', 'BAMBANG', 'JAKARTA', NULL, '', NULL, NULL, NULL, 'N', 1, NULL, NULL, NULL, NULL),
	(20, 'CUST-000020', 'BAPA DONI', 'MANGGA DUA', NULL, '', NULL, NULL, NULL, 'N', 1, NULL, NULL, NULL, NULL),
	(21, 'CUST-000021', 'BAPA HADI', 'MANGGA DUA', NULL, '', NULL, NULL, NULL, 'N', 1, NULL, NULL, NULL, NULL),
	(22, 'CUST-000022', 'BAPAK ABDUL AZIS', 'JAKARTA', NULL, '', NULL, NULL, NULL, 'N', 1, NULL, NULL, NULL, NULL),
	(23, 'CUST-000023', 'BAPAK AGUS', 'JAKARTA', NULL, '', NULL, NULL, NULL, 'N', 1, NULL, NULL, NULL, NULL),
	(24, 'CUST-000024', 'BAPAK AHMAD', 'JAKARTA', NULL, '', NULL, NULL, NULL, 'N', 1, NULL, NULL, NULL, NULL),
	(25, 'CUST-000025', 'BAPAK AMIN', 'JAKARTA', NULL, '', NULL, NULL, NULL, 'N', 1, NULL, NULL, NULL, NULL),
	(26, 'CUST-000026', 'BAPAK ANDRI', 'JAKARTA', NULL, '', NULL, NULL, NULL, 'N', 1, NULL, NULL, NULL, NULL),
	(27, 'CUST-000027', 'BAPAK ANIS', 'JAKARTA', NULL, '', NULL, NULL, NULL, 'N', 1, NULL, NULL, NULL, NULL),
	(28, 'CUST-000028', 'BAPAK ANTON', 'JAKARTA', NULL, '', NULL, NULL, NULL, 'N', 1, NULL, NULL, NULL, NULL),
	(29, 'CUST-000029', 'BAPAK ARAFAH', 'JAKARTA', NULL, '', NULL, NULL, NULL, 'N', 1, NULL, NULL, NULL, NULL),
	(30, 'CUST-000030', 'BAPAK ARTHUR', 'JAKARTA', NULL, '', NULL, NULL, NULL, 'N', 1, NULL, NULL, NULL, NULL),
	(31, 'CUST-000031', 'BAPAK BENI ENDRA', 'JAKARTA', NULL, '', NULL, NULL, NULL, 'N', 1, NULL, NULL, NULL, NULL),
	(32, 'CUST-000032', 'BAPAK BENIE KAPITAN', '', NULL, '', NULL, NULL, NULL, 'N', 1, NULL, NULL, NULL, NULL),
	(33, 'CUST-000033', 'BAPAK BISMAR', 'JAKARTA', NULL, '', NULL, NULL, NULL, 'N', 1, NULL, NULL, NULL, NULL),
	(34, 'CUST-000034', 'BAPAK BUDI', 'JAKARTA', NULL, '', NULL, NULL, NULL, 'N', 1, NULL, NULL, NULL, NULL),
	(35, 'CUST-000035', 'BAPAK CAPT. ALAN', 'JAKARTA', NULL, '', NULL, NULL, NULL, 'N', 1, NULL, NULL, NULL, NULL),
	(36, 'CUST-000036', 'BAPAK DEDE', 'JAKARTA', NULL, '', NULL, NULL, NULL, 'N', 1, NULL, NULL, NULL, NULL),
	(37, 'CUST-000037', 'BAPAK DONO', 'JAKARTA', NULL, '', NULL, NULL, NULL, 'N', 1, NULL, NULL, NULL, NULL),
	(38, 'CUST-000038', 'BAPAK DUTA', 'JAKARTA', NULL, '', NULL, NULL, NULL, 'N', 1, NULL, NULL, NULL, NULL),
	(39, 'CUST-000039', 'BAPAK EBEN', 'JAKARTA', NULL, '', NULL, NULL, NULL, 'N', 1, NULL, NULL, NULL, NULL),
	(40, 'CUST-000040', 'BAPAK ENDO', '', NULL, '', NULL, NULL, NULL, 'N', 1, NULL, NULL, NULL, NULL),
	(41, 'CUST-000041', 'BAPAK GEMA', 'JAKARTA', NULL, '', NULL, NULL, NULL, 'N', 1, NULL, NULL, NULL, NULL),
	(42, 'CUST-000042', 'BAPAK GUFRON', 'JAKARTA', NULL, '', NULL, NULL, NULL, 'N', 1, NULL, NULL, NULL, NULL),
	(43, 'CUST-000043', 'BAPAK H AMIR', 'JAKARTA', NULL, '', NULL, NULL, NULL, 'N', 1, NULL, NULL, NULL, NULL),
	(44, 'CUST-000044', 'BAPAK HENDRA', '', NULL, '', NULL, NULL, NULL, 'N', 1, NULL, NULL, NULL, NULL),
	(45, 'CUST-000045', 'BAPAK HERYONO', 'JAKARTA', NULL, '', NULL, NULL, NULL, 'N', 1, NULL, NULL, NULL, NULL),
	(46, 'CUST-000046', 'BAPAK HUSEN', '', NULL, '', NULL, NULL, NULL, 'N', 1, NULL, NULL, NULL, NULL),
	(47, 'CUST-000047', 'BAPAK ISMAIL', 'JAKARTA', NULL, '', NULL, NULL, NULL, 'N', 1, NULL, NULL, NULL, NULL),
	(48, 'CUST-000048', 'BAPAK JASMAN', 'JAKARTA', NULL, '', NULL, NULL, NULL, 'N', 1, NULL, NULL, NULL, NULL),
	(49, 'CUST-000049', 'BAPAK JIMI', 'JAKARTA', NULL, '', NULL, NULL, NULL, 'N', 1, NULL, NULL, NULL, NULL),
	(50, 'CUST-000050', 'BAPAK JUNAEDI', 'JAKARTA', NULL, '', NULL, NULL, NULL, 'N', 1, NULL, NULL, NULL, NULL),
	(51, 'CUST-000051', 'BAPAK MAHENDRA', '', NULL, '', NULL, NULL, NULL, 'N', 1, NULL, NULL, NULL, NULL),
	(52, 'CUST-000052', 'BAPAK MASNU', 'JAKARTA', NULL, '', NULL, NULL, NULL, 'N', 1, NULL, NULL, NULL, NULL),
	(53, 'CUST-000053', 'BAPAK NYOMAN', 'JAKARTA', NULL, '', NULL, NULL, NULL, 'N', 1, NULL, NULL, NULL, NULL),
	(54, 'CUST-000054', 'BAPAK RAGA', 'JAKARTA', NULL, '', NULL, NULL, NULL, 'N', 1, NULL, NULL, NULL, NULL),
	(55, 'CUST-000055', 'BAPAK RAHMAT (PT ALIF)', 'MEDAN', NULL, '', NULL, NULL, NULL, 'N', 1, NULL, NULL, NULL, NULL),
	(56, 'CUST-000056', 'BAPAK RAIS', 'MAKASAR', NULL, '', NULL, NULL, NULL, 'N', 1, NULL, NULL, NULL, NULL),
	(57, 'CUST-000057', 'BAPAK RIO', 'JAKARTA', NULL, '', NULL, NULL, NULL, 'N', 1, NULL, NULL, NULL, NULL),
	(58, 'CUST-000058', 'BAPAK RUKMIN', 'JAKARTA', NULL, '', NULL, NULL, NULL, 'N', 1, NULL, NULL, NULL, NULL),
	(59, 'CUST-000059', 'BAPAK RUSLI', 'JAKARTA', NULL, '', NULL, NULL, NULL, 'N', 1, NULL, NULL, NULL, NULL),
	(60, 'CUST-000060', 'BAPAK SOFYAN', 'JAKARTA', NULL, '', NULL, NULL, NULL, 'N', 1, NULL, NULL, NULL, NULL),
	(61, 'CUST-000061', 'BAPAK SRI HARTONO', 'JAKARTA', NULL, '', NULL, NULL, NULL, 'N', 1, NULL, NULL, NULL, NULL),
	(62, 'CUST-000062', 'BAPAK TAUFIK MULYANA', 'JAKARTA', NULL, '', NULL, NULL, NULL, 'N', 1, NULL, NULL, NULL, NULL),
	(63, 'CUST-000063', 'BAPAK TOMO', 'DEPOK SAWANGAN', NULL, '', NULL, NULL, NULL, 'N', 1, NULL, NULL, NULL, NULL),
	(64, 'CUST-000064', 'BAPAK UDIN - SINEX', 'MEDAN', NULL, '', NULL, NULL, NULL, 'N', 1, NULL, NULL, NULL, NULL),
	(65, 'CUST-000065', 'BAPAK UMAR', 'JAKARTA', NULL, '', NULL, NULL, NULL, 'N', 1, NULL, NULL, NULL, NULL),
	(66, 'CUST-000066', 'BAPAK WAHYU', 'JAKARTA', NULL, '', NULL, NULL, NULL, 'N', 1, NULL, NULL, NULL, NULL),
	(67, 'CUST-000067', 'BAPAK WAWAN', 'JAKARTA', NULL, '', NULL, NULL, NULL, 'N', 1, NULL, NULL, NULL, NULL),
	(68, 'CUST-000068', 'BAPAK YOYO', 'JAKARTA', NULL, '', NULL, NULL, NULL, 'N', 1, NULL, NULL, NULL, NULL),
	(69, 'CUST-000069', 'BAPAK YUDHI ARMAND', 'JAKARTA', NULL, '', NULL, NULL, NULL, 'N', 1, NULL, NULL, NULL, NULL),
	(70, 'CUST-000070', 'BATAM', 'MEGA MALL BATAM CENTRE', NULL, '', NULL, NULL, NULL, 'N', 1, NULL, NULL, NULL, NULL),
	(71, 'CUST-000071', 'BAZAR SEMARANG', '', NULL, '', NULL, NULL, NULL, 'N', 1, NULL, NULL, NULL, NULL),
	(72, 'CUST-000072', 'BEAUTY WORLD', 'JAKARTA', NULL, '', NULL, NULL, NULL, 'N', 1, NULL, NULL, NULL, NULL),
	(73, 'CUST-000073', 'BENGKEL DISTRO', 'KOMP\' RUKO PURI BETE I LARANGAN UTARA CILEDUG-TANGERANG', NULL, '73100160', NULL, NULL, NULL, 'N', 1, NULL, NULL, NULL, NULL),
	(74, 'CUST-000074', 'BENGKEL GAOEL', 'JAKARTA', NULL, '', NULL, NULL, NULL, 'N', 1, NULL, NULL, NULL, NULL),
	(75, 'CUST-000075', 'BERKAT LOGISTIC', 'BEKASI', NULL, '', NULL, NULL, NULL, 'N', 1, NULL, NULL, NULL, NULL),
	(76, 'CUST-000076', 'BINTANG CARGO EXPRESS', 'JAKARTA', NULL, '', NULL, NULL, NULL, 'N', 1, NULL, NULL, NULL, NULL),
	(77, 'CUST-000077', 'BLINX', '', NULL, '', NULL, NULL, NULL, 'N', 1, NULL, NULL, NULL, NULL),
	(78, 'CUST-000078', 'BP AGUS', 'JAKARTA', NULL, '', NULL, NULL, NULL, 'N', 1, NULL, NULL, NULL, NULL),
	(79, 'CUST-000079', 'BP ALAN', 'JAKARTA', NULL, '', NULL, NULL, NULL, 'N', 1, NULL, NULL, NULL, NULL),
	(80, 'CUST-000080', 'BP ALDRIN', 'CEMPAKA MAS', NULL, '', NULL, NULL, NULL, 'N', 1, NULL, NULL, NULL, NULL),
	(81, 'CUST-000081', 'BP ALIANG', '', NULL, '', NULL, NULL, NULL, 'N', 1, NULL, NULL, NULL, NULL),
	(82, 'CUST-000082', 'BP ANDIE', 'JAKARTA', NULL, '', NULL, NULL, NULL, 'N', 1, NULL, NULL, NULL, NULL),
	(83, 'CUST-000083', 'BP ANDRE', 'PROYEK SENEN JAKARTA', NULL, '', NULL, NULL, NULL, 'N', 1, NULL, NULL, NULL, NULL),
	(84, 'CUST-000084', 'BP ANDREAS', 'JAKARTA', NULL, '', NULL, NULL, NULL, 'N', 1, NULL, NULL, NULL, NULL),
	(85, 'CUST-000085', 'BP BLASIUS ABIN', 'CEMPAKA PUTIH', NULL, '81289648222', NULL, NULL, NULL, 'N', 1, NULL, NULL, NULL, NULL),
	(86, 'CUST-000086', 'BP BUDI', 'JAKARTA', NULL, '', NULL, NULL, NULL, 'N', 1, NULL, NULL, NULL, NULL),
	(87, 'CUST-000087', 'BP DAVID SIMANJUNTAK', 'DEPOK', NULL, '', NULL, NULL, NULL, 'N', 1, NULL, NULL, NULL, NULL),
	(88, 'CUST-000088', 'BP DEKKI', 'JAKARTA', NULL, '', NULL, NULL, NULL, 'N', 1, NULL, NULL, NULL, NULL),
	(89, 'CUST-000089', 'BP DODI', 'JAKARTA', NULL, '', NULL, NULL, NULL, 'N', 1, NULL, NULL, NULL, NULL),
	(90, 'CUST-000090', 'BP DONNY', 'BATAM', NULL, '', NULL, NULL, NULL, 'N', 1, NULL, NULL, NULL, NULL),
	(91, 'CUST-000091', 'BP ERICK', 'JAKARTA', NULL, '', NULL, NULL, NULL, 'N', 1, NULL, NULL, NULL, NULL),
	(92, 'CUST-000092', 'BP FERY ISMANADI', 'CIBUBUR', NULL, '', NULL, NULL, NULL, 'N', 1, NULL, NULL, NULL, NULL),
	(93, 'CUST-000093', 'BP FIRDAUS', 'JAKARTA', NULL, '', NULL, NULL, NULL, 'N', 1, NULL, NULL, NULL, NULL),
	(94, 'CUST-000094', 'BP HALIM', 'JAKARTA', NULL, '', NULL, NULL, NULL, 'N', 1, NULL, NULL, NULL, NULL),
	(95, 'CUST-000095', 'BP HARI (GH DKI I)', 'JAKARTA', NULL, '', NULL, NULL, NULL, 'N', 1, NULL, NULL, NULL, NULL),
	(96, 'CUST-000096', 'BP HENDRA', 'PALEMBANG', NULL, '', NULL, NULL, NULL, 'N', 1, NULL, NULL, NULL, NULL),
	(97, 'CUST-000097', 'BP IAN (SULTAN BAGINDA)', 'JAKARTA', NULL, '', NULL, NULL, NULL, 'N', 1, NULL, NULL, NULL, NULL),
	(98, 'CUST-000098', 'BP IMAN H', 'JAKARTA', NULL, '', NULL, NULL, NULL, 'N', 1, NULL, NULL, NULL, NULL),
	(99, 'CUST-000099', 'BP ISMAIL', 'DEPOK', NULL, '', NULL, NULL, NULL, 'N', 1, NULL, NULL, NULL, NULL),
	(100, 'CUST-000100', 'BP JENI ISAK', 'JAKARTA', NULL, '', NULL, NULL, NULL, 'N', 1, NULL, NULL, NULL, NULL),
	(101, 'CUST-000101', 'BP KAPT. PARYONO', 'PD GEDE', NULL, '', NULL, NULL, NULL, 'N', 1, NULL, NULL, NULL, NULL),
	(102, 'CUST-000102', 'BP KRISTIAN', 'JAKARTA', NULL, '', NULL, NULL, NULL, 'N', 1, NULL, NULL, NULL, NULL),
	(103, 'CUST-000103', 'BP OKTRI', '', NULL, '', NULL, NULL, NULL, 'N', 1, NULL, NULL, NULL, NULL),
	(104, 'CUST-000104', 'BP PANIR SELWEN', 'RUKO MEGA GROSIR CEMPAKA MAS BLOK P NO 16', NULL, '', NULL, NULL, NULL, 'N', 1, NULL, NULL, NULL, NULL),
	(105, 'CUST-000105', 'BP RAHMAT', 'JAKARTA', NULL, '', NULL, NULL, NULL, 'N', 1, NULL, NULL, NULL, NULL),
	(106, 'CUST-000106', 'BP SADELI', 'TAMAN TEKNO', NULL, '', NULL, NULL, NULL, 'N', 1, NULL, NULL, NULL, NULL),
	(107, 'CUST-000107', 'BP SAPTO', 'DEPOK', NULL, '', NULL, NULL, NULL, 'N', 1, NULL, NULL, NULL, NULL),
	(108, 'CUST-000108', 'BP SATRIA', 'DEPOK', NULL, '', NULL, NULL, NULL, 'N', 1, NULL, NULL, NULL, NULL),
	(109, 'CUST-000109', 'BP SONY', 'BEKASI', NULL, '', NULL, NULL, NULL, 'N', 1, NULL, NULL, NULL, NULL),
	(110, 'CUST-000110', 'BP SUKARJONO', 'JL. KAMPUNG IRIAN I NO.15, SERDANG', NULL, '81284299063', NULL, NULL, NULL, 'N', 1, NULL, NULL, NULL, NULL),
	(111, 'CUST-000111', 'BP UCOK (TLTK)', 'JAKARTA', NULL, '', NULL, NULL, NULL, 'N', 1, NULL, NULL, NULL, NULL),
	(112, 'CUST-000112', 'BP UNTUNG', 'JAKARTA', NULL, '', NULL, NULL, NULL, 'N', 1, NULL, NULL, NULL, NULL),
	(113, 'CUST-000113', 'BP VICTOR', '', NULL, '', NULL, NULL, NULL, 'N', 1, NULL, NULL, NULL, NULL),
	(114, 'CUST-000114', 'BP ZURPATMAN', 'JAKRTA', NULL, '', NULL, NULL, NULL, 'N', 1, NULL, NULL, NULL, NULL),
	(115, 'CUST-000115', 'BP. ADI', 'JAKARTA', NULL, '', NULL, NULL, NULL, 'N', 1, NULL, NULL, NULL, NULL),
	(116, 'CUST-000116', 'BP. ADRIAN', 'JAKARTA', NULL, '', NULL, NULL, NULL, 'N', 1, NULL, NULL, NULL, NULL),
	(117, 'CUST-000117', 'BP. AMAN', 'JL. GAGAK HITAM NO.10 MEDAN', NULL, '061-8465393', NULL, NULL, NULL, 'N', 1, NULL, NULL, NULL, NULL),
	(118, 'CUST-000118', 'BP. AMEIN', 'JAKARTA', NULL, '', NULL, NULL, NULL, 'N', 1, NULL, NULL, NULL, NULL),
	(119, 'CUST-000119', 'BP. AMIR', 'BOGOR', NULL, '', NULL, NULL, NULL, 'N', 1, NULL, NULL, NULL, NULL),
	(120, 'CUST-000120', 'BP. ANDI AKBAR', 'JAKARTA', NULL, '', NULL, NULL, NULL, 'N', 1, NULL, NULL, NULL, NULL),
	(121, 'CUST-000121', 'BP. ANGLING KUSUMA PUTRA MUDA', 'JL. TARAKAN, KARAWACI', NULL, '', NULL, NULL, NULL, 'N', 1, NULL, NULL, NULL, NULL),
	(122, 'CUST-000122', 'BP. ARIS', 'JAKARTA', NULL, '', NULL, NULL, NULL, 'N', 1, NULL, NULL, NULL, NULL),
	(123, 'CUST-000123', 'BP. ARMAN', 'JAKARTA', NULL, '', NULL, NULL, NULL, 'N', 1, NULL, NULL, NULL, NULL),
	(124, 'CUST-000124', 'BP. ASWIR', 'JAKARTA', NULL, '', NULL, NULL, NULL, 'N', 1, NULL, NULL, NULL, NULL),
	(125, 'CUST-000125', 'BP. BEBEN', 'JALAN RAWAMANGUN MUKA SELATAN NO.25 RAWAMANGUN JAK-TIM', NULL, '85780713079', NULL, NULL, NULL, 'N', 1, NULL, NULL, NULL, NULL),
	(126, 'CUST-000126', 'BP. DANI ( AUDIT AMS )', 'DEPOK CIMANGGIS', NULL, '', NULL, NULL, NULL, 'N', 1, NULL, NULL, NULL, NULL),
	(127, 'CUST-000127', 'BP. FERRY', 'JAKARTA', NULL, '81311040021', NULL, NULL, NULL, 'N', 1, NULL, NULL, NULL, NULL),
	(128, 'CUST-000128', 'BP. FIRDAUS NUGROHO', 'JL. CEMPAKA PUTIH BARAT 26 NO 15A, KOMP. SEKNEG, SEBELAH SMP 137', NULL, '85580567', NULL, NULL, NULL, 'N', 1, NULL, NULL, NULL, NULL),
	(129, 'CUST-000129', 'BP. HARI MUKTI WIBOWO', 'DEPOK', NULL, '', NULL, NULL, NULL, 'N', 1, NULL, NULL, NULL, NULL),
	(130, 'CUST-000130', 'BP. HENGKY', 'JAKARTA', NULL, '', NULL, NULL, NULL, 'N', 1, NULL, NULL, NULL, NULL),
	(131, 'CUST-000131', 'BP. ILHAM', 'JL. IR. P.H.M. NOOR PAMBATAAN, SAMPING BANK BTN, TANJUNG TABALONG KAL-SEL', NULL, '81363300455', NULL, NULL, NULL, 'N', 1, NULL, NULL, NULL, NULL),
	(132, 'CUST-000132', 'BP. IR. AKLUS', 'BANDUNG', NULL, '', NULL, NULL, NULL, 'N', 1, NULL, NULL, NULL, NULL),
	(133, 'CUST-000133', 'BP. JONATHAN', 'BANDUNG', NULL, '', NULL, NULL, NULL, 'N', 1, NULL, NULL, NULL, NULL),
	(134, 'CUST-000134', 'BP. JOSH FEREISA', '', NULL, '', NULL, NULL, NULL, 'N', 1, NULL, NULL, NULL, NULL),
	(135, 'CUST-000135', 'BP. MARDANES', 'JL. KAPTEN TENDEAN BLOK C4, KOMP. BANK MANDIRI, MAMPANG, JAK-SEL', NULL, '7946207', NULL, NULL, NULL, 'N', 1, NULL, NULL, NULL, NULL),
	(136, 'CUST-000136', 'BP. MARTIAS', 'JAKARTA', NULL, '', NULL, NULL, NULL, 'N', 1, NULL, NULL, NULL, NULL),
	(137, 'CUST-000137', 'BP. PANDY', 'JL. KH. ABDUL HALIM NO 124 RT. 04/03 JATIBENING-BEKASI', NULL, '0852.1598.1503', NULL, NULL, NULL, 'N', 1, NULL, NULL, NULL, NULL),
	(138, 'CUST-000138', 'BP. PARJO', 'JAKARTA', NULL, '', NULL, NULL, NULL, 'N', 1, NULL, NULL, NULL, NULL),
	(139, 'CUST-000139', 'BP. PUTU', 'JAKARTA', NULL, '', NULL, NULL, NULL, 'N', 1, NULL, NULL, NULL, NULL),
	(140, 'CUST-000140', 'BP. RAIS', 'JAKARTA', NULL, '', NULL, NULL, NULL, 'N', 1, NULL, NULL, NULL, NULL),
	(141, 'CUST-000141', 'BP. ROBERT', 'JAKARTA', NULL, '', NULL, NULL, NULL, 'N', 1, NULL, NULL, NULL, NULL),
	(142, 'CUST-000142', 'BP. ROYMANSYAH', 'RENGAT, RIAU, PEKANBARU', NULL, '85376854123', NULL, NULL, NULL, 'N', 1, NULL, NULL, NULL, NULL),
	(143, 'CUST-000143', 'BP. SEPRIADI', '', NULL, '', NULL, NULL, NULL, 'N', 1, NULL, NULL, NULL, NULL),
	(144, 'CUST-000144', 'BP. SLAMET', 'SIDOARJO', NULL, '', NULL, NULL, NULL, 'N', 1, NULL, NULL, NULL, NULL),
	(145, 'CUST-000145', 'BP. STANLY NGELO', 'JL. BOJONG BUAH RAYA NO. 14C, BANDUNG', NULL, '', NULL, NULL, NULL, 'N', 1, NULL, NULL, NULL, NULL),
	(146, 'CUST-000146', 'BP. SUPARMAN', 'JAKARTA', NULL, '', NULL, NULL, NULL, 'N', 1, NULL, NULL, NULL, NULL),
	(147, 'CUST-000147', 'BP. TEGUH', 'PONTIANAK', NULL, '', NULL, NULL, NULL, 'N', 1, NULL, NULL, NULL, NULL),
	(148, 'CUST-000148', 'BP. TITO', 'DEPOK', NULL, '', NULL, NULL, NULL, 'N', 1, NULL, NULL, NULL, NULL),
	(149, 'CUST-000149', 'BP. UCOK (BATAM)', 'BATAM', NULL, '', NULL, NULL, NULL, 'N', 1, NULL, NULL, NULL, NULL),
	(150, 'CUST-000150', 'BP. YANDRI', 'JAKARTA', NULL, '', NULL, NULL, NULL, 'N', 1, NULL, NULL, NULL, NULL),
	(151, 'CUST-000151', 'BP. YUSUF SAPUTRA', 'JL. NUSANTARA NO.5 PLAZA PEKALONGAN', NULL, '', NULL, NULL, NULL, 'N', 1, NULL, NULL, NULL, NULL),
	(152, 'CUST-000152', 'BP.DEDE', 'JAKARTA', NULL, '', NULL, NULL, NULL, 'N', 1, NULL, NULL, NULL, NULL),
	(153, 'CUST-000153', 'BP.ENDO', 'DEPOK', NULL, '', NULL, NULL, NULL, 'N', 1, NULL, NULL, NULL, NULL),
	(154, 'CUST-000154', 'BP.TOMY JESS', 'JAKARTA', NULL, '', NULL, NULL, NULL, 'N', 1, NULL, NULL, NULL, NULL),
	(155, 'CUST-000155', 'BPK BOWO', 'KOJA JAKARTA UTARA', NULL, '', NULL, NULL, NULL, 'N', 1, NULL, NULL, NULL, NULL),
	(156, 'CUST-000156', 'BPK. H. BASTIAN', 'JAKARTA', NULL, '', NULL, NULL, NULL, 'N', 1, NULL, NULL, NULL, NULL),
	(157, 'CUST-000157', 'BPK. HERI', 'JAKARTA', NULL, '', NULL, NULL, NULL, 'N', 1, NULL, NULL, NULL, NULL),
	(158, 'CUST-000158', 'BPK. ZUL BAHRI', 'JAKARTA', NULL, '', NULL, NULL, NULL, 'N', 1, NULL, NULL, NULL, NULL),
	(159, 'CUST-000159', 'BUANA TENDA', 'JAKARTA', NULL, '', NULL, NULL, NULL, 'N', 1, NULL, NULL, NULL, NULL),
	(160, 'CUST-000160', 'CANDY XPRESS CARGO', 'BALIKPAPAN', NULL, '', NULL, NULL, NULL, 'N', 1, NULL, NULL, NULL, NULL),
	(161, 'CUST-000161', 'CARISTA', 'JLN. KH. MAS MANSYUH NO.9 KEBUN KACANG, TANAH ABANG, JAK-PUS', NULL, '3917343', NULL, NULL, NULL, 'N', 1, NULL, NULL, NULL, NULL),
	(162, 'CUST-000162', 'CATUR CARGO', 'PALEMBANG', NULL, '', NULL, NULL, NULL, 'N', 1, NULL, NULL, NULL, NULL),
	(163, 'CUST-000163', 'CATUR TUNGGAL PERKASA', 'JL. MELATI NO. 2734 A-20 ILIR KAMBOJA PALEMBANG 30129', NULL, '0711 9130144', NULL, NULL, NULL, 'N', 1, NULL, NULL, NULL, NULL),
	(164, 'CUST-000164', 'CELINE FASHION', 'MANGGADUA', NULL, '', NULL, NULL, NULL, 'N', 1, NULL, NULL, NULL, NULL),
	(165, 'CUST-000165', 'CEVA LOGISTIK', 'JAKARTA', NULL, '', NULL, NULL, NULL, 'N', 1, NULL, NULL, NULL, NULL),
	(166, 'CUST-000166', 'CITRA MOVERS', 'CIMANGGIS - BOGOR', NULL, '', NULL, NULL, NULL, 'N', 1, NULL, NULL, NULL, NULL),
	(167, 'CUST-000167', 'CLAUDY', 'MANGGADUA', NULL, '', NULL, NULL, NULL, 'N', 1, NULL, NULL, NULL, NULL),
	(168, 'CUST-000168', 'CV ARUNG SAMUDRA EKSPEDISI', 'RUKO FANTASI BLOK Z TAMAN PALEM LESTARI  JL KAMAL RAYA OUTER RING ROAD CENGKARENG JAKARTA BARAT', NULL, '021-55960355', NULL, NULL, NULL, 'N', 1, NULL, NULL, NULL, NULL),
	(169, 'CUST-000169', 'CV BERLIAN JAYA', 'PROYEK SENEN BLOK III LT I NO 98 JAKPUS', NULL, '', NULL, NULL, NULL, 'N', 1, NULL, NULL, NULL, NULL),
	(170, 'CUST-000170', 'CV YAKIN MAKMUR', 'JAKARTA', NULL, '', NULL, NULL, NULL, 'N', 1, NULL, NULL, NULL, NULL),
	(171, 'CUST-000171', 'CV. CATUR PRIMA PERKASA', 'TANGGERANG', NULL, '', NULL, NULL, NULL, 'N', 1, NULL, NULL, NULL, NULL),
	(172, 'CUST-000172', 'CV. DENNIES PRIMA MEDIKA', 'KOMP. GRIYA SUNYARANGI PERMAI JL. MERATIN II M8, CIREBON', NULL, '87829595771', NULL, NULL, NULL, 'N', 1, NULL, NULL, NULL, NULL),
	(173, 'CUST-000173', 'CV. IT POWERSAFE', '', NULL, '', NULL, NULL, NULL, 'N', 1, NULL, NULL, NULL, NULL),
	(174, 'CUST-000174', 'CV. LIS JAYA PUTRI', 'JL. CIDENG BARAT NO. 103 JAKARTA PUSAT', NULL, '', NULL, NULL, NULL, 'N', 1, NULL, NULL, NULL, NULL),
	(175, 'CUST-000175', 'CV. MANUNGGAL SEJATI', 'JAKARTA', NULL, '', NULL, NULL, NULL, 'N', 1, NULL, NULL, NULL, NULL),
	(176, 'CUST-000176', 'CV. TEREZA JAYA LESTARI', 'JAKARTA', NULL, '', NULL, NULL, NULL, 'N', 1, NULL, NULL, NULL, NULL),
	(177, 'CUST-000177', 'CV. YAKIN MAKMUR', 'JAKARTA', NULL, '', NULL, NULL, NULL, 'N', 1, NULL, NULL, NULL, NULL),
	(178, 'CUST-000178', 'CV. ZEIN BERSAUDARA', 'JAKARTA', NULL, '', NULL, NULL, NULL, 'N', 1, NULL, NULL, NULL, NULL),
	(179, 'CUST-000179', 'DAT MOTOR', 'JAKARTA', NULL, '', NULL, NULL, NULL, 'N', 1, NULL, NULL, NULL, NULL),
	(180, 'CUST-000180', 'DC MIDI MAKASAR', '', NULL, '', NULL, NULL, NULL, 'N', 1, NULL, NULL, NULL, NULL),
	(181, 'CUST-000181', 'DEX CARGO', 'JL CEMPAKA BARU IX NO 21A', NULL, '021-28968111', NULL, NULL, NULL, 'N', 1, NULL, NULL, NULL, NULL),
	(182, 'CUST-000182', 'DEXTER', 'JAKARTA', NULL, '', NULL, NULL, NULL, 'N', 1, NULL, NULL, NULL, NULL),
	(183, 'CUST-000183', 'DIVA EKSPRESS', 'TEBING TINGGI', NULL, '', NULL, NULL, NULL, 'N', 1, NULL, NULL, NULL, NULL),
	(184, 'CUST-000184', 'DODY WAHYUDI', 'JAKARTA', NULL, '', NULL, NULL, NULL, 'N', 1, NULL, NULL, NULL, NULL),
	(185, 'CUST-000185', 'DR KEVIN', 'BEKASI', NULL, '', NULL, NULL, NULL, 'N', 1, NULL, NULL, NULL, NULL),
	(186, 'CUST-000186', 'DR. NURMALIS', 'JAKARTA', NULL, '', NULL, NULL, NULL, 'N', 1, NULL, NULL, NULL, NULL),
	(187, 'CUST-000187', 'DUTA FASHION', 'GRAHA CEMPAKA MAS BLOK A NO. 9 JL. LET. JEND. SOEPRAPTO, CEMPAKA PUTIH', NULL, '021-42880776', NULL, NULL, NULL, 'N', 1, NULL, NULL, NULL, NULL),
	(188, 'CUST-000188', 'DWI ASIA INDONESIA', 'RUKO MEGA GROSIR CEMPAKA MAS BLOK K 54 JAKPUS', NULL, '021-42883132', NULL, NULL, NULL, 'N', 1, NULL, NULL, NULL, NULL),
	(189, 'CUST-000189', 'ERA EXPRESS', 'JAKARTA', NULL, '', NULL, NULL, NULL, 'N', 1, NULL, NULL, NULL, NULL),
	(190, 'CUST-000190', 'EXOTICCA KREASINDO', 'DANAU SUNTER INDAH 3 BLOK A.15/24 JAKARTA UTARA', NULL, '021-91301949', NULL, NULL, NULL, 'N', 1, NULL, NULL, NULL, NULL),
	(191, 'CUST-000191', 'FA FASHION', 'PASAR PAGI MANGGADUA JAKARTA', NULL, '', NULL, NULL, NULL, 'N', 1, NULL, NULL, NULL, NULL),
	(192, 'CUST-000192', 'FERRY INTERNATIONAL FASHION', 'JL. MAMPANG PRAPATAN VIIID NO. 12 JAK-SEL 12790', NULL, '7985418', NULL, NULL, NULL, 'N', 1, NULL, NULL, NULL, NULL),
	(193, 'CUST-000193', 'FOREFER', 'MANGGADUA', NULL, '', NULL, NULL, NULL, 'N', 1, NULL, NULL, NULL, NULL),
	(194, 'CUST-000194', 'FOREVER', '', NULL, '', NULL, NULL, NULL, 'N', 1, NULL, NULL, NULL, NULL),
	(195, 'CUST-000195', 'GLORY OFFSET PRESS', '', NULL, '', NULL, NULL, NULL, 'N', 1, NULL, NULL, NULL, NULL),
	(196, 'CUST-000196', 'GOLDEN VENUS', 'PONTIANAK', NULL, '', NULL, NULL, NULL, 'N', 1, NULL, NULL, NULL, NULL),
	(197, 'CUST-000197', 'GR FASHION', 'JAKARTA', NULL, '', NULL, NULL, NULL, 'N', 1, NULL, NULL, NULL, NULL),
	(198, 'CUST-000198', 'HAIKAL TOUR & TRAVEL', '', NULL, '', NULL, NULL, NULL, 'N', 1, NULL, NULL, NULL, NULL),
	(199, 'CUST-000199', 'HANDY ISMAIL', 'BANDAR LAMPUNG', 50, '021', 'handy@mail.com', NULL, NULL, 'N', 1, NULL, '2022-03-18 06:11:20', NULL, NULL),
	(200, 'CUST-000200', 'HARVEY', 'JL. SURAPATI NO. 85 BANDUNG', NULL, '817229030', NULL, NULL, NULL, 'N', 1, NULL, NULL, NULL, NULL),
	(201, 'CUST-000201', 'HERIYANTO', 'JAKARTA', NULL, '', NULL, NULL, NULL, 'N', 1, NULL, NULL, NULL, NULL),
	(202, 'CUST-000202', 'HERU', 'JAKARTA', NULL, '', NULL, NULL, NULL, 'N', 1, NULL, NULL, NULL, NULL),
	(203, 'CUST-000203', 'HUMALA', '', NULL, '', NULL, NULL, NULL, 'N', 1, NULL, NULL, NULL, NULL),
	(204, 'CUST-000204', 'IBU AMEL', 'JAKARTA', NULL, '', NULL, NULL, NULL, 'N', 1, NULL, NULL, NULL, NULL),
	(205, 'CUST-000205', 'IBU ASIH', 'JAKARTA', NULL, '', NULL, NULL, NULL, 'N', 1, NULL, NULL, NULL, NULL),
	(206, 'CUST-000206', 'IBU BETSEBA ELGA', 'JAKARTA', NULL, '', NULL, NULL, NULL, 'N', 1, NULL, NULL, NULL, NULL),
	(207, 'CUST-000207', 'IBU CHINTIYA', 'JAKARTA', NULL, '', NULL, NULL, NULL, 'N', 1, NULL, NULL, NULL, NULL),
	(208, 'CUST-000208', 'IBU DEASY', 'KOMP. GADING INDAH UTARA 2 BLOK NH17 NO.4', NULL, '81310818872', NULL, NULL, NULL, 'N', 1, NULL, NULL, NULL, NULL),
	(209, 'CUST-000209', 'IBU DEVI', 'JAKARTA', NULL, '', NULL, NULL, NULL, 'N', 1, NULL, NULL, NULL, NULL),
	(210, 'CUST-000210', 'IBU DEWI', 'CEMPAKA', NULL, '', NULL, NULL, NULL, 'N', 1, NULL, NULL, NULL, NULL),
	(211, 'CUST-000211', 'IBU EEN', 'JAKARTA', NULL, '', NULL, NULL, NULL, 'N', 1, NULL, NULL, NULL, NULL),
	(212, 'CUST-000212', 'IBU EKA', 'JAKARTA', NULL, '', NULL, NULL, NULL, 'N', 1, NULL, NULL, NULL, NULL),
	(213, 'CUST-000213', 'IBU EKA', 'JAKARTA', NULL, '', NULL, NULL, NULL, 'N', 1, NULL, NULL, NULL, NULL),
	(214, 'CUST-000214', 'IBU EMMY SUPRIHATIN', 'GLOMPOLAN NO 1 RW 09 TANGKEL SRAGEN', NULL, '85642375555', NULL, NULL, NULL, 'N', 1, NULL, NULL, NULL, NULL),
	(215, 'CUST-000215', 'IBU ENI KRISTIANI', 'JAKARTA', NULL, '', NULL, NULL, NULL, 'N', 1, NULL, NULL, NULL, NULL),
	(216, 'CUST-000216', 'IBU ERTI', 'JAKARTA', NULL, '', NULL, NULL, NULL, 'N', 1, NULL, NULL, NULL, NULL),
	(217, 'CUST-000217', 'IBU EVELIN', 'JAKRATA', NULL, '', NULL, NULL, NULL, 'N', 1, NULL, NULL, NULL, NULL),
	(218, 'CUST-000218', 'IBU EVI', 'PONDOK CABE', NULL, '', NULL, NULL, NULL, 'N', 1, NULL, NULL, NULL, NULL),
	(219, 'CUST-000219', 'IBU EVIE', 'JAKARTA', NULL, '', NULL, NULL, NULL, 'N', 1, NULL, NULL, NULL, NULL),
	(220, 'CUST-000220', 'IBU FARIDA ARITONANG', 'JAKARTA', NULL, '', NULL, NULL, NULL, 'N', 1, NULL, NULL, NULL, NULL),
	(221, 'CUST-000221', 'IBU HENI', '', NULL, '', NULL, NULL, NULL, 'N', 1, NULL, NULL, NULL, NULL),
	(222, 'CUST-000222', 'IBU HERA LKE', 'DEPOK', NULL, '', NULL, NULL, NULL, 'N', 1, NULL, NULL, NULL, NULL),
	(223, 'CUST-000223', 'IBU HJ MAISALAMAH', 'JAKARTA', NULL, '', NULL, NULL, NULL, 'N', 1, NULL, NULL, NULL, NULL),
	(224, 'CUST-000224', 'IBU IFAH', 'JAKARTA', NULL, '', NULL, NULL, NULL, 'N', 1, NULL, NULL, NULL, NULL),
	(225, 'CUST-000225', 'IBU IKA', 'JAKARTA', NULL, '', NULL, NULL, NULL, 'N', 1, NULL, NULL, NULL, NULL),
	(226, 'CUST-000226', 'IBU IRA', 'JAKARTA', NULL, '', NULL, NULL, NULL, 'N', 1, NULL, NULL, NULL, NULL),
	(227, 'CUST-000227', 'IBU JENI', 'JAKARTA', NULL, '', NULL, NULL, NULL, 'N', 1, NULL, NULL, NULL, NULL),
	(228, 'CUST-000228', 'IBU KEMALA SARI', 'JAKARTA', NULL, '', NULL, NULL, NULL, 'N', 1, NULL, NULL, NULL, NULL),
	(229, 'CUST-000229', 'IBU LIEN', 'JAKARTA', NULL, '', NULL, NULL, NULL, 'N', 1, NULL, NULL, NULL, NULL),
	(230, 'CUST-000230', 'IBU MARNI', 'JAKARTA', NULL, '', NULL, NULL, NULL, 'N', 1, NULL, NULL, NULL, NULL),
	(231, 'CUST-000231', 'IBU MAYA', 'JAKARTA', NULL, '', NULL, NULL, NULL, 'N', 1, NULL, NULL, NULL, NULL),
	(232, 'CUST-000232', 'IBU MEISKE', 'JAKARTA', NULL, '', NULL, NULL, NULL, 'N', 1, NULL, NULL, NULL, NULL),
	(233, 'CUST-000233', 'IBU MURNI', 'JAKARTA', NULL, '', NULL, NULL, NULL, 'N', 1, NULL, NULL, NULL, NULL),
	(234, 'CUST-000234', 'IBU NATALIA', 'AMS DEPOK', NULL, '', NULL, NULL, NULL, 'N', 1, NULL, NULL, NULL, NULL),
	(235, 'CUST-000235', 'IBU NENENG', 'JAKARTA', NULL, '', NULL, NULL, NULL, 'N', 1, NULL, NULL, NULL, NULL),
	(236, 'CUST-000236', 'IBU NOVITA', 'JL HOS COKROAMINOTO', NULL, '', NULL, NULL, NULL, 'N', 1, NULL, NULL, NULL, NULL),
	(237, 'CUST-000237', 'IBU NURJANAH', '', NULL, '', NULL, NULL, NULL, 'N', 1, NULL, NULL, NULL, NULL),
	(238, 'CUST-000238', 'IBU ONMA IRIANA', 'SUMUR BATU', NULL, '', NULL, NULL, NULL, 'N', 1, NULL, NULL, NULL, NULL),
	(239, 'CUST-000239', 'IBU PESKARYANI', 'JAKARTA', NULL, '', NULL, NULL, NULL, 'N', 1, NULL, NULL, NULL, NULL),
	(240, 'CUST-000240', 'IBU RINI', 'JAKARTA', NULL, '', NULL, NULL, NULL, 'N', 1, NULL, NULL, NULL, NULL),
	(241, 'CUST-000241', 'IBU RITA ELVIA', 'JAKARTA', NULL, '', NULL, NULL, NULL, 'N', 1, NULL, NULL, NULL, NULL),
	(242, 'CUST-000242', 'IBU ROSITA', 'JAKARTA', NULL, '', NULL, NULL, NULL, 'N', 1, NULL, NULL, NULL, NULL),
	(243, 'CUST-000243', 'IBU SARI', 'BOGOR', NULL, '', NULL, NULL, NULL, 'N', 1, NULL, NULL, NULL, NULL),
	(244, 'CUST-000244', 'IBU SHINTA', 'JAKARTA', NULL, '', NULL, NULL, NULL, 'N', 1, NULL, NULL, NULL, NULL),
	(245, 'CUST-000245', 'IBU SHINTA', 'JAKARTA', NULL, '', NULL, NULL, NULL, 'N', 1, NULL, NULL, NULL, NULL),
	(246, 'CUST-000246', 'IBU SIL SUMILAT', 'JAKARTA', NULL, '', NULL, NULL, NULL, 'N', 1, NULL, NULL, NULL, NULL),
	(247, 'CUST-000247', 'IBU SUDARMA', '', NULL, '', NULL, NULL, NULL, 'N', 1, NULL, NULL, NULL, NULL),
	(248, 'CUST-000248', 'IBU TAMI', 'JAKARTA', NULL, '', NULL, NULL, NULL, 'N', 1, NULL, NULL, NULL, NULL),
	(249, 'CUST-000249', 'IBU TRISYA', 'GRAHA ATRIUM LT DASAR SUITE 6 NO 4 SENEN RY NO 135 JAKPUS', NULL, '', NULL, NULL, NULL, 'N', 1, NULL, NULL, NULL, NULL),
	(250, 'CUST-000250', 'IBU ULFATUL HABIBI', 'MD', NULL, '', NULL, NULL, NULL, 'N', 1, NULL, NULL, NULL, NULL),
	(251, 'CUST-000251', 'IBU VELEN', 'JAKARTA', NULL, '', NULL, NULL, NULL, 'N', 1, NULL, NULL, NULL, NULL),
	(252, 'CUST-000252', 'IBU VERA', 'KOMP. RUKO MEGA GROSIR CEMPAKA MAS, BLOK E-23,. CEMPAKA PUTIH JAKPUS', NULL, '021-4260303', NULL, NULL, NULL, 'N', 1, NULL, NULL, NULL, NULL),
	(253, 'CUST-000253', 'IBU VIA', 'JAKARTA', NULL, '', NULL, NULL, NULL, 'N', 1, NULL, NULL, NULL, NULL),
	(254, 'CUST-000254', 'IBU VIGIA AGALINA', 'JL RESIDENDENCE BLOK I NO 18 RT 03/03 DEBANG KULON TEGAL SLTN', NULL, '81803905559', NULL, NULL, NULL, 'N', 1, NULL, NULL, NULL, NULL),
	(255, 'CUST-000255', 'IBU VIVI', 'JAKARTA', NULL, '858881340470', NULL, NULL, NULL, 'N', 1, NULL, NULL, NULL, NULL),
	(256, 'CUST-000256', 'IBU WENNY', 'JAKARTA', NULL, '', NULL, NULL, NULL, 'N', 1, NULL, NULL, NULL, NULL),
	(257, 'CUST-000257', 'IBU WINDER', 'JAKARTA', NULL, '', NULL, NULL, NULL, 'N', 1, NULL, NULL, NULL, NULL),
	(258, 'CUST-000258', 'IBU WITRA MARDANES', 'JAKARTA', NULL, '', NULL, NULL, NULL, 'N', 1, NULL, NULL, NULL, NULL),
	(259, 'CUST-000259', 'IBU WIWI', 'JAKARTA', NULL, '', NULL, NULL, NULL, 'N', 1, NULL, NULL, NULL, NULL),
	(260, 'CUST-000260', 'IBU YANA', 'GRAHA TAMAN KEBAYORAN JL. CIBULAN IV BLOK F NO. 1 BEKASI', NULL, '', NULL, NULL, NULL, 'N', 1, NULL, NULL, NULL, NULL),
	(261, 'CUST-000261', 'IBU YENY', 'JAKARTA', NULL, '', NULL, NULL, NULL, 'N', 1, NULL, NULL, NULL, NULL),
	(262, 'CUST-000262', 'IBU YOYONG (REPHY SALON)', 'JL PAJAJARAN NO 139 BANDUNG', NULL, '', NULL, NULL, NULL, 'N', 1, NULL, NULL, NULL, NULL),
	(263, 'CUST-000263', 'IBU YULI', 'JAKARTA', NULL, '', NULL, NULL, NULL, 'N', 1, NULL, NULL, NULL, NULL),
	(264, 'CUST-000264', 'IBU YULI ASTUTI', 'JAKARTA', NULL, '', NULL, NULL, NULL, 'N', 1, NULL, NULL, NULL, NULL),
	(265, 'CUST-000265', 'IBU YULIANA', 'JAKARTA', NULL, '', NULL, NULL, NULL, 'N', 1, NULL, NULL, NULL, NULL),
	(266, 'CUST-000266', 'IBU. MIA RN', 'JL.PANGADEGAN', NULL, '2170333240', NULL, NULL, NULL, 'N', 1, NULL, NULL, NULL, NULL),
	(267, 'CUST-000267', 'IEL CARGO', 'KOMP RUKO MEGA GROSIR CEMPAKA MAS BLOK B20', NULL, '021-33168650', NULL, NULL, NULL, 'N', 1, NULL, NULL, NULL, NULL),
	(268, 'CUST-000268', 'IKHSAN IKHTIAR', 'JAKARTA', NULL, '', NULL, NULL, NULL, 'N', 1, NULL, NULL, NULL, NULL),
	(269, 'CUST-000269', 'ILONG PRAYATNA', 'JAKARTA', NULL, '', NULL, NULL, NULL, 'N', 1, NULL, NULL, NULL, NULL),
	(270, 'CUST-000270', 'IMT CARGO', 'JAKARTA', NULL, '', NULL, NULL, NULL, 'N', 1, NULL, NULL, NULL, NULL),
	(271, 'CUST-000271', 'INDO GROSIR SAMARINDA', 'SAMARINDA', NULL, '', NULL, NULL, NULL, 'N', 1, NULL, NULL, NULL, NULL),
	(272, 'CUST-000272', 'INDOGARMEN', 'JL. KH.MAS MANSYUR NO 18 C-D TANAH ABANG', NULL, '', NULL, NULL, NULL, 'N', 1, NULL, NULL, NULL, NULL),
	(273, 'CUST-000273', 'INTI PLASTINDO', '', NULL, '', NULL, NULL, NULL, 'N', 1, NULL, NULL, NULL, NULL),
	(274, 'CUST-000274', 'IWAN ARMADA TOWN SQUARE', '', NULL, '', NULL, NULL, NULL, 'N', 1, NULL, NULL, NULL, NULL),
	(275, 'CUST-000275', 'IWAN BALIKPAPAN', 'JL JEND SUDIRMAN BLOK A NO 12 BANDAR KLANDASAN', NULL, '', NULL, NULL, NULL, 'N', 1, NULL, NULL, NULL, NULL),
	(276, 'CUST-000276', 'IWAN BONTANG', 'RUKO JALAN BHAYANGKARA NO 2 BONTANG-KALIMANTAN TIMUR', NULL, '', NULL, NULL, NULL, 'N', 1, NULL, NULL, NULL, NULL),
	(277, 'CUST-000277', 'IWAN CIANJUR', 'SUPER MALL CIANJUR LT. DASAR BLOK B NO 3A', NULL, '', NULL, NULL, NULL, 'N', 1, NULL, NULL, NULL, NULL),
	(278, 'CUST-000278', 'IWAN KEDIRI TOWN SQUARE', 'LT. FIRST FLOOR UNIT FF#01 JL. HASANUDIN KEDIRI-JAWATIMUR', NULL, '', NULL, NULL, NULL, 'N', 1, NULL, NULL, NULL, NULL),
	(279, 'CUST-000279', 'IWAN MUARA BUNGO', 'JL.SUDIRMAN BUNGO KM 0 MUARA BUNGO - JAMBI', NULL, '', NULL, NULL, NULL, 'N', 1, NULL, NULL, NULL, NULL),
	(280, 'CUST-000280', 'IWAN PALANGKARAYA', '', NULL, '', NULL, NULL, NULL, 'N', 1, NULL, NULL, NULL, NULL),
	(281, 'CUST-000281', 'IWAN PALANGKARAYA', 'JL RTA MILIONOK KM 2.5 DEPAN KANTOR PDIP', NULL, '', NULL, NULL, NULL, 'N', 1, NULL, NULL, NULL, NULL),
	(282, 'CUST-000282', 'IWAN PANGKAL PINANG', 'JL. TERMINAL PSR PEMBANGUNAN PLAZA PANGKAL PINANG LT. 1 R. 9 PANGKAL PINANG', NULL, '', NULL, NULL, NULL, 'N', 1, NULL, NULL, NULL, NULL),
	(283, 'CUST-000283', 'IWAN TARAKAN', 'JL. GAJAH MADA TARAKAN KALIMANTAN UTARA', NULL, '', NULL, NULL, NULL, 'N', 1, NULL, NULL, NULL, NULL),
	(284, 'CUST-000284', 'IWAN WARE HOUSE', '', NULL, '', NULL, NULL, NULL, 'N', 1, NULL, NULL, NULL, NULL),
	(285, 'CUST-000285', 'IWAN WARE HOUSE', '', NULL, '', NULL, NULL, NULL, 'N', 1, NULL, NULL, NULL, NULL),
	(286, 'CUST-000286', 'JES CARGO', 'JAMBI', NULL, '', NULL, NULL, NULL, 'N', 1, NULL, NULL, NULL, NULL),
	(287, 'CUST-000287', 'JHONSEN HOUSE', 'JAKARTA', NULL, '', NULL, NULL, NULL, 'N', 1, NULL, NULL, NULL, NULL),
	(288, 'CUST-000288', 'JIMMY', '', NULL, '', NULL, NULL, NULL, 'N', 1, NULL, NULL, NULL, NULL),
	(289, 'CUST-000289', 'JJCB SHOP', 'JAKARTA', NULL, '', NULL, NULL, NULL, 'N', 1, NULL, NULL, NULL, NULL),
	(290, 'CUST-000290', 'JNE LOGISTIC', 'MEDAN', NULL, '', NULL, NULL, NULL, 'N', 1, NULL, NULL, NULL, NULL),
	(291, 'CUST-000291', 'JS FASHION', 'MANGGA DUA JAKARTA', NULL, '', NULL, NULL, NULL, 'N', 1, NULL, NULL, NULL, NULL),
	(292, 'CUST-000292', 'JUARA FOOD', 'JAKARTA BARAT', NULL, '', NULL, NULL, NULL, 'N', 1, NULL, NULL, NULL, NULL),
	(293, 'CUST-000293', 'KARINA LAUNDRY', '', NULL, '', NULL, NULL, NULL, 'N', 1, NULL, NULL, NULL, NULL),
	(294, 'CUST-000294', 'KEKEN', 'JAKARTA', NULL, '', NULL, NULL, NULL, 'N', 1, NULL, NULL, NULL, NULL),
	(295, 'CUST-000295', 'KHARISMA ABADI', '', NULL, '', NULL, NULL, NULL, 'N', 1, NULL, NULL, NULL, NULL),
	(296, 'CUST-000296', 'KIA MOTOR', 'JAKARTA', NULL, '', NULL, NULL, NULL, 'N', 1, NULL, NULL, NULL, NULL),
	(297, 'CUST-000297', 'KONEXINDO', '', NULL, '', NULL, NULL, NULL, 'N', 1, NULL, NULL, NULL, NULL),
	(298, 'CUST-000298', 'KUDA MAJA', '', NULL, '', NULL, NULL, NULL, 'N', 1, NULL, NULL, NULL, NULL),
	(299, 'CUST-000299', 'LEA SANENT', 'JL. TOMANG RAYA NO 56 JAKARTA BARAT', NULL, '5682260', NULL, NULL, NULL, 'N', 1, NULL, NULL, NULL, NULL),
	(300, 'CUST-000300', 'LEE PALEMBANG', '', NULL, '', NULL, NULL, NULL, 'N', 1, NULL, NULL, NULL, NULL),
	(301, 'CUST-000301', 'LIE DJI', 'JAKARTA', NULL, '', NULL, NULL, NULL, 'N', 1, NULL, NULL, NULL, NULL),
	(302, 'CUST-000302', 'LOLY POLY', 'JAKARTA', NULL, '', NULL, NULL, NULL, 'N', 1, NULL, NULL, NULL, NULL),
	(303, 'CUST-000303', 'LOMBOK MATARAM', '', NULL, '', NULL, NULL, NULL, 'N', 1, NULL, NULL, NULL, NULL),
	(304, 'CUST-000304', 'LOVE POLY', '', NULL, '', NULL, NULL, NULL, 'N', 1, NULL, NULL, NULL, NULL),
	(305, 'CUST-000305', 'M2M', '', NULL, '', NULL, NULL, NULL, 'N', 1, NULL, NULL, NULL, NULL),
	(306, 'CUST-000306', 'MEDIAN', 'TELUK GONG', NULL, '', NULL, NULL, NULL, 'N', 1, NULL, NULL, NULL, NULL),
	(307, 'CUST-000307', 'METROX GLOBAL', '', NULL, '', NULL, NULL, NULL, 'N', 1, NULL, NULL, NULL, NULL),
	(308, 'CUST-000308', 'MG COLLECTION', 'MANGGA DUA', NULL, '', NULL, NULL, NULL, 'N', 1, NULL, NULL, NULL, NULL),
	(309, 'CUST-000309', 'MINO', 'KEBON JERUK JAKARTA BARAT', NULL, '', NULL, NULL, NULL, 'N', 1, NULL, NULL, NULL, NULL),
	(310, 'CUST-000310', 'MITRA LANGGENG', 'JAKARTA', NULL, '', NULL, NULL, NULL, 'N', 1, NULL, NULL, NULL, NULL),
	(311, 'CUST-000311', 'MJP', 'JAKARTA', NULL, '', NULL, NULL, NULL, 'N', 1, NULL, NULL, NULL, NULL),
	(312, 'CUST-000312', 'MODA SUKMA', 'JAKARTA', NULL, '', NULL, NULL, NULL, 'N', 1, NULL, NULL, NULL, NULL),
	(313, 'CUST-000313', 'MONZA', '', NULL, '', NULL, NULL, NULL, 'N', 1, NULL, NULL, NULL, NULL),
	(314, 'CUST-000314', 'MR. JHON PRAY', 'JAKARTA', NULL, '', NULL, NULL, NULL, 'N', 1, NULL, NULL, NULL, NULL),
	(315, 'CUST-000315', 'NAGA BERLIAN', 'JAKARTA', NULL, '', NULL, NULL, NULL, 'N', 1, NULL, NULL, NULL, NULL),
	(316, 'CUST-000316', 'ORIFLAME(MEDAN)', 'MEDAN', NULL, '', NULL, NULL, NULL, 'N', 1, NULL, NULL, NULL, NULL),
	(317, 'CUST-000317', 'ORINDO STUDIO', '', NULL, '', NULL, NULL, NULL, 'N', 1, NULL, NULL, NULL, NULL),
	(318, 'CUST-000318', 'PAPA TOPAN', 'JAKARTA', NULL, '', NULL, NULL, NULL, 'N', 1, NULL, NULL, NULL, NULL),
	(319, 'CUST-000319', 'PD BANCA BERCAHAYA', '', NULL, '', NULL, NULL, NULL, 'N', 1, NULL, NULL, NULL, NULL),
	(320, 'CUST-000320', 'PELANGGAN TUNAI', '', NULL, '', NULL, NULL, NULL, 'N', 1, NULL, NULL, NULL, NULL),
	(321, 'CUST-000321', 'PERCETAKAN SINAR BUANA', 'JAKARTA', NULL, '', NULL, NULL, NULL, 'N', 1, NULL, NULL, NULL, NULL),
	(322, 'CUST-000322', 'PERJASA', 'JAKARTA', NULL, '', NULL, NULL, NULL, 'N', 1, NULL, NULL, NULL, NULL),
	(323, 'CUST-000323', 'PERWITASARI', 'PT. WORCKHARDT PHARMA INDO RUKO MEGA GROSIR BLOK P.16 CEMPAKA MAS', NULL, '42886590', NULL, NULL, NULL, 'N', 1, NULL, NULL, NULL, NULL),
	(324, 'CUST-000324', 'PETER COLLECTION', 'JL.TUBAGUS ANGKE JAK-TIM', NULL, '', NULL, NULL, NULL, 'N', 1, NULL, NULL, NULL, NULL),
	(325, 'CUST-000325', 'PETER COLLECTION', 'JAKARTA', NULL, '', NULL, NULL, NULL, 'N', 1, NULL, NULL, NULL, NULL),
	(326, 'CUST-000326', 'PETER LUND SEMINYAK BALI', 'JL YASMIN VI BLOK E NO 224 RANCAMAYA GOLF ESTATE BOGOR', NULL, '811118626', NULL, NULL, NULL, 'N', 1, NULL, NULL, NULL, NULL),
	(327, 'CUST-000327', 'PLATINUM IMAJI KREASI', 'JL ALAYDRUS NO 39 KEL PETOJO UTARA', NULL, '', NULL, NULL, NULL, 'N', 1, NULL, NULL, NULL, NULL),
	(328, 'CUST-000328', 'PONTIANAK', '', NULL, '', NULL, NULL, NULL, 'N', 1, NULL, NULL, NULL, NULL),
	(329, 'CUST-000329', 'PRATAMA LOGISTIC', 'RANTAU PRAPAT', NULL, '', NULL, NULL, NULL, 'N', 1, NULL, NULL, NULL, NULL),
	(330, 'CUST-000330', 'PT ALIF ARRAHMAN BERKAH UTAMA', 'JL.PANGLIMA DENAL NO 73 MEDAN', NULL, '', NULL, NULL, NULL, 'N', 1, NULL, NULL, NULL, NULL),
	(331, 'CUST-000331', 'PT ANUGRAH BUSANA INDAH', 'KOMP RUKO ATAP MERAH JL PECENONGAN NO 72 BLOK E10', NULL, '021-3862677', NULL, NULL, NULL, 'N', 1, NULL, NULL, NULL, NULL),
	(332, 'CUST-000332', 'PT ANUGRAH JANUARINDO', 'JAKARTA', NULL, '', NULL, NULL, NULL, 'N', 1, NULL, NULL, NULL, NULL),
	(333, 'CUST-000333', 'PT ANUGRAH SOLININDO PRATAMA', 'JAKARTA', NULL, '', NULL, NULL, NULL, 'N', 1, NULL, NULL, NULL, NULL),
	(334, 'CUST-000334', 'PT ASIA CAPITAL UTAMA INDONESIA', 'JAKARTA', NULL, '', NULL, NULL, NULL, 'N', 1, NULL, NULL, NULL, NULL),
	(335, 'CUST-000335', 'PT BATIK SEMAR', 'JAKARTA', NULL, '', NULL, NULL, NULL, 'N', 1, NULL, NULL, NULL, NULL),
	(336, 'CUST-000336', 'PT CHIC SIMPLE', 'RUKO BOULEVARD BLOK R 31-32 BSD', NULL, '', NULL, NULL, NULL, 'N', 1, NULL, NULL, NULL, NULL),
	(337, 'CUST-000337', 'PT CIPTA KREASI SANDANG MANDIRI (OSELLA)', 'JL JANGKUNG NO 11 PP JEMBAYAN DUA JAKBAR', NULL, '021-6619187', NULL, NULL, NULL, 'N', 1, NULL, NULL, NULL, NULL),
	(338, 'CUST-000338', 'PT CITRA PERINTIS KREASI', 'JL PARANG TRITIS RAYA BLOK I ANCOL BARAT', NULL, '', NULL, NULL, NULL, 'N', 1, NULL, NULL, NULL, NULL),
	(339, 'CUST-000339', 'PT DARMA CAHAYA MAKMUR', 'CEVA LOGISTIC JAKARTA', NULL, '', NULL, NULL, NULL, 'N', 1, NULL, NULL, NULL, NULL),
	(340, 'CUST-000340', 'PT DEFASINDO', 'JAKARTA', NULL, '', NULL, NULL, NULL, 'N', 1, NULL, NULL, NULL, NULL),
	(341, 'CUST-000341', 'PT DELAMI GARMENT INDUSTRIES', 'JL PUNGUT NO 25A JEMBATAN 9', NULL, '021-82411607', NULL, NULL, NULL, 'N', 1, NULL, NULL, NULL, NULL),
	(342, 'CUST-000342', 'PT DENTA VOLENT', 'JL KEDOYA RAYA NO 33', NULL, '', NULL, NULL, NULL, 'N', 1, NULL, NULL, NULL, NULL),
	(343, 'CUST-000343', 'PT DEXTER', 'CEMPAKA MAS', NULL, '', NULL, NULL, NULL, 'N', 1, NULL, NULL, NULL, NULL),
	(344, 'CUST-000344', 'PT DWI NAGA SAKTI ABADI', 'JLN. DAANMOGOT KM.19 NO.36 JURUMUDI BATU CEPUR - TANGGERANG', NULL, '', NULL, NULL, NULL, 'N', 1, NULL, NULL, NULL, NULL),
	(345, 'CUST-000345', 'PT ELPASSA', 'JAKARTA', NULL, '', NULL, NULL, NULL, 'N', 1, NULL, NULL, NULL, NULL),
	(346, 'CUST-000346', 'PT ESAREKA BUANA LESTARI', 'KAWASAN MULTI GUNA BLOK B NO 10 PAKUALAM TANGERANG', NULL, '021-91067675', NULL, NULL, NULL, 'N', 1, NULL, NULL, NULL, NULL),
	(347, 'CUST-000347', 'PT EVERBEST SURABAYA ABADI', '', NULL, '', NULL, NULL, NULL, 'N', 1, NULL, NULL, NULL, NULL),
	(348, 'CUST-000348', 'PT EVERBESTINDO SURYA JAYA', 'JL ATANG SANJAYA NO 21 BENDA KOTA TANGGERANG BANTEN', NULL, '', NULL, NULL, NULL, 'N', 1, NULL, NULL, NULL, NULL),
	(349, 'CUST-000349', 'PT GIANDRES ABADI EXPRESS', 'JAKARTA', NULL, '', NULL, NULL, NULL, 'N', 1, NULL, NULL, NULL, NULL),
	(350, 'CUST-000350', 'PT GIVEMAS GARMINDO', 'RUKO TEXTILE MANGGA DUA BLOK E2 NO 14', NULL, '021-6017285', NULL, NULL, NULL, 'N', 1, NULL, NULL, NULL, NULL),
	(351, 'CUST-000351', 'PT GOLDEN AGIN', 'DEPOK', NULL, '', NULL, NULL, NULL, 'N', 1, NULL, NULL, NULL, NULL),
	(352, 'CUST-000352', 'PT GRAMASELINDO', 'JAKARTA', NULL, '', NULL, NULL, NULL, 'N', 1, NULL, NULL, NULL, NULL),
	(353, 'CUST-000353', 'PT HITORI JAYA LOGISTIK', 'BEKASI', NULL, '', NULL, NULL, NULL, 'N', 1, NULL, NULL, NULL, NULL),
	(354, 'CUST-000354', 'PT ICONS INDONESIA', 'BSD TANGGERANG', NULL, '', NULL, NULL, NULL, 'N', 1, NULL, NULL, NULL, NULL),
	(355, 'CUST-000355', 'PT INDO MARCO PRISMATAMA', 'BOGOR', NULL, '', NULL, NULL, NULL, 'N', 1, NULL, NULL, NULL, NULL),
	(356, 'CUST-000356', 'PT INDO SINGA GARMENT', 'JAKARTA', NULL, '', NULL, NULL, NULL, 'N', 1, NULL, NULL, NULL, NULL),
	(357, 'CUST-000357', 'PT INTAN MULIA CARGO', 'JAKARTA', NULL, '', NULL, NULL, NULL, 'N', 1, NULL, NULL, NULL, NULL),
	(358, 'CUST-000358', 'PT INTAN UTAMA LOGISTIK', 'JL BINTARA RAYA NO 4', NULL, '214247378', NULL, NULL, NULL, 'N', 1, NULL, NULL, NULL, NULL),
	(359, 'CUST-000359', 'PT INTI NUSA JAYA', 'JAKARTA', NULL, '', NULL, NULL, NULL, 'N', 1, NULL, NULL, NULL, NULL),
	(360, 'CUST-000360', 'PT IRMAN JAYA MARTABE', '', NULL, '', NULL, NULL, NULL, 'N', 1, NULL, NULL, NULL, NULL),
	(361, 'CUST-000361', 'PT JAKARTA ENERGI LOGISTIC', 'JAKARTA', NULL, '', NULL, NULL, NULL, 'N', 1, NULL, NULL, NULL, NULL),
	(362, 'CUST-000362', 'PT JAYA SAKTI', 'JAKARTA', NULL, '', NULL, NULL, NULL, 'N', 1, NULL, NULL, NULL, NULL),
	(363, 'CUST-000363', 'PT KAI INTERMODAL', 'BEKASI', NULL, '', NULL, NULL, NULL, 'N', 1, NULL, NULL, NULL, NULL),
	(364, 'CUST-000364', 'PT KALIMENENG GUNUNG CARGO', 'JAKARTA', NULL, '', NULL, NULL, NULL, 'N', 1, NULL, NULL, NULL, NULL),
	(365, 'CUST-000365', 'PT KARUNIA CARAKA SEJAHTERA', 'BEKASI', NULL, '', NULL, NULL, NULL, 'N', 1, NULL, NULL, NULL, NULL),
	(366, 'CUST-000366', 'PT KIE EXPRESS', 'PALANGKARAYA', NULL, '', NULL, NULL, NULL, 'N', 1, NULL, NULL, NULL, NULL),
	(367, 'CUST-000367', 'PT KIMIA FARMA', 'BEKASI', NULL, '', NULL, NULL, NULL, 'N', 1, NULL, NULL, NULL, NULL),
	(368, 'CUST-000368', 'PT KIRANA ABADI SENTOSA', 'JAKARTA', NULL, '', NULL, NULL, NULL, 'N', 1, NULL, NULL, NULL, NULL),
	(369, 'CUST-000369', 'PT KIRANA PASIFIC LUAS', 'JL PLUIT KARANG RAYA SERATAN BLOK A NO 28 JAKUT', NULL, '021-6682891', NULL, NULL, NULL, 'N', 1, NULL, NULL, NULL, NULL),
	(370, 'CUST-000370', 'PT LARA THALIA ABADI', 'JAKARTA', NULL, '', NULL, NULL, NULL, 'N', 1, NULL, NULL, NULL, NULL),
	(371, 'CUST-000371', 'PT LEA SANENT', 'TANGGERANG', NULL, '', NULL, NULL, NULL, 'N', 1, NULL, NULL, NULL, NULL),
	(372, 'CUST-000372', 'PT LUGGAGE DISTRIBUTOR INDONESIA', 'TAMAN TEKNO', NULL, '', NULL, NULL, NULL, 'N', 1, NULL, NULL, NULL, NULL),
	(373, 'CUST-000373', 'PT MAHKOTA APPAREL (KICKERS)', 'JL KH ZAINAL ARIFIN KOMP KETAPANG INDAH BLOK A NO 10 JAKBAR', NULL, '021-6338128', NULL, NULL, NULL, 'N', 1, NULL, NULL, NULL, NULL),
	(374, 'CUST-000374', 'PT MEDAN INDAH EVERBEST', 'JAKARTA', NULL, '', NULL, NULL, NULL, 'N', 1, NULL, NULL, NULL, NULL),
	(375, 'CUST-000375', 'PT MEGA SUKSES', 'KOMPLEK PURI DELTA MAS BANDENGAN SELATAN NO D6 JAKARTA UTARA', NULL, '', NULL, NULL, NULL, 'N', 1, NULL, NULL, NULL, NULL),
	(376, 'CUST-000376', 'PT MITRA', 'BOGOR', NULL, '', NULL, NULL, NULL, 'N', 1, NULL, NULL, NULL, NULL),
	(377, 'CUST-000377', 'PT MITRA PRIMA CAHAYA SENTOSA', 'JAKARTA', NULL, '', NULL, NULL, NULL, 'N', 1, NULL, NULL, NULL, NULL),
	(378, 'CUST-000378', 'PT MITRA SARANA LANGGENG', 'JAKARTA', NULL, '64712672', NULL, NULL, NULL, 'N', 1, NULL, NULL, NULL, NULL),
	(379, 'CUST-000379', 'PT MUKTI JAYA TRANSINDO', 'KOMP RUKO PULO MAS GEDUNG 6 NO 101', NULL, '', NULL, NULL, NULL, 'N', 1, NULL, NULL, NULL, NULL),
	(380, 'CUST-000380', 'PT MULTICOM PERSADA', 'JL DAAN MOGOT KM 21 BATU CEPER TANGERANG BANTEN', NULL, '', NULL, NULL, NULL, 'N', 1, NULL, NULL, NULL, NULL),
	(381, 'CUST-000381', 'PT PELABUHAN TIGA BERSAUDARA', 'KEL.RIMBA SEKAMPUNG KEC.DUMAI KOTA DUMAI, RIAU', NULL, '', NULL, NULL, NULL, 'N', 1, NULL, NULL, NULL, NULL),
	(382, 'CUST-000382', 'PT PENDAR ANDHIKA PARAMARTHA', 'JAKARTA', NULL, '', NULL, NULL, NULL, 'N', 1, NULL, NULL, NULL, NULL),
	(383, 'CUST-000383', 'PT PERDANA SENTOSA', 'TANGGERANG', NULL, '', NULL, NULL, NULL, 'N', 1, NULL, NULL, NULL, NULL),
	(384, 'CUST-000384', 'PT PERKASA LOGISTICS', 'MEDAN', NULL, '', NULL, NULL, NULL, 'N', 1, NULL, NULL, NULL, NULL),
	(385, 'CUST-000385', 'PT PLATINUM', 'JL ALAYDRUS NO 39 KEL PETOJO UTARA KEC GAMBIR JAKARTA PUSAT', NULL, '', NULL, NULL, NULL, 'N', 1, NULL, NULL, NULL, NULL),
	(386, 'CUST-000386', 'PT POINT MAS CEMERLANG(POINT ONE)', 'JL CIDENG BARAT NO 12B', NULL, '021-6339419', NULL, NULL, NULL, 'N', 1, NULL, NULL, NULL, NULL),
	(387, 'CUST-000387', 'PT POLLA POLLY ABADI', 'RUKO HARCO MANGGA 2 JL MANGGA 2 RAYA', NULL, '', NULL, NULL, NULL, 'N', 1, NULL, NULL, NULL, NULL),
	(388, 'CUST-000388', 'PT PRIMAX COMPUTER', 'CITRA GARDEN 2 BLOK L2 NO 17 CENGKARENG JAKBAR', NULL, '819706622', NULL, NULL, NULL, 'N', 1, NULL, NULL, NULL, NULL),
	(389, 'CUST-000389', 'PT RAFINDO JAYA', 'JAKARTA', NULL, '', NULL, NULL, NULL, 'N', 1, NULL, NULL, NULL, NULL),
	(390, 'CUST-000390', 'PT REPINDO PANDU JAYA', 'JL BELIMBING TERUSAN NO 5 RT16/8 SEMPER BARAT JAKARTA', NULL, '811829649', NULL, NULL, NULL, 'N', 1, NULL, NULL, NULL, NULL),
	(391, 'CUST-000391', 'PT SABANG MANDIRI ABADI', 'JAKARTA', NULL, '', NULL, NULL, NULL, 'N', 1, NULL, NULL, NULL, NULL),
	(392, 'CUST-000392', 'PT SAMUDRA GAYA INDONESIA', 'GRAND GALAXY CITY RUKAN PASIFIC BLOK AR 1 NO 53', NULL, '', NULL, NULL, NULL, 'N', 1, NULL, NULL, NULL, NULL),
	(393, 'CUST-000393', 'PT SCREAMOUS', 'JL RASAMALA NO 7 BANDUNG', NULL, '022-7271851', NULL, NULL, NULL, 'N', 1, NULL, NULL, NULL, NULL),
	(394, 'CUST-000394', 'PT SETIADI S', 'KOMP GRAND VILLE JL MANGGA 16 BLOK AA/7 KEPA DURI TJ DUREN JAKBAR', NULL, '021-5659446', NULL, NULL, NULL, 'N', 1, NULL, NULL, NULL, NULL),
	(395, 'CUST-000395', 'PT SIKLUS MUTIARA NUSANTARA', 'GERSIK', NULL, '', NULL, NULL, NULL, 'N', 1, NULL, NULL, NULL, NULL),
	(396, 'CUST-000396', 'PT SINAR ACEH SEJAHTERA', '', NULL, '', NULL, NULL, NULL, 'N', 1, NULL, NULL, NULL, NULL),
	(397, 'CUST-000397', 'PT SINAR SURYA KOMINDO', 'JAKARTA', NULL, '', NULL, NULL, NULL, 'N', 1, NULL, NULL, NULL, NULL),
	(398, 'CUST-000398', 'PT SINERGI MEDIATIK INFORMASI', 'BANDUNG', NULL, '', NULL, NULL, NULL, 'N', 1, NULL, NULL, NULL, NULL),
	(399, 'CUST-000399', 'PT SURYAGITA NUSARAYA', 'JL. JEMBATAN TIGA NO.36 , JAKARTA BARAT', NULL, '', NULL, NULL, NULL, 'N', 1, NULL, NULL, NULL, NULL),
	(400, 'CUST-000400', 'PT TARGET MAKMUR SENTOSA', 'KOMP TAMAN DUTA MAS BLOK D9B NO 29 RT 11/005 JAKBAR', NULL, '', NULL, NULL, NULL, 'N', 1, NULL, NULL, NULL, NULL),
	(401, 'CUST-000401', 'PT TECTONA MITRA UTAMA', 'JL KAPTEN A HAMID', NULL, '', NULL, NULL, NULL, 'N', 1, NULL, NULL, NULL, NULL),
	(402, 'CUST-000402', 'PT TRI ANUGRAH FASHION', 'JL SUNTER AGUNG TIMUR BLOK O NO 73', NULL, '021-6509481', NULL, NULL, NULL, 'N', 1, NULL, NULL, NULL, NULL),
	(403, 'CUST-000403', 'PT TRIUM PUTRA PRIMA', 'BEKASI', NULL, '', NULL, NULL, NULL, 'N', 1, NULL, NULL, NULL, NULL),
	(404, 'CUST-000404', 'PT USAHA TIGA BERSAUDARA', 'KOMPLEK PERKANTORAN KEDOYA PLAZA BLOK DA 5', NULL, '5806859', NULL, NULL, NULL, 'N', 1, NULL, NULL, NULL, NULL),
	(405, 'CUST-000405', 'PT VARIA BUANA SENTOSA', 'JL RAYA SERPONG KM7 KOMP MULTIGUNA BSD BLOK B2 NO 2 TNG', NULL, '021-53124078', NULL, NULL, NULL, 'N', 1, NULL, NULL, NULL, NULL),
	(406, 'CUST-000406', 'PT VERDANCO ENGINEERING', 'JAKARTA', NULL, '', NULL, NULL, NULL, 'N', 1, NULL, NULL, NULL, NULL),
	(407, 'CUST-000407', 'PT VIAREKA SELARAS MAJU', 'KAWASAN MULTI GUNA BLOK B NO 10 JL RAYA SERPONG TNG', NULL, '021-60705358', NULL, NULL, NULL, 'N', 1, NULL, NULL, NULL, NULL),
	(408, 'CUST-000408', 'PT VIGINDO INTI USAHA PERDANA', 'JL RAYA SERPONG KM 7 KOMP MULTIGUNA BSD BLOK B2 NO 2 TNG', NULL, '021-53124078', NULL, NULL, NULL, 'N', 1, NULL, NULL, NULL, NULL),
	(409, 'CUST-000409', 'PT VIVA TEKNIK MANDIRI', 'JAKARTA', NULL, '', NULL, NULL, NULL, 'N', 1, NULL, NULL, NULL, NULL),
	(410, 'CUST-000410', 'PT WORCKHAR DT PHARMA INDO', 'RUKO MEGA GROSIR CEMPAKA MAS BLOK P 16', NULL, '021-42886590', NULL, NULL, NULL, 'N', 1, NULL, NULL, NULL, NULL),
	(411, 'CUST-000411', 'PT YAMCO PRIMA INTI', 'JAKARTA', NULL, '', NULL, NULL, NULL, 'N', 1, NULL, NULL, NULL, NULL),
	(412, 'CUST-000412', 'PT. ABDI SETIA CARGO LOGISTIC', 'JAKARTA', NULL, '', NULL, NULL, NULL, 'N', 1, NULL, NULL, NULL, NULL),
	(413, 'CUST-000413', 'PT. ABI SETIA LOGISTIC', 'JAKARTA', NULL, '', NULL, NULL, NULL, 'N', 1, NULL, NULL, NULL, NULL),
	(414, 'CUST-000414', 'PT. ADITYA MANDIRI SEJAHTERA', 'JL. RAYA KEBAYUNAN TAPOS NO. 18  DEPOK - JAWABARAT', NULL, '2187740400', NULL, NULL, NULL, 'N', 1, NULL, NULL, NULL, NULL),
	(415, 'CUST-000415', 'PT. AGRAKOM PARA RELATIKA', 'JAKARTA', NULL, '', NULL, NULL, NULL, 'N', 1, NULL, NULL, NULL, NULL),
	(416, 'CUST-000416', 'PT. AGYA MAKMUR', 'SENTRA EROPA BLOK G NO.45 JL. TRANSYOGI CIBUBUR', NULL, '021-8493-3892', NULL, NULL, NULL, 'N', 1, NULL, NULL, NULL, NULL),
	(417, 'CUST-000417', 'PT. ALEXIS EVERBEST INTIM', 'JAKARTA', NULL, '', NULL, NULL, NULL, 'N', 1, NULL, NULL, NULL, NULL),
	(418, 'CUST-000418', 'PT. ALLSPORTS\'78', 'JL. RSC. VETERAN NO 4, BINTARO, JAKARTA 12330 INDONESIA', NULL, '021-7362230', NULL, NULL, NULL, 'N', 1, NULL, NULL, NULL, NULL),
	(419, 'CUST-000419', 'PT. ALMIK KURNIA BERSAMA', 'JAKARTA', NULL, '', NULL, NULL, NULL, 'N', 1, NULL, NULL, NULL, NULL),
	(420, 'CUST-000420', 'PT. AMASINDO BINTANG CEMERLANG', 'JAKARTA', NULL, '', NULL, NULL, NULL, 'N', 1, NULL, NULL, NULL, NULL),
	(421, 'CUST-000421', 'PT. ANDALAN UTAMA LOGISTIK SENTOSA', 'RUKO EMERALD BOULEVARD BLOKEB-1/22 HARAPAN INDAH', NULL, '021-29563811', NULL, NULL, NULL, 'N', 1, NULL, NULL, NULL, NULL),
	(422, 'CUST-000422', 'PT. ANDRE LAURENT', 'JAKARTA', NULL, '', NULL, NULL, NULL, 'N', 1, NULL, NULL, NULL, NULL),
	(423, 'CUST-000423', 'PT. ANUGRAH HARAPAN BERSAMA', 'JAKARTA', NULL, '', NULL, NULL, NULL, 'N', 1, NULL, NULL, NULL, NULL),
	(424, 'CUST-000424', 'PT. ARITEK KARYA MANDIRI', 'JAKARTA', NULL, '', NULL, NULL, NULL, 'N', 1, NULL, NULL, NULL, NULL),
	(425, 'CUST-000425', 'PT. ARTHA MUDA PERKASA', 'JAKARTA', NULL, '', NULL, NULL, NULL, 'N', 1, NULL, NULL, NULL, NULL),
	(426, 'CUST-000426', 'PT. ASIAN TEC', '', NULL, '', NULL, NULL, NULL, 'N', 1, NULL, NULL, NULL, NULL),
	(427, 'CUST-000427', 'PT. ASM', 'JAKARTA', NULL, '', NULL, NULL, NULL, 'N', 1, NULL, NULL, NULL, NULL),
	(428, 'CUST-000428', 'PT. ASURANSI SINAR MAS', 'RUKO CEMPAKA MAS BLOK L NO. 5', NULL, '8812340503', NULL, NULL, NULL, 'N', 1, NULL, NULL, NULL, NULL),
	(429, 'CUST-000429', 'PT. BASA INTI PERSADA', 'JAKARTA', NULL, '', NULL, NULL, NULL, 'N', 1, NULL, NULL, NULL, NULL),
	(430, 'CUST-000430', 'PT. BAUMA KENCANA MURNI', 'RUKO ALAM SUTRA BUMI SERPONG DAMAI', NULL, '021-5398727', NULL, NULL, NULL, 'N', 1, NULL, NULL, NULL, NULL),
	(431, 'CUST-000431', 'PT. BCE', 'JAKARTA', NULL, '', NULL, NULL, NULL, 'N', 1, NULL, NULL, NULL, NULL),
	(432, 'CUST-000432', 'PT. BCN ( BAPAK JOKO )', 'WONOGIRI', NULL, '', NULL, NULL, NULL, 'N', 1, NULL, NULL, NULL, NULL),
	(433, 'CUST-000433', 'PT. BCS PRIMA', '', NULL, '', NULL, NULL, NULL, 'N', 1, NULL, NULL, NULL, NULL),
	(434, 'CUST-000434', 'PT. BESI JAYA MAJU', 'JAKARTA', NULL, '', NULL, NULL, NULL, 'N', 1, NULL, NULL, NULL, NULL),
	(435, 'CUST-000435', 'PT. BGP INDONESIA', 'JAKARTA', NULL, '', NULL, NULL, NULL, 'N', 1, NULL, NULL, NULL, NULL),
	(436, 'CUST-000436', 'PT. BINA ANUGRAH', 'JAKARTA', NULL, '', NULL, NULL, NULL, 'N', 1, NULL, NULL, NULL, NULL),
	(437, 'CUST-000437', 'PT. BINA BUSANA INTERNUSA (BDJ)', 'JAKARTA', NULL, '', NULL, NULL, NULL, 'N', 1, NULL, NULL, NULL, NULL),
	(438, 'CUST-000438', 'PT. BMH TECHNOLOGI', '', NULL, '', NULL, NULL, NULL, 'N', 1, NULL, NULL, NULL, NULL),
	(439, 'CUST-000439', 'PT. BOINK FASHION', 'BOGOR', NULL, '', NULL, NULL, NULL, 'N', 1, NULL, NULL, NULL, NULL),
	(440, 'CUST-000440', 'PT. BUANA CITRA INTERNUSA', 'TAMAN TEKNO', NULL, '', NULL, NULL, NULL, 'N', 1, NULL, NULL, NULL, NULL),
	(441, 'CUST-000441', 'PT. BUANA TEKNOLOGI INDONESIA', 'JAKARTA', NULL, '', NULL, NULL, NULL, 'N', 1, NULL, NULL, NULL, NULL),
	(442, 'CUST-000442', 'PT. BUCCHERI INDONESIA', 'JL. PROF. DR. LATUMENTEN NO. 50, RUKO SENTRA LATUMENTEN BLOK G1 - 11', NULL, '2156955999', NULL, NULL, NULL, 'N', 1, NULL, NULL, NULL, NULL),
	(443, 'CUST-000443', 'PT. BUKIT OASE YAKIN LESTARI', '', NULL, '', NULL, NULL, NULL, 'N', 1, NULL, NULL, NULL, NULL),
	(444, 'CUST-000444', 'PT. BUMI NUSA INDAH KAYA', 'JAKARTA BARAT', NULL, '', NULL, NULL, NULL, 'N', 1, NULL, NULL, NULL, NULL),
	(445, 'CUST-000445', 'PT. BUSANA MAS (SNOW BOY)', 'JL. GABUS RAYA NO.29, JAKARTA SELATAN', NULL, '021-7820205', NULL, NULL, NULL, 'N', 1, NULL, NULL, NULL, NULL),
	(446, 'CUST-000446', 'PT. BUSINDO INTI GARMENT', 'KOMP. GRAND GARDEN NO. 39, JAK-BAR', NULL, '021-5819235', NULL, NULL, NULL, 'N', 1, NULL, NULL, NULL, NULL),
	(447, 'CUST-000447', 'PT. CANDY EXPRESS CARGO', 'BALIKPAPAN', NULL, '', NULL, NULL, NULL, 'N', 1, NULL, NULL, NULL, NULL),
	(448, 'CUST-000448', 'PT. CENTRAL PLOTTER INDONESIA', 'JAKARTA', NULL, '', NULL, NULL, NULL, 'N', 1, NULL, NULL, NULL, NULL),
	(449, 'CUST-000449', 'PT. CHARLIES LESTARI SENTOSA', 'BONTANG', NULL, '', NULL, NULL, NULL, 'N', 1, NULL, NULL, NULL, NULL),
	(450, 'CUST-000450', 'PT. CITRA BALLON', 'JAKARTA', NULL, '', NULL, NULL, NULL, 'N', 1, NULL, NULL, NULL, NULL),
	(451, 'CUST-000451', 'PT. CITRA NUSA FAJAR SENTOSA', 'JAKARTA', NULL, '', NULL, NULL, NULL, 'N', 1, NULL, NULL, NULL, NULL),
	(452, 'CUST-000452', 'PT. CMN INTERNASIONAL INDONESIA', 'MEDAN', NULL, '', NULL, NULL, NULL, 'N', 1, NULL, NULL, NULL, NULL),
	(453, 'CUST-000453', 'PT. CROCOTAMA INTERNATIONAL', 'JL. P. TUBAGUS ANGKE NO. 54 AF-AG KOMP. INDORUKO JAKARTA BARAT', NULL, '021-5648172', NULL, NULL, NULL, 'N', 1, NULL, NULL, NULL, NULL),
	(454, 'CUST-000454', 'PT. CSM (BP. IVAN)', 'JAKARTA', NULL, '', NULL, NULL, NULL, 'N', 1, NULL, NULL, NULL, NULL),
	(455, 'CUST-000455', 'PT. DARMA CAHYA MAKMUR', 'BEKASI', NULL, '', NULL, NULL, NULL, 'N', 1, NULL, NULL, NULL, NULL),
	(456, 'CUST-000456', 'PT. DELAMI NITYA MANDITA (SUKABUMI)', 'SUKABUMI', NULL, '', NULL, NULL, NULL, 'N', 1, NULL, NULL, NULL, NULL),
	(457, 'CUST-000457', 'PT. DELAMIBRANDS KHARISMA BUSANA', '', NULL, '', NULL, NULL, NULL, 'N', 1, NULL, NULL, NULL, NULL),
	(458, 'CUST-000458', 'PT. DELTA GARDA PARSADA', 'JALAN AIPDA KS TUBUN II NO.35 TNH ABANG- JAKARTA', NULL, '215363050', NULL, NULL, NULL, 'N', 1, NULL, NULL, NULL, NULL),
	(459, 'CUST-000459', 'PT. DEVTA RAIH CIPTA', 'JAKARTA', NULL, '', NULL, NULL, NULL, 'N', 1, NULL, NULL, NULL, NULL),
	(460, 'CUST-000460', 'PT. DINAKARA PUTRA', 'JAKARTA', NULL, '', NULL, NULL, NULL, 'N', 1, NULL, NULL, NULL, NULL),
	(461, 'CUST-000461', 'PT. DINUS CIPTA MANDIRI', 'PANTAI INDAH KAPUK', NULL, '', NULL, NULL, NULL, 'N', 1, NULL, NULL, NULL, NULL),
	(462, 'CUST-000462', 'PT. DUNIA APPAREL', 'JL. SAHARJO 123 C', NULL, '828.1633', NULL, NULL, NULL, 'N', 1, NULL, NULL, NULL, NULL),
	(463, 'CUST-000463', 'PT. DWIKARYA SEJAHTERA', 'JAKARTA', NULL, '', NULL, NULL, NULL, 'N', 1, NULL, NULL, NULL, NULL),
	(464, 'CUST-000464', 'PT. DYNATECH INTERNASIONAL', 'MERUYA ILIR NO. 88 JAKBAR', NULL, '215859365', NULL, NULL, NULL, 'N', 1, NULL, NULL, NULL, NULL),
	(465, 'CUST-000465', 'PT. EDWARD GARMINDOTAMA', 'JL. ARIA KEMUNING NO. 15, JATI UWUNG, TANGERANG 15131', NULL, '5518551', NULL, NULL, NULL, 'N', 1, NULL, NULL, NULL, NULL),
	(466, 'CUST-000466', 'PT. ELEMEN PROPANCA SELARAS', 'JAKARTA', NULL, '', NULL, NULL, NULL, 'N', 1, NULL, NULL, NULL, NULL),
	(467, 'CUST-000467', 'PT. ENGGAL SUKSES PERKASA', 'JL. KARYA LOGAM KM.39 NO.88 TAMBUN BEKASI 17510', NULL, '', NULL, NULL, NULL, 'N', 1, NULL, NULL, NULL, NULL),
	(468, 'CUST-000468', 'PT. EVER YOUNG SEJATI', 'JAKARTA', NULL, '', NULL, NULL, NULL, 'N', 1, NULL, NULL, NULL, NULL),
	(469, 'CUST-000469', 'PT. EVERBESINDO SURYA JAYA', 'TANGGERANG', NULL, '', NULL, NULL, NULL, 'N', 1, NULL, NULL, NULL, NULL),
	(470, 'CUST-000470', 'PT. EVERBEST SURABAYA ABADI', 'SURABAYA', NULL, '', NULL, NULL, NULL, 'N', 1, NULL, NULL, NULL, NULL),
	(471, 'CUST-000471', 'PT. EXXEL UTAMA', 'JL. RAJAWALI SELATAN BLOK C 5', NULL, '(021) 64705419', NULL, NULL, NULL, 'N', 1, NULL, NULL, NULL, NULL),
	(472, 'CUST-000472', 'PT. FAJAR LESTARI ADI PERKASA', '', NULL, '', NULL, NULL, NULL, 'N', 1, NULL, NULL, NULL, NULL),
	(473, 'CUST-000473', 'PT. FESCO INDONESIA', 'JAKARTA', NULL, '', NULL, NULL, NULL, 'N', 1, NULL, NULL, NULL, NULL),
	(474, 'CUST-000474', 'PT. FESCO INDONESIA', 'CEMPAKA MAS JAKARTA PUSAT', NULL, '', NULL, NULL, NULL, 'N', 1, NULL, NULL, NULL, NULL),
	(475, 'CUST-000475', 'PT. FRAMED', 'KOMP. RUKO MEGA GROSIR CEMPAKA MAS BLOK D1 NO. 9 JAKARTA PUSAT', NULL, '021-42801717', NULL, NULL, NULL, 'N', 1, NULL, NULL, NULL, NULL),
	(476, 'CUST-000476', 'PT. GARMENTINDO UTAMA SEJAHTERA', 'JAKARTA', NULL, '', NULL, NULL, NULL, 'N', 1, NULL, NULL, NULL, NULL),
	(477, 'CUST-000477', 'PT. GIANT GITA LESTARI', 'JAKARTA', NULL, '', NULL, NULL, NULL, 'N', 1, NULL, NULL, NULL, NULL),
	(478, 'CUST-000478', 'PT. GRAMASELINDO', 'JAKARTA', NULL, '', NULL, NULL, NULL, 'N', 1, NULL, NULL, NULL, NULL),
	(479, 'CUST-000479', 'PT. GRAMASELINDO UTAMA', 'MEGA GROSIR CEMPAKA MAS BLOK L NO 31-32', NULL, '2142900175', NULL, NULL, NULL, 'N', 1, NULL, NULL, NULL, NULL),
	(480, 'CUST-000480', 'PT. GUNTUR MADU TAMA', 'JAKARTA', NULL, '', NULL, NULL, NULL, 'N', 1, NULL, NULL, NULL, NULL),
	(481, 'CUST-000481', 'PT. H SUKRESNO PROPERTI', 'KOMP. RUKAN KIRANA OFFICE BLOK E3 KLP GADING', NULL, '', NULL, NULL, NULL, 'N', 1, NULL, NULL, NULL, NULL),
	(482, 'CUST-000482', 'PT. HAIKAL CITRA WISATA', 'JAKARTA', NULL, '', NULL, NULL, NULL, 'N', 1, NULL, NULL, NULL, NULL),
	(483, 'CUST-000483', 'PT. HAURAA', '', NULL, '', NULL, NULL, NULL, 'N', 1, NULL, NULL, NULL, NULL),
	(484, 'CUST-000484', 'PT. HELTO MAKMUR PRATAMA', 'TANGERANG', NULL, '', NULL, NULL, NULL, 'N', 1, NULL, NULL, NULL, NULL),
	(485, 'CUST-000485', 'PT. IEL CARGO', 'CEMPAKA MAS BLOK B.20', NULL, '021-33168650', NULL, NULL, NULL, 'N', 1, NULL, NULL, NULL, NULL),
	(486, 'CUST-000486', 'PT. INDAH SUBUR SEJATI', 'JL KAYU BESAR 3 BLOK M12 NO 1', NULL, '', NULL, NULL, NULL, 'N', 1, NULL, NULL, NULL, NULL),
	(487, 'CUST-000487', 'PT. INDAH SUBUR SEJATI', 'JAKARTA', NULL, '', NULL, NULL, NULL, 'N', 1, NULL, NULL, NULL, NULL),
	(488, 'CUST-000488', 'PT. INDOGROSIR', 'JL. A.W SYAHRANIE NO. 51 KEL. SEMPAJA SELATAN SAMARINDA', NULL, '81802793924', NULL, NULL, NULL, 'N', 1, NULL, NULL, NULL, NULL),
	(489, 'CUST-000489', 'PT. INT JAYA', 'JL. RAYA PROF DR LATUMENTEN NO 21B', NULL, '', NULL, NULL, NULL, 'N', 1, NULL, NULL, NULL, NULL),
	(490, 'CUST-000490', 'PT. INTI NIAGA', 'TANGERANG', NULL, '', NULL, NULL, NULL, 'N', 1, NULL, NULL, NULL, NULL),
	(491, 'CUST-000491', 'PT. INTIKOM BERLIAN MUSTIKA', 'JAKARTA', NULL, '', NULL, NULL, NULL, 'N', 1, NULL, NULL, NULL, NULL),
	(492, 'CUST-000492', 'PT. JAGO', '', NULL, '', NULL, NULL, NULL, 'N', 1, NULL, NULL, NULL, NULL),
	(493, 'CUST-000493', 'PT. JHON LIN', 'JAKARTA', NULL, '', NULL, NULL, NULL, 'N', 1, NULL, NULL, NULL, NULL),
	(494, 'CUST-000494', 'PT. JOEY SASMITA LENCANA', 'KOMP. PERGUDANGAN ALAM SUTRA BLOK T8 JL. SUTRA NIAGA III NO. 3 ALAM SUTRA - TANGERANG SELATAN', NULL, '021-5399237', NULL, NULL, NULL, 'N', 1, NULL, NULL, NULL, NULL),
	(495, 'CUST-000495', 'PT. KARUNIA BERKAH SAMUDERA', '', NULL, '', NULL, NULL, NULL, 'N', 1, NULL, NULL, NULL, NULL),
	(496, 'CUST-000496', 'PT. KEIZA INTL', 'JAKARTA', NULL, '', NULL, NULL, NULL, 'N', 1, NULL, NULL, NULL, NULL),
	(497, 'CUST-000497', 'PT. KEPIK STATIONARY', 'TAMAN TEKNO BUMI SERPONG DAMAI - TANGERANG', NULL, '', NULL, NULL, NULL, 'N', 1, NULL, NULL, NULL, NULL),
	(498, 'CUST-000498', 'PT. KHARISMA LANGGENG MAKMUR', 'KOMPLEK DEPKES SUNTER', NULL, '65837290', NULL, NULL, NULL, 'N', 1, NULL, NULL, NULL, NULL),
	(499, 'CUST-000499', 'PT. KREASI PRIMA MANDIRI', 'JAKARTA', NULL, '', NULL, NULL, NULL, 'N', 1, NULL, NULL, NULL, NULL),
	(500, 'CUST-000500', 'PT. KRESINDO CAHAYA SEJATI', 'JL. KH. AHMAD DAHLAN X10.88 CIPONDOH TANGGERANG', NULL, '', NULL, NULL, NULL, 'N', 1, NULL, NULL, NULL, NULL),
	(501, 'CUST-000501', 'PT. KRESINDO CAHAYA SEJATI', 'JL. K.H. AHMAD DAHLAN NO. 88 CIPONDOH TANGERANG', NULL, '', NULL, NULL, NULL, 'N', 1, NULL, NULL, NULL, NULL),
	(502, 'CUST-000502', 'PT. LAMINATECH KREASI SARANA', 'JL. PALMERAH UTARA RAYA NO. 34 A JAKARTA', NULL, '53651578', NULL, NULL, NULL, 'N', 1, NULL, NULL, NULL, NULL),
	(503, 'CUST-000503', 'PT. MACROY BUSANA SENTOSA', 'JAKARTA', NULL, '', NULL, NULL, NULL, 'N', 1, NULL, NULL, NULL, NULL),
	(504, 'CUST-000504', 'PT. MALIQ&MALIQA', 'GOA SULAWESI', NULL, '', NULL, NULL, NULL, 'N', 1, NULL, NULL, NULL, NULL),
	(505, 'CUST-000505', 'PT. MANLY', 'JAKARTA', NULL, '', NULL, NULL, NULL, 'N', 1, NULL, NULL, NULL, NULL),
	(506, 'CUST-000506', 'PT. MEGARIAMAS SENTOSA', 'RUKO TAMA INDAH NO 36', NULL, '660.137', NULL, NULL, NULL, 'N', 1, NULL, NULL, NULL, NULL),
	(507, 'CUST-000507', 'PT. MERCURY SEJAHTERA', 'DENPASAR', NULL, '', NULL, NULL, NULL, 'N', 1, NULL, NULL, NULL, NULL),
	(508, 'CUST-000508', 'PT. MITRA ANDALAN SURABAYA', 'PT.HATI MUTIARA', NULL, '', NULL, NULL, NULL, 'N', 1, NULL, NULL, NULL, NULL),
	(509, 'CUST-000509', 'PT. MITRA EFEKTIF DAMAI LESTARI', 'BEKASI', NULL, '', NULL, NULL, NULL, 'N', 1, NULL, NULL, NULL, NULL),
	(510, 'CUST-000510', 'PT. MITRA NIAGA', '', NULL, '', NULL, NULL, NULL, 'N', 1, NULL, NULL, NULL, NULL),
	(511, 'CUST-000511', 'PT. MOTOROLA', '', NULL, '', NULL, NULL, NULL, 'N', 1, NULL, NULL, NULL, NULL),
	(512, 'CUST-000512', 'PT. MSA IJ', 'JAKARTA', NULL, '', NULL, NULL, NULL, 'N', 1, NULL, NULL, NULL, NULL),
	(513, 'CUST-000513', 'PT. MULTI MITRA SAKTI', 'JAKARTA', NULL, '', NULL, NULL, NULL, 'N', 1, NULL, NULL, NULL, NULL),
	(514, 'CUST-000514', 'PT. MYLINHA', 'JLN. MAPALA BLOK A3 NO.20', NULL, '0411-885817', NULL, NULL, NULL, 'N', 1, NULL, NULL, NULL, NULL),
	(515, 'CUST-000515', 'PT. NAGA MULIA PUTRA', 'JL. KAPUK KAMAL MUARA NO. 8', NULL, '', NULL, NULL, NULL, 'N', 1, NULL, NULL, NULL, NULL),
	(516, 'CUST-000516', 'PT. NETZSCH INDONESIA', 'KOMP. DUTA INDAH KARYA BLOK B NO.15 JL. DAAN MOGOT', NULL, '', NULL, NULL, NULL, 'N', 1, NULL, NULL, NULL, NULL),
	(517, 'CUST-000517', 'PT. NEXT CELL', 'JAKARTA', NULL, '', NULL, NULL, NULL, 'N', 1, NULL, NULL, NULL, NULL),
	(518, 'CUST-000518', 'PT. NILAM SUKSES MANDIRI', 'JAKARTA', NULL, '', NULL, NULL, NULL, 'N', 1, NULL, NULL, NULL, NULL),
	(519, 'CUST-000519', 'PT. NUANSA MODE INDONESIA', 'RUKO TAMAN PALAM JAKARTA BARAT', NULL, '', NULL, NULL, NULL, 'N', 1, NULL, NULL, NULL, NULL),
	(520, 'CUST-000520', 'PT. NUSA ALAM RUBER', 'MEDAN', NULL, '', NULL, NULL, NULL, 'N', 1, NULL, NULL, NULL, NULL),
	(521, 'CUST-000521', 'PT. ONIX JAKARTA', 'JL. DURI UTARA  II NO. 14 D JEMBATAN LIMA JAKARTA BARAT', NULL, '021-6281817', NULL, NULL, NULL, 'N', 1, NULL, NULL, NULL, NULL),
	(522, 'CUST-000522', 'PT. PACIFIC METRO INTERNATIONAL', 'JL. GUNUNG SAHARI RAYA NO.1, RUKO MANGGA 2 SQUARE, BLOK E NO.29, JAK-UT', NULL, '62318708', NULL, NULL, NULL, 'N', 1, NULL, NULL, NULL, NULL),
	(523, 'CUST-000523', 'PT. PANAINDO ALKESTAMA', '', NULL, '', NULL, NULL, NULL, 'N', 1, NULL, NULL, NULL, NULL),
	(524, 'CUST-000524', 'PT. PAXEL', '', NULL, '', NULL, NULL, NULL, 'N', 1, NULL, NULL, NULL, NULL),
	(525, 'CUST-000525', 'PT. PELABUHAN DAMAR BESAR', 'JAKARTA', NULL, '', NULL, NULL, NULL, 'N', 1, NULL, NULL, NULL, NULL),
	(526, 'CUST-000526', 'PT. PELAYARAN KEBON ASRINUSA', 'KOMP. MEGA GROSIR CEMPAKA MAS BLOK N.23', NULL, '021-42888144', NULL, NULL, NULL, 'N', 1, NULL, NULL, NULL, NULL),
	(527, 'CUST-000527', 'PT. PERFECT GRAHA UTAMA', 'GRAHA CEMPAKA MAS', NULL, '', NULL, NULL, NULL, 'N', 1, NULL, NULL, NULL, NULL),
	(528, 'CUST-000528', 'PT. PHILIA CITRA SEJAHTERA', 'JAKARTA', NULL, '021-4359814', NULL, NULL, NULL, 'N', 1, NULL, NULL, NULL, NULL),
	(529, 'CUST-000529', 'PT. PORTAL INTERPRESS INDONESIA', 'JAKARTA', NULL, '', NULL, NULL, NULL, 'N', 1, NULL, NULL, NULL, NULL),
	(530, 'CUST-000530', 'PT. PRIMA CITRA LAZUARDI', 'JL. PETERNAKAN II NO.38A', NULL, '021-9119624', NULL, NULL, NULL, 'N', 1, NULL, NULL, NULL, NULL),
	(531, 'CUST-000531', 'PT. PRIMA MEDHA', 'JAKARTA', NULL, '', NULL, NULL, NULL, 'N', 1, NULL, NULL, NULL, NULL),
	(532, 'CUST-000532', 'PT. PRISMA MAKMUR MANDIRI', 'JAKARTA', NULL, '', NULL, NULL, NULL, 'N', 1, NULL, NULL, NULL, NULL),
	(533, 'CUST-000533', 'PT. PRISTINE PRIMA LESTARI', 'JAKARTA', NULL, '', NULL, NULL, NULL, 'N', 1, NULL, NULL, NULL, NULL),
	(534, 'CUST-000534', 'PT. PROPATAMA', 'JL. BHAYANGKARA', NULL, '8125870248', NULL, NULL, NULL, 'N', 1, NULL, NULL, NULL, NULL),
	(535, 'CUST-000535', 'PT. PURI JAYA', 'JAKARTA', NULL, '', NULL, NULL, NULL, 'N', 1, NULL, NULL, NULL, NULL),
	(536, 'CUST-000536', 'PT. R. TRANS LOGISTIC', 'JAKARTA', NULL, '', NULL, NULL, NULL, 'N', 1, NULL, NULL, NULL, NULL),
	(537, 'CUST-000537', 'PT. RAJASA DINAMIKA EXPRESS (PT. RDX)', 'PEKANBARU', NULL, '', NULL, NULL, NULL, 'N', 1, NULL, NULL, NULL, NULL),
	(538, 'CUST-000538', 'PT. RICCIMAN', 'JAKARTA', NULL, '', NULL, NULL, NULL, 'N', 1, NULL, NULL, NULL, NULL),
	(539, 'CUST-000539', 'PT. RUDANG CIPTA PERSADA', 'JAKARTA', NULL, '', NULL, NULL, NULL, 'N', 1, NULL, NULL, NULL, NULL),
	(540, 'CUST-000540', 'PT. SAE', 'MANADO', NULL, '', NULL, NULL, NULL, 'N', 1, NULL, NULL, NULL, NULL),
	(541, 'CUST-000541', 'PT. SALAM JAYA', 'JAKARTA', NULL, '', NULL, NULL, NULL, 'N', 1, NULL, NULL, NULL, NULL),
	(542, 'CUST-000542', 'PT. SAMODRA', 'JAKARTA', NULL, '', NULL, NULL, NULL, 'N', 1, NULL, NULL, NULL, NULL),
	(543, 'CUST-000543', 'PT. SAMUDRA LOGISTIC INDONESIA', 'JAKARTA', NULL, '', NULL, NULL, NULL, 'N', 1, NULL, NULL, NULL, NULL),
	(544, 'CUST-000544', 'PT. SAN MIGUEL', 'JAKARTA', NULL, '', NULL, NULL, NULL, 'N', 1, NULL, NULL, NULL, NULL),
	(545, 'CUST-000545', 'PT. SARANA JAYA DARMA LESTARI', 'JAKARTA', NULL, '', NULL, NULL, NULL, 'N', 1, NULL, NULL, NULL, NULL),
	(546, 'CUST-000546', 'PT. SCA', 'JAKARTA', NULL, '', NULL, NULL, NULL, 'N', 1, NULL, NULL, NULL, NULL),
	(547, 'CUST-000547', 'PT. SCHENKER', 'PEKANBARU', NULL, '', NULL, NULL, NULL, 'N', 1, NULL, NULL, NULL, NULL),
	(548, 'CUST-000548', 'PT. SEHATI JAYA LESTARI', 'JAKARTA', NULL, '', NULL, NULL, NULL, 'N', 1, NULL, NULL, NULL, NULL),
	(549, 'CUST-000549', 'PT. SHIMA BAHTERA NUSANTARA', '', NULL, '', NULL, NULL, NULL, 'N', 1, NULL, NULL, NULL, NULL),
	(550, 'CUST-000550', 'PT. SHIRANEON', 'GREEN LAKE CITY', NULL, '', NULL, NULL, NULL, 'N', 1, NULL, NULL, NULL, NULL),
	(551, 'CUST-000551', 'PT. SHIRANOE INDONESIA', 'TANGERANG', NULL, '', NULL, NULL, NULL, 'N', 1, NULL, NULL, NULL, NULL),
	(552, 'CUST-000552', 'PT. SINERGIA INDONESIA', '', NULL, '', NULL, NULL, NULL, 'N', 1, NULL, NULL, NULL, NULL),
	(553, 'CUST-000553', 'PT. SINEX EXPRESS', 'MEDAN', NULL, '', NULL, NULL, NULL, 'N', 1, NULL, NULL, NULL, NULL),
	(554, 'CUST-000554', 'PT. SOGEN ASIA', 'RUKAN ARTHA GADING MAS BLOK H-23 LT.4 KELAPAGADING BARAT -JAKARTA', NULL, '021-45856758', NULL, NULL, NULL, 'N', 1, NULL, NULL, NULL, NULL),
	(555, 'CUST-000555', 'PT. SSV', '', NULL, '', NULL, NULL, NULL, 'N', 1, NULL, NULL, NULL, NULL),
	(556, 'CUST-000556', 'PT. STAMINA TRIMEGAH', 'JAKARTA', NULL, '2166602030', NULL, NULL, NULL, 'N', 1, NULL, NULL, NULL, NULL),
	(557, 'CUST-000557', 'PT. STAR MAJU SENTOSA', 'JAKARTA', NULL, '', NULL, NULL, NULL, 'N', 1, NULL, NULL, NULL, NULL),
	(558, 'CUST-000558', 'PT. SUKMA PUTRA SARANA', 'JL. KEMANG RAYANO. 18 JATIBENING BARU', NULL, '', NULL, NULL, NULL, 'N', 1, NULL, NULL, NULL, NULL),
	(559, 'CUST-000559', 'PT. SUMBER KARYA SENTOSA', 'RUKO CEMPAKA MAS JAKARTA', NULL, '', NULL, NULL, NULL, 'N', 1, NULL, NULL, NULL, NULL),
	(560, 'CUST-000560', 'PT. SUMBER KREASI FUMIKO', 'JL. SENTANI RAYA BLOK M NO. 29 KEMAYORAN - JAKARTA PUSAT', NULL, '', NULL, NULL, NULL, 'N', 1, NULL, NULL, NULL, NULL),
	(561, 'CUST-000561', 'PT. SUNITAMA TATA MULTI DISTRIBUSINDO', 'JAKARTA', NULL, '', NULL, NULL, NULL, 'N', 1, NULL, NULL, NULL, NULL),
	(562, 'CUST-000562', 'PT. TALI AGUNG DUTA PRIMA', 'CILEDUG - JAKARTA', NULL, '', NULL, NULL, NULL, 'N', 1, NULL, NULL, NULL, NULL),
	(563, 'CUST-000563', 'PT. TALITA KUM', 'JAKARTA', NULL, '', NULL, NULL, NULL, 'N', 1, NULL, NULL, NULL, NULL),
	(564, 'CUST-000564', 'PT. TERUS MEGA TARA', 'JAKARTA', NULL, '', NULL, NULL, NULL, 'N', 1, NULL, NULL, NULL, NULL),
	(565, 'CUST-000565', 'PT. TOTAL PRIME ENGINEERING', 'JL. KEDOYA RAYA NO. 1 RT 008/RW 002. KEDOYA SELATAN, KEBON JERUK 11520 JAKARTA BARAT - DKI JAKARTA', NULL, '', NULL, NULL, NULL, 'N', 1, NULL, NULL, NULL, NULL),
	(566, 'CUST-000566', 'PT. TRANS RATELINDO', 'JL. WIJAYA 6 NO.14A, KEBAYORAN BARU, JAKSEL', NULL, '021-7201701', NULL, NULL, NULL, 'N', 1, NULL, NULL, NULL, NULL),
	(567, 'CUST-000567', 'PT. TRANSMARCO MONG', '', NULL, '', NULL, NULL, NULL, 'N', 1, NULL, NULL, NULL, NULL),
	(568, 'CUST-000568', 'PT. TRI KARYA CEMERLANG', 'JAKARTA', NULL, '', NULL, NULL, NULL, 'N', 1, NULL, NULL, NULL, NULL),
	(569, 'CUST-000569', 'PT. TRI MANDIRI SEJAHTERA', 'RUKO CEMPAKA MAS BLOK I/1, JAKPUS', NULL, '021-42876666', NULL, NULL, NULL, 'N', 1, NULL, NULL, NULL, NULL),
	(570, 'CUST-000570', 'PT. TRIKOMSEL', 'JAKARTA', NULL, '', NULL, NULL, NULL, 'N', 1, NULL, NULL, NULL, NULL),
	(571, 'CUST-000571', 'PT. TRIUM MEGANTARA', 'KAPUK', NULL, '', NULL, NULL, NULL, 'N', 1, NULL, NULL, NULL, NULL),
	(572, 'CUST-000572', 'PT. UNGGUL JAYA CEMERLANG', 'JAKARTA', NULL, '', NULL, NULL, NULL, 'N', 1, NULL, NULL, NULL, NULL),
	(573, 'CUST-000573', 'PT. UNI BLESS', 'JAKARTA', NULL, '', NULL, NULL, NULL, 'N', 1, NULL, NULL, NULL, NULL),
	(574, 'CUST-000574', 'PT. URBAN NIAGA CITRALESTARI', 'RUKAN GRAHA CEMPAKA MAS BLOK C NO.18 LT. 2 JL.LETJEND SUPRAPTO KEMAYORAN JAKARTA PUSAT', NULL, '', NULL, NULL, NULL, 'N', 1, NULL, NULL, NULL, NULL),
	(575, 'CUST-000575', 'PT. VENEMA', 'JAKARTA', NULL, '', NULL, NULL, NULL, 'N', 1, NULL, NULL, NULL, NULL),
	(576, 'CUST-000576', 'PT. VIDIAELOK LESTARI GARMINDO', 'JL. RAYA DAAN MOGOT KM 20 NO. 43, BATU CEPER-TANGERANG', NULL, '', NULL, NULL, NULL, 'N', 1, NULL, NULL, NULL, NULL),
	(577, 'CUST-000577', 'PT. WAHANA MANDIRI SYDRATAMA', 'JAKARTA', NULL, '', NULL, NULL, NULL, 'N', 1, NULL, NULL, NULL, NULL),
	(578, 'CUST-000578', 'PT. WARNA MARDHIKA', 'JATI UWUNG - TANGERANG', NULL, '', NULL, NULL, NULL, 'N', 1, NULL, NULL, NULL, NULL),
	(579, 'CUST-000579', 'PT.4EVER TRANSINDO', 'JAKARTA', NULL, '', NULL, NULL, NULL, 'N', 1, NULL, NULL, NULL, NULL),
	(580, 'CUST-000580', 'PT.4EVER TRASINDO', 'JATIWARINGIN', NULL, '', NULL, NULL, NULL, 'N', 1, NULL, NULL, NULL, NULL),
	(581, 'CUST-000581', 'PT.ARTHA', 'JAKARTA', NULL, '', NULL, NULL, NULL, 'N', 1, NULL, NULL, NULL, NULL),
	(582, 'CUST-000582', 'PT.BERKA COMPUTEL', 'JL TANAH ABANG III/19 BLOK G-J KOMPLEK TENAGA MAS JAKARTA PUSAT', NULL, '021 2316352', NULL, NULL, NULL, 'N', 1, NULL, NULL, NULL, NULL),
	(583, 'CUST-000583', 'PT.BERLIAN EKSPRES', 'JL.PEMANDANGAN I NO 29 JAKARTA UTARA', NULL, '021-64713627', NULL, NULL, NULL, 'N', 1, NULL, NULL, NULL, NULL),
	(584, 'CUST-000584', 'PT.BEST HOME (PROTEAM)', 'KOMPLEK RUKO MEGA GROSIR CEMPAKA MAS BLOK M', NULL, '', NULL, NULL, NULL, 'N', 1, NULL, NULL, NULL, NULL),
	(585, 'CUST-000585', 'PT.BINA BUSANA INTERNUSA', 'JL.PULAU BUARAN II BLOK Q NO.1 KAWASAN INDUSTRI PULO GADUNG JAKARTA TIMUR 13920', NULL, '021-46820820', NULL, NULL, NULL, 'N', 1, NULL, NULL, NULL, NULL),
	(586, 'CUST-000586', 'PT.BINA BUSANA INTERNUSA (MKS)', 'JAKARTA', NULL, '', NULL, NULL, NULL, 'N', 1, NULL, NULL, NULL, NULL),
	(587, 'CUST-000587', 'PT.BINA BUSANA INTERNUSA (SMRD)', 'JAKARTA', NULL, '', NULL, NULL, NULL, 'N', 1, NULL, NULL, NULL, NULL),
	(588, 'CUST-000588', 'PT.BRICHEL AGUNG MANDIRI SEJAHTERA', 'JL.RAYA TAPOS NO 39 KEL CIRIUNG KEC CIBINONG', NULL, '', NULL, NULL, NULL, 'N', 1, NULL, NULL, NULL, NULL),
	(589, 'CUST-000589', 'PT.BRICHEL AGUNG MANDIRI SEJATI', '', NULL, '', NULL, NULL, NULL, 'N', 1, NULL, NULL, NULL, NULL),
	(590, 'CUST-000590', 'PT.CHEMINDO UTAMA', '', NULL, '', NULL, NULL, NULL, 'N', 1, NULL, NULL, NULL, NULL),
	(591, 'CUST-000591', 'PT.HORIGUCHI ENGINERING', 'INDONESIA', NULL, '', NULL, NULL, NULL, 'N', 1, NULL, NULL, NULL, NULL),
	(592, 'CUST-000592', 'PT.MARKA MITRA', 'JAKARTA', NULL, '', NULL, NULL, NULL, 'N', 1, NULL, NULL, NULL, NULL),
	(593, 'CUST-000593', 'PT.MEGA SURYA LESTARI', 'JAKARTA', NULL, '', NULL, NULL, NULL, 'N', 1, NULL, NULL, NULL, NULL),
	(594, 'CUST-000594', 'PT.METRINDO', 'JL SURYOPRANOTO', NULL, '3501188', NULL, NULL, NULL, 'N', 1, NULL, NULL, NULL, NULL),
	(595, 'CUST-000595', 'PT.MUGI', 'JAKARTA', NULL, '', NULL, NULL, NULL, 'N', 1, NULL, NULL, NULL, NULL),
	(596, 'CUST-000596', 'PT.MUKTIJAYA TRANSINDO', 'JL.UMAR GANG IKLAS NO62, MEDAN', NULL, '', NULL, NULL, NULL, 'N', 1, NULL, NULL, NULL, NULL),
	(597, 'CUST-000597', 'PT.PANCA CARGO', '', NULL, '', NULL, NULL, NULL, 'N', 1, NULL, NULL, NULL, NULL),
	(598, 'CUST-000598', 'PT.PERFECT COMPANION INDONESIA', 'JAKARTA', NULL, '', NULL, NULL, NULL, 'N', 1, NULL, NULL, NULL, NULL),
	(599, 'CUST-000599', 'PT.PROTEAM', 'JAKARTA', NULL, '', NULL, NULL, NULL, 'N', 1, NULL, NULL, NULL, NULL),
	(600, 'CUST-000600', 'PT.PUTERA 101', '', NULL, '', NULL, NULL, NULL, 'N', 1, NULL, NULL, NULL, NULL),
	(601, 'CUST-000601', 'PT.ROYAL ARTINDO KREASI', 'SUNTER JAKARTA', NULL, '', NULL, NULL, NULL, 'N', 1, NULL, NULL, NULL, NULL),
	(602, 'CUST-000602', 'PT.SEMBILAN OHM SEMBILAN', '', NULL, '', NULL, NULL, NULL, 'N', 1, NULL, NULL, NULL, NULL),
	(603, 'CUST-000603', 'PT.TRANSMARCO', '', NULL, '', NULL, NULL, NULL, 'N', 1, NULL, NULL, NULL, NULL),
	(604, 'CUST-000604', 'PT.VENTURINDO', 'INDONESIA', NULL, '', NULL, NULL, NULL, 'N', 1, NULL, NULL, NULL, NULL),
	(605, 'CUST-000605', 'PTCARSURIR MGK', 'KEMAYORAN', NULL, '', NULL, NULL, NULL, 'N', 1, NULL, NULL, NULL, NULL),
	(606, 'CUST-000606', 'PTNINETOLOGY INDONESIA', 'KOMP RUKO MEGA GROSIR CEMPAKA MAS BLOK P 3 &  5', NULL, '812961500', NULL, NULL, NULL, 'N', 1, NULL, NULL, NULL, NULL),
	(607, 'CUST-000607', 'RAHMAT S. CV', 'JL. BERSAMA NO. 135 BANDAR SELAMAT', NULL, '', NULL, NULL, NULL, 'N', 1, NULL, NULL, NULL, NULL),
	(608, 'CUST-000608', 'RAHMAT WIJAYA', 'RUKO TOHO PANTAI INDAH KAPUK BLOK.F NO.17', NULL, '', NULL, NULL, NULL, 'N', 1, NULL, NULL, NULL, NULL),
	(609, 'CUST-000609', 'RAJ HEALTH CARE', '', NULL, '81285487788', NULL, NULL, NULL, 'N', 1, NULL, NULL, NULL, NULL),
	(610, 'CUST-000610', 'RAJASA DINAMIKA EKSPRESS', 'JL. CEMPEDAK NO. 30B PEKANBARU', NULL, '761.40121', NULL, NULL, NULL, 'N', 1, NULL, NULL, NULL, NULL),
	(611, 'CUST-000611', 'RIA BUSANA', '', NULL, '', NULL, NULL, NULL, 'N', 1, NULL, NULL, NULL, NULL),
	(612, 'CUST-000612', 'RICKY MANIKOME', 'APARTMENT CEMPAKA MAS BLOK A2 LT 10 NO 8', NULL, '81213131500', NULL, NULL, NULL, 'N', 1, NULL, NULL, NULL, NULL),
	(613, 'CUST-000613', 'ROCKSIDER', 'JL DR CURIE NO 5 BANDUNG', NULL, '022-4237481', NULL, NULL, NULL, 'N', 1, NULL, NULL, NULL, NULL),
	(614, 'CUST-000614', 'RSX CARGO', 'JAKARTA', NULL, '', NULL, NULL, NULL, 'N', 1, NULL, NULL, NULL, NULL),
	(615, 'CUST-000615', 'RUINS', '', NULL, '', NULL, NULL, NULL, 'N', 1, NULL, NULL, NULL, NULL),
	(616, 'CUST-000616', 'SAMAD JAYA', 'JAKARTA', NULL, '', NULL, NULL, NULL, 'N', 1, NULL, NULL, NULL, NULL),
	(617, 'CUST-000617', 'SARANA CARGO', 'JAKARTA', NULL, '', NULL, NULL, NULL, 'N', 1, NULL, NULL, NULL, NULL),
	(618, 'CUST-000618', 'SENI FASHION', 'MANGGADUA', NULL, '', NULL, NULL, NULL, 'N', 1, NULL, NULL, NULL, NULL),
	(619, 'CUST-000619', 'SENTANI', '', NULL, '', NULL, NULL, NULL, 'N', 1, NULL, NULL, NULL, NULL),
	(620, 'CUST-000620', 'SERENITY', 'MANGGADUA', NULL, '', NULL, NULL, NULL, 'N', 1, NULL, NULL, NULL, NULL),
	(621, 'CUST-000621', 'SIAGIAN', '', NULL, '', NULL, NULL, NULL, 'N', 1, NULL, NULL, NULL, NULL),
	(622, 'CUST-000622', 'SINAR ABADI EKSPRESS', 'SURABAYA', NULL, '', NULL, NULL, NULL, 'N', 1, NULL, NULL, NULL, NULL),
	(623, 'CUST-000623', 'SINAR SUMATRA', 'JAKARTA', NULL, '', NULL, NULL, NULL, 'N', 1, NULL, NULL, NULL, NULL),
	(624, 'CUST-000624', 'SINAR TIMUR ABADI', 'JAKARTA', NULL, '', NULL, NULL, NULL, 'N', 1, NULL, NULL, NULL, NULL),
	(625, 'CUST-000625', 'SPG YONGKI', '', NULL, '', NULL, NULL, NULL, 'N', 1, NULL, NULL, NULL, NULL),
	(626, 'CUST-000626', 'STANLEY', 'JAKARTA', NULL, '', NULL, NULL, NULL, 'N', 1, NULL, NULL, NULL, NULL),
	(627, 'CUST-000627', 'STAR LIGHT', 'TANAH ABANG', NULL, '', NULL, NULL, NULL, 'N', 1, NULL, NULL, NULL, NULL),
	(628, 'CUST-000628', 'STELLA', 'JAKARTA', NULL, '', NULL, NULL, NULL, 'N', 1, NULL, NULL, NULL, NULL),
	(629, 'CUST-000629', 'STUDIO FABRICS', 'RUKO MEGA GROSIR CEMPAKA MAS BLOK K 38', NULL, '021-42900093', NULL, NULL, NULL, 'N', 1, NULL, NULL, NULL, NULL),
	(630, 'CUST-000630', 'SUGIYANTO', 'DEPOK', NULL, '', NULL, NULL, NULL, 'N', 1, NULL, NULL, NULL, NULL),
	(631, 'CUST-000631', 'SUKARLI', 'JL BELIMBING TERUSAM NO 05 RT 16/08 JAKARTA UTARA', NULL, '', NULL, NULL, NULL, 'N', 1, NULL, NULL, NULL, NULL),
	(632, 'CUST-000632', 'SURYA JAYA TEHNIK', 'JAKARTA', NULL, '', NULL, NULL, NULL, 'N', 1, NULL, NULL, NULL, NULL),
	(633, 'CUST-000633', 'SUSI AIR', 'JAKARTA', NULL, '', NULL, NULL, NULL, 'N', 1, NULL, NULL, NULL, NULL),
	(634, 'CUST-000634', 'TALITAKUM SEJAHTERA', 'JAKARTA', NULL, '', NULL, NULL, NULL, 'N', 1, NULL, NULL, NULL, NULL),
	(635, 'CUST-000635', 'TANGGUH MANDIRI SUKSES', '', NULL, '', NULL, NULL, NULL, 'N', 1, NULL, NULL, NULL, NULL),
	(636, 'CUST-000636', 'TANJUNG TABALONG', 'JL. NOOR PEMBATAAN SIMPANG 4 LAMPU MERAH PLAMBON DEPAN OPTIK ASIA', NULL, '', NULL, NULL, NULL, 'N', 1, NULL, NULL, NULL, NULL),
	(637, 'CUST-000637', 'TARAKAN', 'JL.GAJAH MADA RT 01 NO 13 TARAKAN', NULL, '', NULL, NULL, NULL, 'N', 1, NULL, NULL, NULL, NULL),
	(638, 'CUST-000638', 'TB GUNUNG BAJA', '', NULL, '', NULL, NULL, NULL, 'N', 1, NULL, NULL, NULL, NULL),
	(639, 'CUST-000639', 'TF ADRIAN HRP', 'KOMP BEA CUKAI M5/12 SUKAPURA JAKUT', NULL, '85310212020', NULL, NULL, NULL, 'N', 1, NULL, NULL, NULL, NULL),
	(640, 'CUST-000640', 'TIMIKA', 'JL. BUDI UTOMO', NULL, '', NULL, NULL, NULL, 'N', 1, NULL, NULL, NULL, NULL),
	(641, 'CUST-000641', 'TIMIKA - PAPUA', '', NULL, '', NULL, NULL, NULL, 'N', 1, NULL, NULL, NULL, NULL),
	(642, 'CUST-000642', 'TIMIKA 1', 'JL. BUDI UTOMO, TIMIKA-PAPUA BARAT', NULL, '', NULL, NULL, NULL, 'N', 1, NULL, NULL, NULL, NULL),
	(643, 'CUST-000643', 'TOKO A & K', 'JAKARTA', NULL, '', NULL, NULL, NULL, 'N', 1, NULL, NULL, NULL, NULL),
	(644, 'CUST-000644', 'TOKO AGENDA', 'MEDAN', NULL, '', NULL, NULL, NULL, 'N', 1, NULL, NULL, NULL, NULL),
	(645, 'CUST-000645', 'TOKO AMOS', 'PASAR PAGI MANGGADUA', NULL, '', NULL, NULL, NULL, 'N', 1, NULL, NULL, NULL, NULL),
	(646, 'CUST-000646', 'TOKO AMSTRONG', 'PASAR PAGI MANGGADUA', NULL, '', NULL, NULL, NULL, 'N', 1, NULL, NULL, NULL, NULL),
	(647, 'CUST-000647', 'TOKO ANC', 'TANAH ABANG', NULL, '', NULL, NULL, NULL, 'N', 1, NULL, NULL, NULL, NULL),
	(648, 'CUST-000648', 'TOKO ATN', 'PASAR PAGI MANGGADUA JAKARTA', NULL, '', NULL, NULL, NULL, 'N', 1, NULL, NULL, NULL, NULL),
	(649, 'CUST-000649', 'TOKO ATN', 'MANGGA DUA', NULL, '', NULL, NULL, NULL, 'N', 1, NULL, NULL, NULL, NULL),
	(650, 'CUST-000650', 'TOKO B JOJO', 'PASAR PAGI MANGGA DUA JAKARTA', NULL, '', NULL, NULL, NULL, 'N', 1, NULL, NULL, NULL, NULL),
	(651, 'CUST-000651', 'TOKO BLUEBERRY', 'JAKARTA', NULL, '', NULL, NULL, NULL, 'N', 1, NULL, NULL, NULL, NULL),
	(652, 'CUST-000652', 'TOKO BUNGA SEASON', 'JAKARTA', NULL, '', NULL, NULL, NULL, 'N', 1, NULL, NULL, NULL, NULL),
	(653, 'CUST-000653', 'TOKO CELCIUS', 'MUARA TEWEH', NULL, '', NULL, NULL, NULL, 'N', 1, NULL, NULL, NULL, NULL),
	(654, 'CUST-000654', 'TOKO CELCIUS BUKIT TINGGI', 'JL. JEND. SUDIRMAN NO.61C', NULL, '217171285', NULL, NULL, NULL, 'N', 1, NULL, NULL, NULL, NULL),
	(655, 'CUST-000655', 'TOKO CELCIUS MANOKWARI CITY', 'JL. YOS SUDARSO', NULL, '', NULL, NULL, NULL, 'N', 1, NULL, NULL, NULL, NULL),
	(656, 'CUST-000656', 'TOKO COPLUS', 'MALL MANGGADUA LT 1 JAKARTA', NULL, '', NULL, NULL, NULL, 'N', 1, NULL, NULL, NULL, NULL),
	(657, 'CUST-000657', 'TOKO ELLY', 'MANGGA DUA', NULL, '', NULL, NULL, NULL, 'N', 1, NULL, NULL, NULL, NULL),
	(658, 'CUST-000658', 'TOKO FA', 'MANGGADUA', NULL, '', NULL, NULL, NULL, 'N', 1, NULL, NULL, NULL, NULL),
	(659, 'CUST-000659', 'TOKO FIOLINE', 'MANGGADUA', NULL, '', NULL, NULL, NULL, 'N', 1, NULL, NULL, NULL, NULL),
	(660, 'CUST-000660', 'TOKO GETO NEGRO', 'PLAZA DTC WONOKROMO LT2 BLOK B NO 19 SURABAYA', NULL, '81332245484', NULL, NULL, NULL, 'N', 1, NULL, NULL, NULL, NULL),
	(661, 'CUST-000661', 'TOKO GIAT JAYA', 'JAKARTA', NULL, '', NULL, NULL, NULL, 'N', 1, NULL, NULL, NULL, NULL),
	(662, 'CUST-000662', 'TOKO HASDHANE', 'PMGTA LG BLOK A 146-147', NULL, '81584098194', NULL, NULL, NULL, 'N', 1, NULL, NULL, NULL, NULL),
	(663, 'CUST-000663', 'TOKO HELINA', '', NULL, '', NULL, NULL, NULL, 'N', 1, NULL, NULL, NULL, NULL),
	(664, 'CUST-000664', 'TOKO JOJO', 'JAKARTA', NULL, '', NULL, NULL, NULL, 'N', 1, NULL, NULL, NULL, NULL),
	(665, 'CUST-000665', 'TOKO KLARISA', 'MANGGADUA JAKARTA', NULL, '', NULL, NULL, NULL, 'N', 1, NULL, NULL, NULL, NULL),
	(666, 'CUST-000666', 'TOKO M & C', 'PASAR PAGI MANGGADUA', NULL, '', NULL, NULL, NULL, 'N', 1, NULL, NULL, NULL, NULL),
	(667, 'CUST-000667', 'TOKO MILINIUM', 'JL.PADEMANGAN II GG 26 NO 63  JAKARTA UTARA', NULL, '021-64713105', NULL, NULL, NULL, 'N', 1, NULL, NULL, NULL, NULL),
	(668, 'CUST-000668', 'TOKO NOBBY', 'DAAN MOGOT', NULL, '', NULL, NULL, NULL, 'N', 1, NULL, NULL, NULL, NULL),
	(669, 'CUST-000669', 'TOKO OBRAS', 'JL.TOKO TIGA JAKARTA', NULL, '', NULL, NULL, NULL, 'N', 1, NULL, NULL, NULL, NULL),
	(670, 'CUST-000670', 'TOKO R N B', 'JAKARTA', NULL, '', NULL, NULL, NULL, 'N', 1, NULL, NULL, NULL, NULL),
	(671, 'CUST-000671', 'TOKO STARRY', 'TANAH ABANG JAKARTA', NULL, '', NULL, NULL, NULL, 'N', 1, NULL, NULL, NULL, NULL),
	(672, 'CUST-000672', 'TOKO TA', 'MANGGA DUA', NULL, '', NULL, NULL, NULL, 'N', 1, NULL, NULL, NULL, NULL),
	(673, 'CUST-000673', 'TOKO UP 2 DATE', 'MANGGADUA JAKARTA', NULL, '', NULL, NULL, NULL, 'N', 1, NULL, NULL, NULL, NULL),
	(674, 'CUST-000674', 'TOKO VIOLINE', 'MANGGA DUA', NULL, '', NULL, NULL, NULL, 'N', 1, NULL, NULL, NULL, NULL),
	(675, 'CUST-000675', 'TRANSEX', 'BANDA ACEH', NULL, '', NULL, NULL, NULL, 'N', 1, NULL, NULL, NULL, NULL),
	(676, 'CUST-000676', 'TWIN TULIP WARE', 'JAKARTA', NULL, '4612654', NULL, NULL, NULL, 'N', 1, NULL, NULL, NULL, NULL),
	(677, 'CUST-000677', 'UBI RAMBAT', '', NULL, '', NULL, NULL, NULL, 'N', 1, NULL, NULL, NULL, NULL),
	(678, 'CUST-000678', 'UD. LIMAN COORPORATION', 'JAKARTA', NULL, '', NULL, NULL, NULL, 'N', 1, NULL, NULL, NULL, NULL),
	(679, 'CUST-000679', 'UNCU CL', 'JAKARTA', NULL, '', NULL, NULL, NULL, 'N', 1, NULL, NULL, NULL, NULL),
	(680, 'CUST-000680', 'UNY BAN', '', NULL, '', NULL, NULL, NULL, 'N', 1, NULL, NULL, NULL, NULL),
	(681, 'CUST-000681', 'USAHA EXPRESS', 'JAKARTA', NULL, '', NULL, NULL, NULL, 'N', 1, NULL, NULL, NULL, NULL),
	(682, 'CUST-000682', 'VICTORIA CIPTA PERDANA', '', NULL, '', NULL, NULL, NULL, 'N', 1, NULL, NULL, NULL, NULL),
	(683, 'CUST-000683', 'VISTA KREASI', 'JL. DUTA RAYA NO. 71, CIMANGGIS-DEPOK', NULL, '870-2629', NULL, NULL, NULL, 'N', 1, NULL, NULL, NULL, NULL),
	(684, 'CUST-000684', 'W2 STYLE', 'JAKARTA', NULL, '', NULL, NULL, NULL, 'N', 1, NULL, NULL, NULL, NULL),
	(685, 'CUST-000685', 'W2STYLE', 'PASAR MOBIL KEMAYORAN BLOM M 22-26 JAKARTA PUSAT', NULL, '8999902588', NULL, NULL, NULL, 'N', 1, NULL, NULL, NULL, NULL),
	(686, 'CUST-000686', 'WAHANA PRINTING', 'JL. KALI BARU BARAT NO. 154B, KEMAYORAN, JAKPUS', NULL, '021-70765774', NULL, NULL, NULL, 'N', 1, NULL, NULL, NULL, NULL),
	(687, 'CUST-000687', 'WHITE SHOPING', '', NULL, '', NULL, NULL, NULL, 'N', 1, NULL, NULL, NULL, NULL),
	(688, 'CUST-000688', 'WID LOGISTIK', 'JAKARTA', NULL, '', NULL, NULL, NULL, 'N', 1, NULL, NULL, NULL, NULL),
	(689, 'CUST-000689', 'WIN BENGKEL', 'PADANG PARIAMAN', NULL, '', NULL, NULL, NULL, 'N', 1, NULL, NULL, NULL, NULL),
	(690, 'CUST-000690', 'WITRA', 'JAKARTA', NULL, '', NULL, NULL, NULL, 'N', 1, NULL, NULL, NULL, NULL),
	(691, 'CUST-000691', 'YOGYAKARTA 1', 'JOGJA CITY MALL, JL. MAGELANG KM. 6 NO.18 UG NO. 8-9 YOGYAKARTA', NULL, '', NULL, NULL, NULL, 'N', 1, NULL, NULL, NULL, NULL),
	(692, 'CUST-000692', 'YOGYAKARTA 2', 'JOGJA CITY MALL JL. MAGELANG KM.6, UG UNIT 10 11 NO.18 KEL. SINDUADI KEC. MLATI, SLEMAN, YOGYAKARTA', NULL, '', NULL, NULL, NULL, 'N', 1, NULL, NULL, NULL, NULL),
	(693, 'CUST-000693', 'YUPPI CAHYADI', 'JAKARTA', NULL, '', NULL, NULL, NULL, 'N', 1, NULL, NULL, NULL, NULL),
	(694, 'CUST-000694', 'ZAMRUD LINE', 'JAKARTA', NULL, '', NULL, NULL, NULL, 'N', 1, NULL, NULL, NULL, NULL);
/*!40000 ALTER TABLE `customers` ENABLE KEYS */;


-- Dumping structure for table lke.customer_branchs
CREATE TABLE IF NOT EXISTS `customer_branchs` (
  `id` bigint(20) NOT NULL AUTO_INCREMENT,
  `customer_id` bigint(20) NOT NULL,
  `customer_brand_id` bigint(20) DEFAULT NULL,
  `branch_code` varchar(32) DEFAULT NULL,
  `branch_name` varchar(32) DEFAULT NULL,
  `city_id` bigint(20) NOT NULL,
  `address` varchar(160) NOT NULL,
  `description` text DEFAULT NULL,
  `is_active` char(1) NOT NULL,
  `user_id` bigint(20) NOT NULL,
  `created_at` timestamp NULL DEFAULT NULL,
  `updated_at` timestamp NULL DEFAULT NULL,
  `deleted_at` datetime DEFAULT NULL,
  `deleted_by` bigint(10) unsigned DEFAULT NULL,
  PRIMARY KEY (`id`),
  KEY `FK_customer_branchs_customer` (`customer_id`),
  KEY `FK_customer_branchs_customer_brands` (`customer_brand_id`),
  KEY `FK_customer_branchs_cities` (`city_id`),
  CONSTRAINT `FK_customer_branchs_cities` FOREIGN KEY (`city_id`) REFERENCES `cities` (`id`),
  CONSTRAINT `FK_customer_branchs_customer` FOREIGN KEY (`customer_id`) REFERENCES `customers` (`id`),
  CONSTRAINT `FK_customer_branchs_customer_brands` FOREIGN KEY (`customer_brand_id`) REFERENCES `customer_brands` (`id`)
) ENGINE=InnoDB AUTO_INCREMENT=13 DEFAULT CHARSET=utf8mb4;

-- Dumping data for table lke.customer_branchs: ~10 rows (approximately)
/*!40000 ALTER TABLE `customer_branchs` DISABLE KEYS */;
INSERT INTO `customer_branchs` (`id`, `customer_id`, `customer_brand_id`, `branch_code`, `branch_name`, `city_id`, `address`, `description`, `is_active`, `user_id`, `created_at`, `updated_at`, `deleted_at`, `deleted_by`) VALUES
	(1, 1, NULL, 'PST', 'Kantor Pusat', 1, 'Jl Raya Kebayunan Tapos', 'Kantor Pusat', 'Y', 1, '2022-03-05 15:44:45', '2022-03-06 03:18:55', NULL, NULL),
	(2, 1, 1, 'RC001', 'Celcius Bogor', 4, 'Jl Jakarta Bogor Mall BTM', NULL, 'N', 1, '2022-03-06 03:19:29', '2022-03-06 03:19:42', NULL, NULL),
	(3, 1, 2, 'RM001', 'RM01 Depok', 1, 'Jl margonda raya', NULL, 'Y', 1, '2022-03-08 13:57:41', '2022-03-08 13:57:41', NULL, NULL),
	(4, 2, NULL, 'PST', 'PUSAT', 4, 'Jl Raya Pesanggrahan', NULL, 'Y', 1, '2022-03-09 14:36:20', '2022-03-26 13:57:48', NULL, NULL),
	(6, 4, NULL, 'PST', 'Pusat', 148, 'MEDAN', NULL, 'Y', 1, '2022-03-18 05:31:37', '2022-03-18 05:31:37', NULL, NULL),
	(7, 199, NULL, 'PST', 'PUSAT', 50, 'LAMPUNG', NULL, 'Y', 1, '2022-03-18 06:11:47', '2022-03-18 06:11:47', NULL, NULL),
	(8, 142, NULL, 'PST', 'PUSAT', 168, 'PKB', NULL, 'Y', 1, '2022-03-25 09:26:55', '2022-03-25 09:26:55', NULL, NULL),
	(9, 2, 3, 'BGR', 'BOGOR', 4, 'WERT', 'WERT', 'Y', 1, '2022-07-18 03:09:33', '2022-07-18 03:51:42', NULL, NULL),
	(10, 1, NULL, 'RM089', 'RM089 - LAMPUNG', 50, 'TEST', NULL, 'Y', 1, '2022-07-25 14:44:59', '2022-07-25 14:44:59', NULL, NULL),
	(11, 1, 1, 'RC099', 'CELCIUS PEKANBARU', 168, 'TEST', 'TEST', 'Y', 1, '2022-08-08 14:36:52', '2022-08-08 14:36:52', NULL, NULL),
	(12, 1, NULL, 'RF01', 'FLIES MEDAN', 148, 'TEST', 'TEST', 'Y', 1, '2022-08-12 16:06:36', '2022-08-12 16:06:36', NULL, NULL);
/*!40000 ALTER TABLE `customer_branchs` ENABLE KEYS */;


-- Dumping structure for table lke.customer_brands
CREATE TABLE IF NOT EXISTS `customer_brands` (
  `id` bigint(20) NOT NULL AUTO_INCREMENT,
  `customer_id` bigint(20) NOT NULL,
  `brand_code` varchar(128) DEFAULT NULL,
  `brand_name` varchar(128) NOT NULL,
  `user_id` bigint(20) NOT NULL,
  `created_at` timestamp NULL DEFAULT NULL,
  `updated_at` timestamp NULL DEFAULT NULL,
  `deleted_at` datetime DEFAULT NULL,
  `deleted_by` bigint(10) unsigned DEFAULT NULL,
  PRIMARY KEY (`id`),
  KEY `FK_customer_brands_customers` (`customer_id`),
  CONSTRAINT `FK_customer_brands_customers` FOREIGN KEY (`customer_id`) REFERENCES `customers` (`id`)
) ENGINE=InnoDB AUTO_INCREMENT=5 DEFAULT CHARSET=utf8mb4;

-- Dumping data for table lke.customer_brands: ~4 rows (approximately)
/*!40000 ALTER TABLE `customer_brands` DISABLE KEYS */;
INSERT INTO `customer_brands` (`id`, `customer_id`, `brand_code`, `brand_name`, `user_id`, `created_at`, `updated_at`, `deleted_at`, `deleted_by`) VALUES
	(1, 1, 'RC', 'Celcius', 1, '2022-03-06 03:07:08', '2022-03-06 03:07:08', NULL, NULL),
	(2, 1, 'RM', 'Mississippi', 1, '2022-03-06 03:07:25', '2022-03-06 03:07:41', NULL, NULL),
	(3, 2, 'BEST', 'BEST BRAND', 1, '2022-07-18 03:44:55', '2022-07-18 03:44:55', NULL, NULL);
/*!40000 ALTER TABLE `customer_brands` ENABLE KEYS */;


-- Dumping structure for table lke.customer_master_prices
CREATE TABLE IF NOT EXISTS `customer_master_prices` (
  `id` bigint(20) NOT NULL AUTO_INCREMENT,
  `customer_id` bigint(20) NOT NULL,
  `price_code` varchar(32) NOT NULL,
  `location_id` bigint(20) NOT NULL,
  `service_id` bigint(20) NOT NULL,
  `price` decimal(10,2) NOT NULL,
  `cogs_price` decimal(10,2) NOT NULL,
  `administrative_cost` decimal(10,2) NOT NULL DEFAULT 0.00,
  `insurance_fee` decimal(10,2) NOT NULL DEFAULT 0.00,
  `other_cost` decimal(10,2) NOT NULL DEFAULT 0.00,
  `margin` decimal(10,2) NOT NULL,
  `user_id` bigint(20) NOT NULL,
  `status` varchar(15) NOT NULL DEFAULT 'PENDING',
  `created_at` timestamp NULL DEFAULT NULL,
  `updated_at` timestamp NULL DEFAULT NULL,
  `deleted_at` datetime DEFAULT NULL,
  `deleted_by` bigint(10) unsigned DEFAULT NULL,
  `approved_at` datetime DEFAULT NULL,
  `approved_by` bigint(20) DEFAULT NULL,
  PRIMARY KEY (`id`),
  KEY `FK_customer_master_prices_customers` (`customer_id`),
  KEY `FK_customer_master_prices_locations` (`location_id`),
  KEY `FK_customer_master_prices_services` (`service_id`),
  CONSTRAINT `FK_customer_master_prices_customers` FOREIGN KEY (`customer_id`) REFERENCES `customers` (`id`),
  CONSTRAINT `FK_customer_master_prices_locations` FOREIGN KEY (`location_id`) REFERENCES `locations` (`id`),
  CONSTRAINT `FK_customer_master_prices_services` FOREIGN KEY (`service_id`) REFERENCES `services` (`id`)
) ENGINE=InnoDB AUTO_INCREMENT=28 DEFAULT CHARSET=utf8mb4;

-- Dumping data for table lke.customer_master_prices: ~15 rows (approximately)
/*!40000 ALTER TABLE `customer_master_prices` DISABLE KEYS */;
INSERT INTO `customer_master_prices` (`id`, `customer_id`, `price_code`, `location_id`, `service_id`, `price`, `cogs_price`, `administrative_cost`, `insurance_fee`, `other_cost`, `margin`, `user_id`, `status`, `created_at`, `updated_at`, `deleted_at`, `deleted_by`, `approved_at`, `approved_by`) VALUES
	(1, 1, 'JKTDPK_D', 2, 1, 8000.50, 7000.00, 0.00, 0.00, 0.00, 1000.50, 1, 'APPROVED', '2022-03-06 02:47:32', '2022-03-26 02:21:35', NULL, NULL, '2022-03-07 07:07:04', 1),
	(4, 2, 'JKTDPK_D', 2, 1, 8000.00, 7000.00, 0.00, 0.00, 0.00, 1000.00, 1, 'APPROVED', '2022-03-09 14:36:58', '2022-03-09 14:37:54', NULL, NULL, '2022-03-09 14:37:54', 1),
	(5, 2, 'JKTJKT_D', 1, 1, 3000.00, 0.00, 0.00, 0.00, 0.00, 3000.00, 1, 'APPROVED', '2022-03-09 14:41:15', '2022-03-09 14:44:16', NULL, NULL, '2022-03-09 14:44:16', 1),
	(6, 4, 'JKTMES_D', 4, 1, 9000.00, 0.00, 0.00, 0.00, 0.00, 9000.00, 1, 'APPROVED', '2022-03-18 05:33:25', '2022-08-12 20:44:15', NULL, NULL, '2022-08-12 20:44:15', 1),
	(7, 199, 'JKTLMP_D', 5, 1, 7500.00, 0.00, 0.00, 0.00, 0.00, 7500.00, 1, 'APPROVED', '2022-03-18 06:12:03', '2022-03-18 06:12:20', NULL, NULL, '2022-03-18 06:12:20', 1),
	(8, 142, 'JKTPKU_D', 6, 1, 8000.00, 0.00, 0.00, 0.00, 0.00, 8000.00, 1, 'APPROVED', '2022-03-25 09:28:07', '2022-03-25 09:28:37', NULL, NULL, '2022-03-25 09:28:37', 1),
	(9, 2, 'JKTBGR_D', 7, 1, 6500.00, 6000.00, 0.00, 0.00, 0.00, 500.00, 1, 'APPROVED', '2022-03-26 13:56:10', '2022-03-26 13:56:27', NULL, NULL, '2022-03-26 13:56:27', 1),
	(10, 1, 'JKTBGR_D', 7, 1, 6500.00, 6000.00, 0.00, 0.00, 0.00, 500.00, 1, 'APPROVED', '2022-06-18 08:01:32', '2022-08-01 15:06:40', NULL, NULL, '2022-08-01 15:06:40', 1),
	(20, 1, 'JKTMES_D', 4, 1, 6050.00, 0.00, 0.00, 0.00, 0.00, 6050.00, 1, 'APPROVED', '2022-07-04 13:49:52', '2022-09-28 21:29:48', NULL, NULL, '2022-09-28 21:29:48', 1),
	(21, 1, 'JKTLMP_D', 5, 1, 8000.00, 0.00, 0.00, 0.00, 0.00, 8000.00, 1, 'APPROVED', '2022-07-25 14:42:16', '2022-07-25 14:43:31', NULL, NULL, '2022-07-25 14:43:31', 1),
	(22, 1, 'LMPDPK_D', 63, 1, 8500.00, 6500.00, 0.00, 0.00, 0.00, 2000.00, 1, 'APPROVED', '2022-07-25 14:47:45', '2022-07-25 14:48:07', NULL, NULL, '2022-07-25 14:48:07', 1),
	(23, 1, 'UPGBGR_L', 64, 2, 9000.00, 7000.00, 0.00, 0.00, 0.00, 2000.00, 1, 'APPROVED', '2022-07-27 15:41:20', '2022-07-27 15:42:08', NULL, NULL, '2022-07-27 15:42:08', 1),
	(24, 1, 'JKTPKU_D', 6, 1, 7900.00, 7000.00, 0.00, 0.00, 0.00, 900.00, 1, 'APPROVED', '2022-08-08 14:37:22', '2022-08-08 14:38:08', NULL, NULL, '2022-08-08 14:38:08', 1),
	(25, 4, 'JKTDPK_D', 2, 1, 7800.00, 7000.00, 0.00, 0.00, 0.00, 800.00, 1, 'APPROVED', '2022-08-12 18:56:07', '2022-08-12 20:44:15', NULL, NULL, '2022-08-12 20:44:15', 1),
	(26, 4, 'DPKPBM_D', 13, 1, 6000.00, 5220.00, 0.00, 0.00, 0.00, 780.00, 1, 'APPROVED', '2022-08-12 18:56:32', '2022-08-12 20:44:15', NULL, NULL, '2022-08-12 20:44:15', 1),
	(27, 4, 'JKTLMP_D', 5, 1, 5000.00, 0.00, 0.00, 0.00, 0.00, 5000.00, 1, 'APPROVED', '2022-08-12 18:56:48', '2022-08-12 20:44:15', NULL, NULL, '2022-08-12 20:44:15', 1);
/*!40000 ALTER TABLE `customer_master_prices` ENABLE KEYS */;


-- Dumping structure for table lke.customer_mous
CREATE TABLE IF NOT EXISTS `customer_mous` (
  `id` bigint(20) NOT NULL AUTO_INCREMENT,
  `customer_id` bigint(20) NOT NULL,
  `mou_file` text DEFAULT NULL,
  `mou_number` varchar(50) DEFAULT NULL,
  `mou_start_date` date NOT NULL,
  `mou_end_date` date NOT NULL,
  `user_id` bigint(20) NOT NULL,
  `created_at` timestamp NULL DEFAULT NULL,
  `updated_at` timestamp NULL DEFAULT NULL,
  `deleted_at` datetime DEFAULT NULL,
  `deleted_by` bigint(10) unsigned DEFAULT NULL,
  PRIMARY KEY (`id`),
  KEY `FK_customer_mous_customers` (`customer_id`),
  CONSTRAINT `FK_customer_mous_customers` FOREIGN KEY (`customer_id`) REFERENCES `customers` (`id`)
) ENGINE=InnoDB AUTO_INCREMENT=20 DEFAULT CHARSET=utf8mb4;

-- Dumping data for table lke.customer_mous: ~5 rows (approximately)
/*!40000 ALTER TABLE `customer_mous` DISABLE KEYS */;
INSERT INTO `customer_mous` (`id`, `customer_id`, `mou_file`, `mou_number`, `mou_start_date`, `mou_end_date`, `user_id`, `created_at`, `updated_at`, `deleted_at`, `deleted_by`) VALUES
	(11, 1, '1659071887_PT Aditya Mandiri Sejahtera.pdf', NULL, '2022-07-01', '2023-07-01', 1, '2022-07-29 05:18:08', '2022-07-29 05:18:08', NULL, NULL),
	(13, 4, '1659167177_ABX.pdf', NULL, '2022-08-01', '2023-08-01', 1, '2022-07-30 07:46:17', '2022-07-30 07:46:17', NULL, NULL),
	(14, 2, '1659800256_PT ABC.pdf', NULL, '2022-08-01', '2023-08-05', 1, '2022-08-06 15:37:36', '2022-08-06 15:37:36', NULL, NULL),
	(15, 4, '1659853223_ABX.pdf', 'LKE/2022/00101', '2022-09-01', '2023-09-01', 1, '2022-08-07 06:20:24', '2022-08-07 06:20:24', NULL, NULL),
	(19, 6, '1659854189_ADILUC.pdf', 'LKE/2022/00102', '2021-01-01', '2022-01-01', 1, '2022-08-07 06:36:29', '2022-08-07 06:36:29', NULL, NULL);
/*!40000 ALTER TABLE `customer_mous` ENABLE KEYS */;


-- Dumping structure for table lke.customer_pics
CREATE TABLE IF NOT EXISTS `customer_pics` (
  `id` bigint(20) NOT NULL AUTO_INCREMENT,
  `customer_id` bigint(20) NOT NULL,
  `pic_name` varchar(128) NOT NULL,
  `pic_phone` varchar(20) NOT NULL,
  `pic_email` varchar(128) NOT NULL,
  `pic_address` text NOT NULL,
  `city_id` bigint(20) NOT NULL,
  `pic_birthdate` date DEFAULT NULL,
  `is_active` char(1) NOT NULL,
  `user_id` bigint(20) NOT NULL,
  `created_at` timestamp NULL DEFAULT NULL,
  `updated_at` timestamp NULL DEFAULT NULL,
  `deleted_at` datetime DEFAULT NULL,
  `deleted_by` bigint(10) unsigned DEFAULT NULL,
  PRIMARY KEY (`id`),
  KEY `FK_customer_pics_customers` (`customer_id`),
  KEY `FK_customer_pics_cities` (`city_id`),
  CONSTRAINT `FK_customer_pics_cities` FOREIGN KEY (`city_id`) REFERENCES `cities` (`id`),
  CONSTRAINT `FK_customer_pics_customers` FOREIGN KEY (`customer_id`) REFERENCES `customers` (`id`)
) ENGINE=InnoDB DEFAULT CHARSET=utf8mb4;

-- Dumping data for table lke.customer_pics: ~0 rows (approximately)
/*!40000 ALTER TABLE `customer_pics` DISABLE KEYS */;
/*!40000 ALTER TABLE `customer_pics` ENABLE KEYS */;


-- Dumping structure for table lke.customer_trucking_prices
CREATE TABLE IF NOT EXISTS `customer_trucking_prices` (
  `id` bigint(20) NOT NULL AUTO_INCREMENT,
  `customer_id` bigint(20) NOT NULL,
  `price_code` varchar(32) NOT NULL,
  `origin` bigint(20) NOT NULL,
  `destination` bigint(20) NOT NULL,
  `truck_type_id` bigint(20) NOT NULL,
  `price` decimal(10,2) NOT NULL,
  `cogs_price` decimal(10,2) NOT NULL,
  `user_id` bigint(20) NOT NULL,
  `status` varchar(15) NOT NULL DEFAULT 'PENDING',
  `created_at` timestamp NULL DEFAULT NULL,
  `updated_at` timestamp NULL DEFAULT NULL,
  `deleted_at` datetime DEFAULT NULL,
  `deleted_by` bigint(10) unsigned DEFAULT NULL,
  `approved_at` datetime DEFAULT NULL,
  `approved_by` bigint(20) DEFAULT NULL,
  PRIMARY KEY (`id`),
  KEY `FK_customer_trucking_prices_customers` (`customer_id`),
  KEY `FK_customer_trucking_prices_origin_cities` (`origin`),
  KEY `FK_customer_trucking_prices_destination_cities` (`destination`),
  KEY `FK_customer_trucking_prices_truck_types` (`truck_type_id`),
  CONSTRAINT `FK_customer_trucking_prices_customers` FOREIGN KEY (`customer_id`) REFERENCES `customers` (`id`),
  CONSTRAINT `FK_customer_trucking_prices_destination_cities` FOREIGN KEY (`destination`) REFERENCES `cities` (`id`),
  CONSTRAINT `FK_customer_trucking_prices_origin_cities` FOREIGN KEY (`origin`) REFERENCES `cities` (`id`),
  CONSTRAINT `FK_customer_trucking_prices_truck_types` FOREIGN KEY (`truck_type_id`) REFERENCES `truck_types` (`id`)
) ENGINE=InnoDB AUTO_INCREMENT=6 DEFAULT CHARSET=utf8mb4;

-- Dumping data for table lke.customer_trucking_prices: ~3 rows (approximately)
/*!40000 ALTER TABLE `customer_trucking_prices` DISABLE KEYS */;
INSERT INTO `customer_trucking_prices` (`id`, `customer_id`, `price_code`, `origin`, `destination`, `truck_type_id`, `price`, `cogs_price`, `user_id`, `status`, `created_at`, `updated_at`, `deleted_at`, `deleted_by`, `approved_at`, `approved_by`) VALUES
	(2, 1, 'JKT-BGR', 3, 4, 2, 145000.00, 100000.00, 1, 'APPROVED', '2022-05-09 02:37:29', '2022-05-09 03:43:14', NULL, NULL, '2022-05-09 03:43:14', 1),
	(3, 1, 'JKT-TGR', 3, 86, 2, 300000.00, 250000.00, 1, 'PENDING', '2022-05-09 02:40:29', '2022-05-09 02:40:29', NULL, NULL, NULL, NULL),
	(4, 1, 'JKT-BDG', 3, 5, 1, 500000.00, 400000.00, 1, 'PENDING', '2022-05-09 03:48:08', '2022-05-09 03:48:08', NULL, NULL, NULL, NULL),
	(5, 2, 'JKT-BGR', 3, 4, 2, 150000.00, 100000.00, 1, 'APPROVED', '2022-07-18 03:07:42', '2022-07-18 03:08:08', NULL, NULL, '2022-07-18 03:08:08', 1);
/*!40000 ALTER TABLE `customer_trucking_prices` ENABLE KEYS */;


-- Dumping structure for table lke.departemens
CREATE TABLE IF NOT EXISTS `departemens` (
  `id` bigint(20) NOT NULL AUTO_INCREMENT,
  `departemen_code` varchar(5) NOT NULL,
  `departemen_name` varchar(128) NOT NULL,
  `user_id` bigint(20) NOT NULL,
  `created_at` timestamp NULL DEFAULT NULL,
  `updated_at` timestamp NULL DEFAULT NULL,
  `deleted_at` datetime DEFAULT NULL,
  `deleted_by` bigint(10) unsigned DEFAULT NULL,
  PRIMARY KEY (`id`),
  UNIQUE KEY `departemen_code` (`departemen_code`)
) ENGINE=InnoDB AUTO_INCREMENT=8 DEFAULT CHARSET=utf8mb4;

-- Dumping data for table lke.departemens: ~5 rows (approximately)
/*!40000 ALTER TABLE `departemens` DISABLE KEYS */;
INSERT INTO `departemens` (`id`, `departemen_code`, `departemen_name`, `user_id`, `created_at`, `updated_at`, `deleted_at`, `deleted_by`) VALUES
	(2, 'OPS', 'Operation', 1, '2021-12-22 02:42:01', '2021-12-22 02:55:11', NULL, NULL),
	(4, 'MAR', 'Marketing', 1, '2022-02-19 06:01:49', '2022-02-19 06:01:49', NULL, NULL),
	(5, 'CRE', 'Customer Relation', 1, '2022-02-19 06:02:05', '2022-02-19 06:02:05', NULL, NULL),
	(6, 'ACC', 'Accounting Finance', 1, '2022-02-19 06:02:23', '2022-02-19 06:02:23', NULL, NULL),
	(7, 'HRG', 'HRD GA', 1, '2022-02-19 06:02:42', '2022-02-19 06:02:42', NULL, NULL);
/*!40000 ALTER TABLE `departemens` ENABLE KEYS */;


-- Dumping structure for table lke.departemen_user
CREATE TABLE IF NOT EXISTS `departemen_user` (
  `departemen_id` bigint(20) NOT NULL,
  `user_id` bigint(20) NOT NULL
) ENGINE=InnoDB DEFAULT CHARSET=utf8mb4;

-- Dumping data for table lke.departemen_user: ~20 rows (approximately)
/*!40000 ALTER TABLE `departemen_user` DISABLE KEYS */;
INSERT INTO `departemen_user` (`departemen_id`, `user_id`) VALUES
	(2, 5),
	(2, 6),
	(2, 7),
	(6, 8),
	(6, 9),
	(6, 10),
	(7, 11),
	(6, 12),
	(6, 13),
	(6, 14),
	(2, 15),
	(2, 16),
	(2, 17),
	(2, 18),
	(2, 19),
	(4, 20),
	(4, 21),
	(4, 23),
	(5, 24),
	(2, 1),
	(4, 22),
	(2, 29),
	(2, 30),
	(2, 25);
/*!40000 ALTER TABLE `departemen_user` ENABLE KEYS */;


-- Dumping structure for table lke.documents
CREATE TABLE IF NOT EXISTS `documents` (
  `id` bigint(20) NOT NULL AUTO_INCREMENT,
  `document_no` varchar(50) DEFAULT NULL,
  `filename` text DEFAULT NULL,
  `awb_no` varchar(50) DEFAULT NULL,
  `last_status` varchar(15) NOT NULL,
  `recipient_user_id` bigint(20) DEFAULT NULL,
  `recipient_date` datetime DEFAULT NULL,
  `sent_date` datetime DEFAULT NULL,
  `agent_id` bigint(20) NOT NULL,
  `created_at` timestamp NULL DEFAULT NULL,
  `updated_at` timestamp NULL DEFAULT NULL,
  PRIMARY KEY (`id`)
) ENGINE=InnoDB DEFAULT CHARSET=utf8mb4;

-- Dumping data for table lke.documents: ~0 rows (approximately)
/*!40000 ALTER TABLE `documents` DISABLE KEYS */;
/*!40000 ALTER TABLE `documents` ENABLE KEYS */;


-- Dumping structure for table lke.document_details
CREATE TABLE IF NOT EXISTS `document_details` (
  `id` bigint(20) NOT NULL AUTO_INCREMENT,
  `document_id` bigint(20) NOT NULL,
  `order_number` varchar(50) DEFAULT NULL,
  `awb_no` varchar(50) NOT NULL,
  `user_id` bigint(20) NOT NULL,
  `created_at` timestamp NULL DEFAULT NULL,
  `updated_at` timestamp NULL DEFAULT NULL,
  PRIMARY KEY (`id`),
  UNIQUE KEY `awb_no` (`awb_no`)
) ENGINE=InnoDB DEFAULT CHARSET=utf8mb4;

-- Dumping data for table lke.document_details: ~0 rows (approximately)
/*!40000 ALTER TABLE `document_details` DISABLE KEYS */;
/*!40000 ALTER TABLE `document_details` ENABLE KEYS */;


-- Dumping structure for table lke.drivers
CREATE TABLE IF NOT EXISTS `drivers` (
  `id` bigint(20) NOT NULL AUTO_INCREMENT,
  `driver_name` varchar(128) NOT NULL,
  `driver_license` varchar(50) DEFAULT NULL,
  `driver_license_type` varchar(50) DEFAULT NULL,
  `driver_license_exp_date` date DEFAULT NULL,
  `truck_id` bigint(20) DEFAULT NULL,
  `account_number` varchar(50) DEFAULT NULL,
  `bank_id` bigint(20) DEFAULT NULL,
  `user_id` bigint(20) NOT NULL,
  `created_at` timestamp NULL DEFAULT NULL,
  `updated_at` timestamp NULL DEFAULT NULL,
  `deleted_at` datetime DEFAULT NULL,
  `deleted_by` bigint(10) unsigned DEFAULT NULL,
  PRIMARY KEY (`id`),
  KEY `FK_drivers_truck` (`truck_id`),
  CONSTRAINT `FK_drivers_truck` FOREIGN KEY (`truck_id`) REFERENCES `trucks` (`id`)
) ENGINE=InnoDB AUTO_INCREMENT=8 DEFAULT CHARSET=utf8mb4;

-- Dumping data for table lke.drivers: ~3 rows (approximately)
/*!40000 ALTER TABLE `drivers` DISABLE KEYS */;
INSERT INTO `drivers` (`id`, `driver_name`, `driver_license`, `driver_license_type`, `driver_license_exp_date`, `truck_id`, `account_number`, `bank_id`, `user_id`, `created_at`, `updated_at`, `deleted_at`, `deleted_by`) VALUES
	(5, 'BUDI DOREMI', '1234567890', 'B2', '2023-12-31', NULL, '199000103', 5, 1, '2021-12-05 06:48:02', '2022-08-10 16:42:04', NULL, NULL),
	(6, 'Yudi Wahyudi', NULL, NULL, NULL, NULL, '800012345', NULL, 1, '2021-12-05 07:03:28', '2021-12-05 07:03:28', NULL, NULL);
/*!40000 ALTER TABLE `drivers` ENABLE KEYS */;


-- Dumping structure for table lke.failed_jobs
CREATE TABLE IF NOT EXISTS `failed_jobs` (
  `id` bigint(20) unsigned NOT NULL AUTO_INCREMENT,
  `uuid` varchar(191) COLLATE utf8mb4_unicode_ci NOT NULL,
  `connection` text COLLATE utf8mb4_unicode_ci NOT NULL,
  `queue` text COLLATE utf8mb4_unicode_ci NOT NULL,
  `payload` longtext COLLATE utf8mb4_unicode_ci NOT NULL,
  `exception` longtext COLLATE utf8mb4_unicode_ci NOT NULL,
  `failed_at` timestamp NOT NULL DEFAULT current_timestamp(),
  PRIMARY KEY (`id`),
  UNIQUE KEY `failed_jobs_uuid_unique` (`uuid`)
) ENGINE=InnoDB DEFAULT CHARSET=utf8mb4 COLLATE=utf8mb4_unicode_ci;

-- Dumping data for table lke.failed_jobs: ~0 rows (approximately)
/*!40000 ALTER TABLE `failed_jobs` DISABLE KEYS */;
/*!40000 ALTER TABLE `failed_jobs` ENABLE KEYS */;


-- Dumping structure for table lke.import_customer_branchs
CREATE TABLE IF NOT EXISTS `import_customer_branchs` (
  `customer_code` varchar(64) DEFAULT NULL,
  `code` varchar(64) DEFAULT NULL,
  `name` varchar(128) DEFAULT NULL,
  `city` varchar(128) DEFAULT NULL,
  `address` text DEFAULT NULL,
  `active` char(1) DEFAULT NULL,
  `created_at` timestamp NULL DEFAULT NULL,
  `updated_at` timestamp NULL DEFAULT NULL
) ENGINE=InnoDB DEFAULT CHARSET=utf8mb4;

-- Dumping data for table lke.import_customer_branchs: ~0 rows (approximately)
/*!40000 ALTER TABLE `import_customer_branchs` DISABLE KEYS */;
/*!40000 ALTER TABLE `import_customer_branchs` ENABLE KEYS */;


-- Dumping structure for table lke.invoices
CREATE TABLE IF NOT EXISTS `invoices` (
  `id` bigint(20) NOT NULL AUTO_INCREMENT,
  `invoice_number` varchar(15) NOT NULL,
  `invoice_number_manual` varchar(50) DEFAULT NULL,
  `customer_id` bigint(20) NOT NULL,
  `service_group_id` bigint(20) DEFAULT NULL,
  `invoice_date` date NOT NULL,
  `due_date` date DEFAULT NULL,
  `payment_date` date DEFAULT NULL,
  `verified_date` date DEFAULT NULL,
  `filename` text DEFAULT NULL,
  `other_cost` decimal(10,2) DEFAULT NULL,
  `discount_percent` float DEFAULT NULL,
  `discount` decimal(10,2) DEFAULT NULL,
  `tax_percent` int(11) DEFAULT NULL,
  `tax` decimal(10,2) DEFAULT NULL,
  `income_tax_percent` float DEFAULT NULL,
  `income_tax` decimal(10,2) DEFAULT NULL,
  `total_volume` decimal(10,2) DEFAULT NULL,
  `total_colly` int(11) DEFAULT NULL,
  `subtotal` decimal(10,2) DEFAULT NULL,
  `grand_total` decimal(10,2) DEFAULT NULL,
  `last_status` varchar(15) NOT NULL,
  `user_id` bigint(20) NOT NULL,
  `approval_user_id` bigint(20) NOT NULL,
  `verified_user_id` bigint(20) DEFAULT NULL,
  `created_at` timestamp NULL DEFAULT NULL,
  `updated_at` timestamp NULL DEFAULT NULL,
  PRIMARY KEY (`id`),
  UNIQUE KEY `invoice_number` (`invoice_number`),
  KEY `FK_invoices_customers` (`customer_id`),
  CONSTRAINT `FK_invoices_customers` FOREIGN KEY (`customer_id`) REFERENCES `customers` (`id`)
) ENGINE=InnoDB DEFAULT CHARSET=utf8mb4;

-- Dumping data for table lke.invoices: ~0 rows (approximately)
/*!40000 ALTER TABLE `invoices` DISABLE KEYS */;
/*!40000 ALTER TABLE `invoices` ENABLE KEYS */;


-- Dumping structure for table lke.invoice_approvals
CREATE TABLE IF NOT EXISTS `invoice_approvals` (
  `id` bigint(20) NOT NULL AUTO_INCREMENT,
  `approval_user_id` bigint(20) NOT NULL,
  `amount_limit` int(11) DEFAULT NULL,
  `user_id` bigint(20) NOT NULL,
  `created_at` timestamp NULL DEFAULT NULL,
  `updated_at` timestamp NULL DEFAULT NULL,
  PRIMARY KEY (`id`)
) ENGINE=InnoDB AUTO_INCREMENT=6 DEFAULT CHARSET=utf8mb4;

-- Dumping data for table lke.invoice_approvals: ~0 rows (approximately)
/*!40000 ALTER TABLE `invoice_approvals` DISABLE KEYS */;
INSERT INTO `invoice_approvals` (`id`, `approval_user_id`, `amount_limit`, `user_id`, `created_at`, `updated_at`) VALUES
	(5, 9, NULL, 1, '2022-08-15 08:10:19', '2022-08-15 08:10:19');
/*!40000 ALTER TABLE `invoice_approvals` ENABLE KEYS */;


-- Dumping structure for table lke.invoice_details
CREATE TABLE IF NOT EXISTS `invoice_details` (
  `id` bigint(20) NOT NULL AUTO_INCREMENT,
  `invoice_number` varchar(15) NOT NULL,
  `order_number` varchar(50) NOT NULL,
  `user_id` bigint(20) NOT NULL,
  `created_at` timestamp NULL DEFAULT NULL,
  `updated_at` timestamp NULL DEFAULT NULL,
  PRIMARY KEY (`id`)
) ENGINE=InnoDB DEFAULT CHARSET=utf8mb4;

-- Dumping data for table lke.invoice_details: ~0 rows (approximately)
/*!40000 ALTER TABLE `invoice_details` DISABLE KEYS */;
/*!40000 ALTER TABLE `invoice_details` ENABLE KEYS */;


-- Dumping structure for table lke.locations
CREATE TABLE IF NOT EXISTS `locations` (
  `id` bigint(20) NOT NULL AUTO_INCREMENT,
  `price_code` varchar(32) NOT NULL,
  `origin` bigint(20) NOT NULL,
  `destination` bigint(20) NOT NULL,
  `service_id` bigint(20) NOT NULL,
  `sales_bottom` double DEFAULT NULL,
  `publish_price` double DEFAULT NULL,
  `distance` bigint(20) DEFAULT NULL,
  `min_days` int(11) DEFAULT NULL,
  `max_days` int(11) DEFAULT NULL,
  `user_id` bigint(20) NOT NULL,
  `created_at` timestamp NULL DEFAULT NULL,
  `updated_at` timestamp NULL DEFAULT NULL,
  `deleted_at` datetime DEFAULT NULL,
  `deleted_by` bigint(10) unsigned DEFAULT NULL,
  PRIMARY KEY (`id`),
  UNIQUE KEY `price_code` (`price_code`),
  KEY `FK_locations_origin_cities` (`origin`),
  KEY `FK_locations_destination_cities` (`destination`),
  KEY `FK_locations_services` (`service_id`),
  CONSTRAINT `FK_locations_destination_cities` FOREIGN KEY (`destination`) REFERENCES `cities` (`id`),
  CONSTRAINT `FK_locations_origin_cities` FOREIGN KEY (`origin`) REFERENCES `cities` (`id`),
  CONSTRAINT `FK_locations_services` FOREIGN KEY (`service_id`) REFERENCES `services` (`id`)
) ENGINE=InnoDB AUTO_INCREMENT=69 DEFAULT CHARSET=utf8mb4;

-- Dumping data for table lke.locations: ~59 rows (approximately)
/*!40000 ALTER TABLE `locations` DISABLE KEYS */;
INSERT INTO `locations` (`id`, `price_code`, `origin`, `destination`, `service_id`, `sales_bottom`, `publish_price`, `distance`, `min_days`, `max_days`, `user_id`, `created_at`, `updated_at`, `deleted_at`, `deleted_by`) VALUES
	(1, 'JKTJKT_D', 3, 3, 1, NULL, NULL, NULL, NULL, NULL, 1, '2022-03-05 14:25:57', '2022-03-05 14:25:57', NULL, NULL),
	(2, 'JKTDPK_D', 3, 1, 1, 7000, 8000, 30, 1, 2, 1, '2022-03-05 14:29:58', '2022-03-26 02:53:53', NULL, NULL),
	(4, 'JKTMES_D', 3, 148, 1, 0, 9000, NULL, NULL, NULL, 1, '2022-03-18 05:32:23', '2022-03-18 05:32:42', NULL, NULL),
	(5, 'JKTLMP_D', 3, 50, 1, 0, 7000, NULL, NULL, NULL, 1, '2022-03-18 06:09:55', '2022-03-18 06:10:11', NULL, NULL),
	(6, 'JKTPKU_D', 3, 168, 1, 7000, 8000, NULL, 1, 4, 1, '2022-03-25 09:27:10', '2022-08-08 14:35:31', NULL, NULL),
	(7, 'JKTBGR_D', 3, 4, 1, 6000, 6500, NULL, 1, 2, 1, '2022-03-26 13:55:06', '2022-03-26 13:55:24', NULL, NULL),
	(8, 'DPKBPN_D', 1, 6, 1, 7000, 8000, NULL, NULL, NULL, 1, NULL, NULL, NULL, NULL),
	(9, 'DPKKBM_D', 1, 71, 1, 4950, 5500, NULL, NULL, NULL, 1, NULL, NULL, NULL, NULL),
	(10, 'DPKPLM_D', 1, 151, 1, 3420, 3800, NULL, NULL, NULL, 1, NULL, NULL, NULL, NULL),
	(11, 'DPKJKB_D', 1, 265, 1, 3600, 4000, NULL, NULL, NULL, 1, NULL, NULL, NULL, NULL),
	(12, 'DPKLBL_D', 1, 104, 1, 5220, 5800, NULL, NULL, NULL, 1, NULL, NULL, NULL, NULL),
	(13, 'DPKPBM_D', 1, 188, 1, 5220, 5800, NULL, NULL, NULL, 1, NULL, NULL, NULL, NULL),
	(14, 'DPKLHT_D', 1, 23, 1, 5220, 5800, NULL, NULL, NULL, 1, NULL, NULL, NULL, NULL),
	(15, 'DPKBKS_D', 1, 12, 1, 5850, 6500, NULL, NULL, NULL, 1, NULL, NULL, NULL, NULL),
	(16, 'DPKDJB_D', 1, 167, 1, 4050, 4500, NULL, NULL, NULL, 1, NULL, NULL, NULL, NULL),
	(17, 'DPKPKU_D', 1, 168, 1, 4320, 4800, NULL, NULL, NULL, 1, NULL, NULL, NULL, NULL),
	(18, 'DPKPDG_D', 1, 149, 1, 4680, 5200, NULL, NULL, NULL, 1, NULL, NULL, NULL, NULL),
	(19, 'DPKBKT_D', 1, 184, 1, 5175, 5750, NULL, NULL, NULL, 1, NULL, NULL, NULL, NULL),
	(20, 'DPKBJI_D', 1, 17, 1, 6300, 7000, NULL, NULL, NULL, 1, NULL, NULL, NULL, NULL),
	(21, 'DPKPTS_D', 1, 20, 1, 5850, 6500, NULL, NULL, NULL, 1, NULL, NULL, NULL, NULL),
	(22, 'DPKTBT_D', 1, 42, 1, 5400, 6000, NULL, NULL, NULL, 1, NULL, NULL, NULL, NULL),
	(23, 'DPKTMR_D', 1, 124, 1, 4950, 5500, NULL, NULL, NULL, 1, NULL, NULL, NULL, NULL),
	(24, 'DPKLSM_D', 1, 93, 1, 6300, 7000, NULL, NULL, NULL, 1, NULL, NULL, NULL, NULL),
	(25, 'DPKBTH_D', 1, 10, 1, 8550, 9500, NULL, NULL, NULL, 1, NULL, NULL, NULL, NULL),
	(26, 'DPKPKG_D', 1, 152, 1, 8100, 9000, NULL, NULL, NULL, 1, NULL, NULL, NULL, NULL),
	(27, 'DPKBDG_D', 1, 5, 1, 2025, 2250, NULL, NULL, NULL, 1, NULL, NULL, NULL, NULL),
	(28, 'DPKGRT_D', 1, 56, 1, 3150, 3500, NULL, NULL, NULL, 1, NULL, NULL, NULL, NULL),
	(29, 'DPKCNJ_D', 1, 74, 1, 4320, 4800, NULL, NULL, NULL, 1, NULL, NULL, NULL, NULL),
	(30, 'DPKSRG_D', 1, 159, 1, 3150, 3500, NULL, NULL, NULL, 1, NULL, NULL, NULL, NULL),
	(31, 'DPKSOC_D', 1, 163, 1, 3330, 3700, NULL, NULL, NULL, 1, NULL, NULL, NULL, NULL),
	(32, 'DPKPKL_D', 1, 153, 1, 3600, 4000, NULL, NULL, NULL, 1, NULL, NULL, NULL, NULL),
	(33, 'DPKPTI_D', 1, 295, 1, 4050, 4500, NULL, NULL, NULL, 1, NULL, NULL, NULL, NULL),
	(34, 'DPKCLP_D', 1, 13, 1, 4680, 5200, NULL, NULL, NULL, 1, NULL, NULL, NULL, NULL),
	(35, 'DPKSUB_D', 1, 165, 1, 3420, 3800, NULL, NULL, NULL, 1, NULL, NULL, NULL, NULL),
	(36, 'DPKMLG_D', 1, 137, 1, 3600, 4000, NULL, NULL, NULL, 1, NULL, NULL, NULL, NULL),
	(37, 'DPKKDS_D', 1, 69, 1, 3600, 4000, NULL, NULL, NULL, 1, NULL, NULL, NULL, NULL),
	(38, 'DPKPWT_D', 1, 156, 1, 4050, 4500, NULL, NULL, NULL, 1, NULL, NULL, NULL, NULL),
	(39, 'DPKBYW_D', 1, 52, 1, 4050, 4500, NULL, NULL, NULL, 1, NULL, NULL, NULL, NULL),
	(40, 'DPKGRS_D', 1, 48, 1, 4320, 4800, NULL, NULL, NULL, 1, NULL, NULL, NULL, NULL),
	(41, 'DPKKDR_D', 1, 54, 1, 4320, 4800, NULL, NULL, NULL, 1, NULL, NULL, NULL, NULL),
	(42, 'DPKJMB_D', 1, 91, 1, 4500, 5000, NULL, NULL, NULL, 1, NULL, NULL, NULL, NULL),
	(43, 'DPKMDN_D', 1, 63, 1, 4815, 5350, NULL, NULL, NULL, 1, NULL, NULL, NULL, NULL),
	(44, 'DPKBLI_D', 1, 294, 1, 5400, 6000, NULL, NULL, NULL, 1, NULL, NULL, NULL, NULL),
	(45, 'DPKAMI_D', 1, 178, 1, 7380, 8200, NULL, NULL, NULL, 1, NULL, NULL, NULL, NULL),
	(46, 'DPKKOE_D', 1, 177, 1, 9000, 10000, NULL, NULL, NULL, 1, NULL, NULL, NULL, NULL),
	(47, 'DPKUPG_L', 1, 172, 2, 6480, 7200, NULL, NULL, NULL, 1, NULL, NULL, NULL, NULL),
	(48, 'DPKPLW_L', 1, 171, 2, 10710, 11900, NULL, NULL, NULL, 1, NULL, NULL, NULL, NULL),
	(49, 'DPKKDI_L', 1, 166, 2, 10350, 11500, NULL, NULL, NULL, 1, NULL, NULL, NULL, NULL),
	(50, 'DPKPLP_L', 1, 39, 2, 10170, 11300, NULL, NULL, NULL, 1, NULL, NULL, NULL, NULL),
	(51, 'DPKGTO_L', 1, 145, 2, 13500, 15000, NULL, NULL, NULL, 1, NULL, NULL, NULL, NULL),
	(52, 'DPKTTE_L', 1, 173, 2, 13500, 15000, NULL, NULL, NULL, 1, NULL, NULL, NULL, NULL),
	(53, 'DPKPNK_L', 1, 154, 2, 6255, 6950, NULL, NULL, NULL, 1, NULL, NULL, NULL, NULL),
	(54, 'DPKBDJ_L', 1, 9, 2, 5670, 6300, NULL, NULL, NULL, 1, NULL, NULL, NULL, NULL),
	(55, 'DPKBPN_L', 1, 6, 2, 6660, 7400, NULL, NULL, NULL, 1, NULL, NULL, NULL, NULL),
	(56, 'DPKSRI_L', 1, 158, 2, 7200, 8000, NULL, NULL, NULL, 1, NULL, NULL, NULL, NULL),
	(57, 'DPKAMQ_L', 1, 180, 2, 13500, 15000, NULL, NULL, NULL, 1, NULL, NULL, NULL, NULL),
	(58, 'DPKSOR_L', 1, 181, 2, 13500, 15000, NULL, NULL, NULL, 1, NULL, NULL, NULL, NULL),
	(59, 'DPKSTN_L', 1, 49, 2, 15300, 17000, NULL, NULL, NULL, 1, NULL, NULL, NULL, NULL),
	(63, 'LMPDPK_D', 50, 1, 1, 6500, 8500, NULL, NULL, NULL, 1, '2022-07-25 14:46:24', '2022-07-25 14:46:47', NULL, NULL),
	(64, 'UPGBGR_L', 172, 4, 2, 7000, 8900, NULL, NULL, NULL, 1, '2022-07-27 15:40:04', '2022-07-27 15:40:24', NULL, NULL),
	(65, 'LMPPKU_D', 50, 168, 1, 1800, 2500, NULL, NULL, NULL, 1, '2022-08-12 17:04:16', '2022-08-12 17:04:38', NULL, NULL),
	(66, 'PKUPKU_D', 168, 168, 1, 1300, 1500, NULL, NULL, NULL, 1, '2022-08-12 17:05:11', '2022-08-12 17:05:28', NULL, NULL),
	(67, 'LMPLMP_D', 50, 50, 1, 2800, 3000, NULL, 1, 1, 1, '2022-09-03 12:53:09', '2022-09-03 12:53:29', NULL, NULL),
	(68, 'PKUMES_D', 168, 148, 1, 4500, 5000, NULL, NULL, NULL, 1, '2022-09-29 10:02:04', '2022-09-29 10:02:33', NULL, NULL);
/*!40000 ALTER TABLE `locations` ENABLE KEYS */;


-- Dumping structure for table lke.manifests
CREATE TABLE IF NOT EXISTS `manifests` (
  `id` bigint(20) NOT NULL AUTO_INCREMENT,
  `manifest_number` varchar(15) NOT NULL,
  `manifest_date` date DEFAULT NULL,
  `driver_id` bigint(20) DEFAULT NULL,
  `truck_id` bigint(20) DEFAULT NULL,
  `police_number` varchar(50) DEFAULT NULL,
  `total_colly` int(11) NOT NULL,
  `total_kg` decimal(10,2) NOT NULL,
  `total_order` int(11) NOT NULL,
  `origin` bigint(20) DEFAULT NULL,
  `destination` bigint(20) DEFAULT NULL,
  `description` text DEFAULT NULL,
  `address` text DEFAULT NULL,
  `last_status` varchar(50) DEFAULT NULL,
  `last_tracking` varchar(50) DEFAULT NULL,
  `is_already_track` varchar(1) NOT NULL DEFAULT 'N',
  `user_id` bigint(20) NOT NULL,
  `created_at` timestamp NULL DEFAULT NULL,
  `updated_at` timestamp NULL DEFAULT NULL,
  PRIMARY KEY (`id`),
  KEY `FK_manifests_drivers` (`driver_id`),
  KEY `FK_manifests_trucks` (`truck_id`),
  KEY `FK_manifests_origin_cities` (`origin`),
  KEY `FK_manifests_destination_cities` (`destination`),
  CONSTRAINT `FK_manifests_destination_cities` FOREIGN KEY (`destination`) REFERENCES `cities` (`id`),
  CONSTRAINT `FK_manifests_drivers` FOREIGN KEY (`driver_id`) REFERENCES `drivers` (`id`),
  CONSTRAINT `FK_manifests_origin_cities` FOREIGN KEY (`origin`) REFERENCES `cities` (`id`),
  CONSTRAINT `FK_manifests_trucks` FOREIGN KEY (`truck_id`) REFERENCES `trucks` (`id`)
) ENGINE=InnoDB AUTO_INCREMENT=2 DEFAULT CHARSET=utf8mb4;

-- Dumping data for table lke.manifests: ~0 rows (approximately)
/*!40000 ALTER TABLE `manifests` DISABLE KEYS */;
INSERT INTO `manifests` (`id`, `manifest_number`, `manifest_date`, `driver_id`, `truck_id`, `police_number`, `total_colly`, `total_kg`, `total_order`, `origin`, `destination`, `description`, `address`, `last_status`, `last_tracking`, `is_already_track`, `user_id`, `created_at`, `updated_at`) VALUES
	(1, 'MFT-0000000001', '2022-09-29', 5, 2, NULL, 10, 1000.00, 1, NULL, 148, NULL, NULL, 'Trip', 'Transit', 'Y', 1, '2022-09-29 13:50:38', '2022-09-30 04:15:29');
/*!40000 ALTER TABLE `manifests` ENABLE KEYS */;


-- Dumping structure for table lke.manifest_cogs
CREATE TABLE IF NOT EXISTS `manifest_cogs` (
  `id` bigint(20) NOT NULL AUTO_INCREMENT,
  `manifest_number` varchar(50) NOT NULL,
  `trip_number` varchar(50) NOT NULL,
  `city_id` bigint(20) NOT NULL,
  `sort_number` int(2) DEFAULT 0,
  `multiplier` double DEFAULT 0,
  `multiplier_number` double DEFAULT 0,
  `percentage` double DEFAULT 0,
  `cogs_kg` decimal(10,2) DEFAULT 0.00,
  `cogs_avg` decimal(10,2) DEFAULT 0.00,
  `avg_ops_cost` decimal(10,2) DEFAULT 0.00,
  `diff_cogs_avg_ops` decimal(10,2) DEFAULT 0.00,
  `cogs_real_kg` decimal(10,2) DEFAULT 0.00,
  `cogs_real_city` decimal(10,2) DEFAULT 0.00,
  `kg` decimal(10,2) DEFAULT 0.00,
  `user_id` bigint(20) NOT NULL,
  `created_at` datetime DEFAULT NULL,
  `updated_at` datetime DEFAULT NULL,
  PRIMARY KEY (`id`),
  KEY `FK_manifest_cogs_cities` (`city_id`),
  CONSTRAINT `FK_manifest_cogs_cities` FOREIGN KEY (`city_id`) REFERENCES `cities` (`id`)
) ENGINE=InnoDB AUTO_INCREMENT=2 DEFAULT CHARSET=utf8mb4;

-- Dumping data for table lke.manifest_cogs: ~0 rows (approximately)
/*!40000 ALTER TABLE `manifest_cogs` DISABLE KEYS */;
INSERT INTO `manifest_cogs` (`id`, `manifest_number`, `trip_number`, `city_id`, `sort_number`, `multiplier`, `multiplier_number`, `percentage`, `cogs_kg`, `cogs_avg`, `avg_ops_cost`, `diff_cogs_avg_ops`, `cogs_real_kg`, `cogs_real_city`, `kg`, `user_id`, `created_at`, `updated_at`) VALUES
	(1, 'MFT-0000000001', 'TRP-000001', 148, 0, 1000, 1, 0, 1000.00, 1000.00, 10000000.00, 0.00, 10000000.00, 10000000.00, 1.00, 1, '2022-09-29 13:55:29', '2022-09-29 13:55:29');
/*!40000 ALTER TABLE `manifest_cogs` ENABLE KEYS */;


-- Dumping structure for table lke.manifest_details
CREATE TABLE IF NOT EXISTS `manifest_details` (
  `id` bigint(20) NOT NULL AUTO_INCREMENT,
  `manifest_number` varchar(15) NOT NULL,
  `order_number` varchar(50) NOT NULL,
  `user_id` bigint(20) NOT NULL,
  `created_at` timestamp NULL DEFAULT NULL,
  `updated_at` timestamp NULL DEFAULT NULL,
  PRIMARY KEY (`id`)
) ENGINE=InnoDB AUTO_INCREMENT=2 DEFAULT CHARSET=utf8mb4;

-- Dumping data for table lke.manifest_details: ~0 rows (approximately)
/*!40000 ALTER TABLE `manifest_details` DISABLE KEYS */;
INSERT INTO `manifest_details` (`id`, `manifest_number`, `order_number`, `user_id`, `created_at`, `updated_at`) VALUES
	(1, 'MFT-0000000001', 'ORD-0000000001', 1, '2022-09-29 13:50:38', '2022-09-29 13:50:38');
/*!40000 ALTER TABLE `manifest_details` ENABLE KEYS */;


-- Dumping structure for table lke.migrations
CREATE TABLE IF NOT EXISTS `migrations` (
  `id` int(10) unsigned NOT NULL AUTO_INCREMENT,
  `migration` varchar(191) COLLATE utf8mb4_unicode_ci NOT NULL,
  `batch` int(11) NOT NULL,
  PRIMARY KEY (`id`)
) ENGINE=InnoDB AUTO_INCREMENT=32 DEFAULT CHARSET=utf8mb4 COLLATE=utf8mb4_unicode_ci;

-- Dumping data for table lke.migrations: ~20 rows (approximately)
/*!40000 ALTER TABLE `migrations` DISABLE KEYS */;
INSERT INTO `migrations` (`id`, `migration`, `batch`) VALUES
	(1, '2014_10_12_000000_create_users_table', 1),
	(2, '2014_10_12_100000_create_password_resets_table', 1),
	(3, '2016_06_01_000001_create_oauth_auth_codes_table', 1),
	(4, '2016_06_01_000002_create_oauth_access_tokens_table', 1),
	(5, '2016_06_01_000003_create_oauth_refresh_tokens_table', 1),
	(6, '2016_06_01_000004_create_oauth_clients_table', 1),
	(7, '2016_06_01_000005_create_oauth_personal_access_clients_table', 1),
	(8, '2019_08_19_000000_create_failed_jobs_table', 1),
	(9, '2021_06_03_023419_create_projects_table', 1),
	(10, '2021_09_11_031732_create_posts_table', 1),
	(11, '2021_09_25_014829_create_gallery_table', 1),
	(12, '2021_09_25_135246_create_location_table', 1),
	(13, '2021_09_26_125427_create_category_table', 1),
	(14, '2021_09_27_065540_create_brand_table', 1),
	(15, '2021_11_01_035031_create_audit_logs_table', 1),
	(16, '2021_10_16_065717_create_roles_table', 1),
	(17, '2021_10_16_065309_create_permissions_table', 1),
	(18, '2021_10_16_071241_create_permission_role_table', 1),
	(19, '2021_10_16_071327_create_role_user_table', 1),
	(23, '2021_11_27_132350_create_trigger_drivers_before_insert', 2),
	(24, '2022_01_25_023305_create_trigger_before_orders_insert', 3),
	(25, '2022_01_25_023805_create_trigger_before_customers_insert', 3),
	(26, '2022_02_28_021508_create_trigger_before_manifests_insert', 4),
	(27, '2022_03_06_153043_create_trigger_before_agents_insert', 5),
	(28, '2022_03_10_084826_create_trigger_before_trips_insert', 6),
	(29, '2022_06_07_145222_create_trigger_before_invoices_insert', 7),
	(30, '2022_06_26_033238_create_trigger_before_bills_insert', 8),
	(31, '2022_08_07_054827_create_trigger_before_customer_mous_insert', 9);
/*!40000 ALTER TABLE `migrations` ENABLE KEYS */;


-- Dumping structure for table lke.notifications
CREATE TABLE IF NOT EXISTS `notifications` (
  `id` bigint(20) NOT NULL AUTO_INCREMENT,
  `user_type` varchar(32) NOT NULL,
  `title` varchar(255) NOT NULL,
  `content` text NOT NULL,
  `role_id` bigint(20) unsigned DEFAULT NULL,
  `url` varchar(255) NOT NULL,
  `is_read` char(1) NOT NULL,
  `user_read_id` bigint(20) DEFAULT NULL,
  `user_id` bigint(20) DEFAULT NULL,
  `created_at` timestamp NULL DEFAULT NULL,
  `updated_at` timestamp NULL DEFAULT NULL,
  PRIMARY KEY (`id`),
  KEY `FK1` (`role_id`),
  CONSTRAINT `FK1` FOREIGN KEY (`role_id`) REFERENCES `roles` (`id`)
) ENGINE=InnoDB AUTO_INCREMENT=13 DEFAULT CHARSET=utf8mb4;

-- Dumping data for table lke.notifications: ~10 rows (approximately)
/*!40000 ALTER TABLE `notifications` DISABLE KEYS */;
INSERT INTO `notifications` (`id`, `user_type`, `title`, `content`, `role_id`, `url`, `is_read`, `user_read_id`, `user_id`, `created_at`, `updated_at`) VALUES
	(1, 'LKE', 'Harga Customer Baru', 'Harap dilakukan proses approve atau reject data harga pada customer : PT Aditya Mandiri Sejahtera<br>Asal : JAKARTA<br>Tujuan : MEDAN<br>Via : Darat', NULL, '/approval/customer-master-prices', 'T', NULL, 1, '2022-07-04 13:49:52', '2022-07-04 13:49:52'),
	(2, 'CUSTOMER', 'Test aja', 'test aja', NULL, '/approval/customer-master-prices', 'T', NULL, 1, '2022-07-05 13:49:52', '2022-07-04 13:49:52'),
	(3, 'LKE', 'Harga Customer Baru', 'Harap dilakukan proses approve atau reject data harga pada customer : PT Aditya Mandiri Sejahtera\\nAsal : JAKARTA\\nTujuan : LAMPUNG\\nVia : DARAT', NULL, '/approval/customer-master-prices', 'T', NULL, 1, '2022-07-25 14:42:16', '2022-07-25 14:42:16'),
	(4, 'LKE', 'Harga Customer Baru', 'Harap dilakukan proses approve atau reject data harga pada customer : PT Aditya Mandiri Sejahtera\\nAsal : LAMPUNG\\nTujuan : DEPOK\\nVia : DARAT', NULL, '/approval/customer-master-prices', 'T', NULL, 1, '2022-07-25 14:47:45', '2022-07-25 14:47:45'),
	(5, 'LKE', 'Harga Customer Baru', 'Harap dilakukan proses approve atau reject data harga pada customer : PT Aditya Mandiri Sejahtera\\nAsal : MAKASAR\\nTujuan : BOGOR\\nVia : Laut', NULL, '/approval/customer-master-prices', 'T', NULL, 1, '2022-07-27 15:41:20', '2022-07-27 15:41:20'),
	(6, 'LKE', 'Update Harga Customer Baru', 'Harap dilakukan proses approve atau reject data harga pada customer : PT Aditya Mandiri Sejahtera\\nAsal : JAKARTA\\nTujuan : BOGOR\\nVia : DARAT', NULL, '/approval/customer-master-prices', 'T', NULL, 1, '2022-08-01 15:06:17', '2022-08-01 15:06:17'),
	(7, 'LKE', 'Harga Customer Baru', 'Harap dilakukan proses approve atau reject data harga pada customer : PT Aditya Mandiri Sejahtera\\nAsal : JAKARTA\\nTujuan : PEKANBARU\\nVia : DARAT', NULL, '/approval/customer-master-prices', 'T', NULL, 1, '2022-08-08 14:37:22', '2022-08-08 14:37:22'),
	(8, 'LKE', 'Update Harga Customer Baru', 'Harap dilakukan proses approve atau reject data harga pada customer : ABX\\nAsal : JAKARTA\\nTujuan : MEDAN\\nVia : DARAT', NULL, '/approval/customer-master-prices', 'T', NULL, 1, '2022-08-12 18:55:42', '2022-08-12 18:55:42'),
	(9, 'LKE', 'Harga Customer Baru', 'Harap dilakukan proses approve atau reject data harga pada customer : ABX\\nAsal : JAKARTA\\nTujuan : DEPOK\\nVia : DARAT', NULL, '/approval/customer-master-prices', 'T', NULL, 1, '2022-08-12 18:56:07', '2022-08-12 18:56:07'),
	(10, 'LKE', 'Harga Customer Baru', 'Harap dilakukan proses approve atau reject data harga pada customer : ABX\\nAsal : DEPOK\\nTujuan : PRABUMULIH\\nVia : DARAT', NULL, '/approval/customer-master-prices', 'T', NULL, 1, '2022-08-12 18:56:32', '2022-08-12 18:56:32'),
	(11, 'LKE', 'Harga Customer Baru', 'Harap dilakukan proses approve atau reject data harga pada customer : ABX\\nAsal : JAKARTA\\nTujuan : LAMPUNG\\nVia : DARAT', NULL, '/approval/customer-master-prices', 'T', NULL, 1, '2022-08-12 18:56:48', '2022-08-12 18:56:48'),
	(12, 'LKE', 'Update Harga Customer Baru', 'Harap dilakukan proses approve atau reject data harga pada customer : PT Aditya Mandiri Sejahtera\\nAsal : JAKARTA\\nTujuan : MEDAN\\nVia : DARAT', NULL, '/approval/customer-master-prices', 'T', NULL, 1, '2022-09-25 18:57:04', '2022-09-25 18:57:04');
/*!40000 ALTER TABLE `notifications` ENABLE KEYS */;


-- Dumping structure for table lke.oauth_access_tokens
CREATE TABLE IF NOT EXISTS `oauth_access_tokens` (
  `id` varchar(100) COLLATE utf8mb4_unicode_ci NOT NULL,
  `user_id` bigint(20) unsigned DEFAULT NULL,
  `client_id` bigint(20) unsigned NOT NULL,
  `name` varchar(191) COLLATE utf8mb4_unicode_ci DEFAULT NULL,
  `scopes` text COLLATE utf8mb4_unicode_ci DEFAULT NULL,
  `revoked` tinyint(1) NOT NULL,
  `created_at` timestamp NULL DEFAULT NULL,
  `updated_at` timestamp NULL DEFAULT NULL,
  `expires_at` datetime DEFAULT NULL,
  PRIMARY KEY (`id`),
  KEY `oauth_access_tokens_user_id_index` (`user_id`)
) ENGINE=InnoDB DEFAULT CHARSET=utf8mb4 COLLATE=utf8mb4_unicode_ci;

-- Dumping data for table lke.oauth_access_tokens: ~250 rows (approximately)
/*!40000 ALTER TABLE `oauth_access_tokens` DISABLE KEYS */;
INSERT INTO `oauth_access_tokens` (`id`, `user_id`, `client_id`, `name`, `scopes`, `revoked`, `created_at`, `updated_at`, `expires_at`) VALUES
	('018fdbecfd4f0c0c4a0c382215773102a8de553871e5d5ba7aa8a92924f4641a85c9bea2a712535b', 8, 1, 'authToken', '["agent"]', 0, '2022-08-30 10:31:37', '2022-08-30 10:31:37', '2023-08-30 10:31:37'),
	('01c4793931a84024b8dd543913261fa303e0d7c8d8f622a937c52953ea8c3772e3e47897d3e5874f', 1, 1, 'authToken', '["admin"]', 0, '2022-09-30 03:23:56', '2022-09-30 03:23:56', '2023-09-30 03:23:56'),
	('0392087d462934422f436edea861a104e0243925318438c6e43cc5f14d6ac5df460a4f50b0df0916', 29, 1, 'authToken', '["admin"]', 0, '2022-08-17 09:42:07', '2022-08-17 09:42:07', '2023-08-17 09:42:07'),
	('03c8a419870c8659ffab39b6006f442ad38d104db6ea5c2b5cd0e1f84b188efc6e2d7eba6a3b4857', 3, 1, 'authToken', '["agent"]', 0, '2022-07-02 04:33:55', '2022-07-02 04:33:55', '2023-07-02 04:33:55'),
	('048196b737cd22f5b21a584eef4d9b4f3532a106c488895d897340b42b7dc5c54554b49b2693e911', 1, 1, 'authToken', '["admin"]', 0, '2022-07-24 18:38:21', '2022-07-24 18:38:21', '2023-07-24 18:38:21'),
	('0483e0b318b39c131a7f04bb9a2b5a0e4a33f26ba598dad230356a849184e2bd68c5fd1ceaf8bafe', 1, 1, 'authToken', '["admin"]', 0, '2022-07-25 12:45:07', '2022-07-25 12:45:07', '2023-07-25 12:45:07'),
	('078ad39053711ce2539a9aca1b1d50123a5fb6e9fcea763003e46ade20a86213c6d00074afeb6398', 1, 1, 'authToken', '["admin"]', 0, '2022-08-01 12:50:17', '2022-08-01 12:50:17', '2023-08-01 12:50:17'),
	('07de100d652996fa2c1a0c91f7627520195ced0c894ea8113afc39b508a8e5b7609d4ac54595b850', 24, 1, 'authToken', '["admin"]', 0, '2022-07-25 12:46:24', '2022-07-25 12:46:24', '2023-07-25 12:46:24'),
	('0997bca1e406ad24f094609e9e63cf1e5438c7222696f23f864cea2b3c77639f4c58221be26a5d72', 29, 1, 'authToken', '["admin"]', 0, '2022-08-17 09:50:03', '2022-08-17 09:50:03', '2023-08-17 09:50:03'),
	('099cd80eef7d5b897ba8a8c160ebe2f969c5c64fd6fc3dd599a1d160cb8e7bb67c378071e23ac944', 1, 1, 'authToken', '["admin"]', 0, '2022-07-12 15:13:06', '2022-07-12 15:13:06', '2023-07-12 15:13:06'),
	('0d916342425d09b6790ed2a536c4201d9aee30dadc5491bd16374c827d0f7ebf5ed3803a14885c40', 1, 1, 'authToken', '["admin"]', 0, '2022-08-16 19:03:09', '2022-08-16 19:03:09', '2023-08-16 19:03:09'),
	('0dedff69abac60a534b265fa6b024b82fd79814afa121fae657dc1653397981f9e60f7802552cbb3', 1, 1, 'authToken', '["admin"]', 0, '2022-07-29 13:49:54', '2022-07-29 13:49:54', '2023-07-29 13:49:54'),
	('0fd0d31663dd146feb350f477b5c6c92edc93b43bfade51f6cc69292833234ea483f1740421b881a', 1, 1, 'authToken', '["admin"]', 0, '2022-07-27 01:46:48', '2022-07-27 01:46:48', '2023-07-27 01:46:48'),
	('10202325804b03f27bdac11986bc0d0a2e95d13931aa5b0aed6e0ef07777043649e71c598bda77ce', 1, 1, 'authToken', '["admin"]', 0, '2022-06-18 07:08:23', '2022-06-18 07:08:23', '2023-06-18 07:08:23'),
	('1026e90720f738bae715ab210705fe95d6079ad3aca0925ed03781c65d238e5cabbf64b678bed533', 1, 1, 'authToken', '["admin"]', 0, '2022-06-13 11:28:57', '2022-06-13 11:28:57', '2023-06-13 11:28:57'),
	('183e48c4af1fe72b17cbc44eff0e096c056564330048c5d9fdffd0b0e3e5736760d7b4a89240c8e2', 1, 1, 'authToken', '["admin"]', 0, '2022-07-15 11:51:03', '2022-07-15 11:51:03', '2023-07-15 11:51:03'),
	('1b63f99508bf6a9965cd0321cdd6087c88473c4d7d850ce29bc9d53e82cd13ad045159e5b94fdb50', 1, 1, 'authToken', '["admin"]', 0, '2022-08-17 09:40:47', '2022-08-17 09:40:47', '2023-08-17 09:40:47'),
	('1bab6bb2bb89335195ab796a4c1ab74544c1691177e1c8d270d821328cb0f18c9db16c1add9de69c', 4, 1, 'authToken', '["customer"]', 0, '2022-05-19 11:37:06', '2022-05-19 11:37:06', '2023-05-19 11:37:06'),
	('1c8e234e660982a9d0b47981b586fc5564682138b6509d4400396afc42f99ecd2d972bce09f834e8', 1, 1, 'authToken', '["admin"]', 0, '2022-06-18 11:53:53', '2022-06-18 11:53:53', '2023-06-18 11:53:53'),
	('1dbcf3a34d5ee1edb6b187f0f41530d014426fd72dcbbf9f57da64ad424b9f08f983e3f43de7f2a4', 29, 1, 'authToken', '["admin"]', 0, '2022-08-30 11:24:25', '2022-08-30 11:24:25', '2023-08-30 11:24:25'),
	('2042d130c33447b8fda9094aa02662c251e18b0b6e9cf6509d7c0185b4b432d0eea69d4941652920', 7, 1, 'authToken', '["agent"]', 0, '2022-08-31 15:09:25', '2022-08-31 15:09:25', '2023-08-31 15:09:25'),
	('209919971956b02d8fcddaa5d136baf329e6db9c2143230c64b93e6b6433a17ee14080ae507e2e3a', 1, 1, 'authToken', '["admin"]', 0, '2022-08-30 10:27:44', '2022-08-30 10:27:44', '2023-08-30 10:27:44'),
	('215928db60ea5ba1a8bc6569266f0dceede607f6a74b9772e704eef4ef148af8cdd66878186069c8', 3, 1, 'authToken', '["agent"]', 0, '2022-07-23 06:07:21', '2022-07-23 06:07:21', '2023-07-23 06:07:21'),
	('225e7687d454395a52b11205c5b225889d9efc8559ca17e7451446f1c4d24846624f05b07a5a63b8', 1, 1, 'authToken', '["admin"]', 0, '2022-09-15 13:47:43', '2022-09-15 13:47:43', '2023-09-15 13:47:43'),
	('22fc036e6e15f1c5fe14217e4f87638f951b1ebc75c159645b72e99ffe49b77d5ac3932a92e1d745', 1, 1, 'authToken', '["admin"]', 0, '2022-08-06 14:49:48', '2022-08-06 14:49:48', '2023-08-06 14:49:48'),
	('233eb466aea70dc1c87d01e6531ae206700d4dbefdff9578402eed500a214201398cfa7aa273f490', 1, 1, 'authToken', '["admin"]', 0, '2022-07-15 01:21:12', '2022-07-15 01:21:12', '2023-07-15 01:21:12'),
	('23bcbcf7c970cdeb012e03597a48394b4e28835a59da164f6fc3132420fd3b9eadf3029866bb3325', 29, 1, 'authToken', '["admin"]', 0, '2022-08-30 10:10:51', '2022-08-30 10:10:51', '2023-08-30 10:10:51'),
	('23ea18e301b991ad7604ec8813f844cf1e1cc5b65971b7682effb477838296b0d99f48ee0c9259f4', 6, 1, 'authToken', '["agent"]', 0, '2022-08-07 05:45:08', '2022-08-07 05:45:08', '2023-08-07 05:45:08'),
	('24679f67579e96c93a8fd4b8a6bd721c5f5e5fb5408aaa1dbf0f7fb41d91a1e1b01cd883b72de51d', 1, 1, 'authToken', '["admin"]', 0, '2022-08-12 11:05:54', '2022-08-12 11:05:54', '2023-08-12 11:05:54'),
	('2857f3c15ed170b58fee32847b32db44d3bcc050dade58b46581d95173d057a54dba6064ec0c9b77', 6, 1, 'authToken', '["agent"]', 0, '2022-07-19 14:03:08', '2022-07-19 14:03:08', '2023-07-19 14:03:08'),
	('2893b1fe2294d1a9b3b7b3b4b1eba6db84d5016c3b14c30dc15fb89cebdc6027a2d9c70acb4938e6', 1, 1, 'authToken', '["admin"]', 0, '2022-08-02 09:00:38', '2022-08-02 09:00:38', '2023-08-02 09:00:38'),
	('290d0b262b48b4f1dd7e60a8d972b083a5467581d764d70b715354f990a33d43f20776b1c51ad6e9', 1, 1, 'authToken', '["admin"]', 0, '2022-08-31 11:39:57', '2022-08-31 11:39:57', '2023-08-31 11:39:57'),
	('2914dd7ea8d099b3f89c7f5c5c05839f711082950dc06badb18d3c84bdcb16a3dbcb2ca73d1bbff3', 3, 1, 'authToken', '["customer"]', 0, '2022-05-25 15:09:51', '2022-05-25 15:09:51', '2023-05-25 15:09:51'),
	('2980a061a7cba16587b5897ff45549bd891acd2e7960eaec2a7e9bd7f3137f0f025e7adf12401779', 1, 1, 'authToken', '["admin"]', 0, '2022-07-12 15:47:04', '2022-07-12 15:47:04', '2023-07-12 15:47:04'),
	('2c190631c3abb601ec2094353b56852c7417135f7636377a7f248515adc70c81d4ef6693a84dbb65', 1, 1, 'authToken', '["admin"]', 0, '2022-06-09 15:34:51', '2022-06-09 15:34:51', '2023-06-09 15:34:51'),
	('2c37ec6e39dd495034ad263219ea3072d67eb2831b53de167acf69755168afcee2797c8e65691850', 1, 1, 'authToken', '["admin"]', 0, '2022-07-05 02:33:41', '2022-07-05 02:33:41', '2023-07-05 02:33:41'),
	('2cd223a7513e3952e3d56276e40eeecca2d35ca9b2aa1563d6518178bab013a7b626f58e7c401838', 3, 1, 'authToken', '["agent"]', 0, '2022-07-02 15:30:47', '2022-07-02 15:30:47', '2023-07-02 15:30:47'),
	('2d0c40d09fbd20fc98afe62466b0ae3278fc6d799b68221e9068e5f5aa0f6095a8795d89690c4a19', 1, 1, 'authToken', '["admin"]', 0, '2022-09-15 14:52:12', '2022-09-15 14:52:12', '2023-09-15 14:52:12'),
	('2e6c0f75a8de57d9c2a035619eaf3c8e9cd340652bec0222a58d54f9df77c6a8c4bc0e1b4ebce4c4', 1, 1, 'authToken', '["admin"]', 0, '2022-09-19 20:31:31', '2022-09-19 20:31:31', '2023-09-19 20:31:31'),
	('30774bb71366d043ff5fae0ecf27e4a7c4bf486261d4e4e58181adbb7e564f1f5b8c3b8a139f744c', 1, 1, 'authToken', '["admin"]', 0, '2022-05-25 14:24:46', '2022-05-25 14:24:46', '2023-05-25 14:24:46'),
	('30a24e689f0eeb3db3c5558fff0ea64300821c8c32bc1eed7b670a2b911c9bf824ff48b34d9d8fcb', 11, 1, 'authToken', '["agent"]', 0, '2022-08-31 21:21:55', '2022-08-31 21:21:55', '2023-08-31 21:21:55'),
	('31d49102e22ea1be57fae795526202ac08d0d1cea7ae6c61c4d56c5c30dab5dd474f76489f614865', 1, 1, 'authToken', '["admin"]', 0, '2022-09-04 14:43:31', '2022-09-04 14:43:31', '2023-09-04 14:43:31'),
	('322fccc57f7c9165f8128d7628022c2ccef0fe6ba214d11abc9c1f2e4550977c5cd0f0336ce0a4f1', 3, 1, 'authToken', '["customer"]', 0, '2022-09-04 21:10:06', '2022-09-04 21:10:06', '2023-09-04 21:10:06'),
	('3254ccbffa0dacb4a6f4e13c979324faa8cb5d2c27f9808c4f1e119fe663155164efed36e3d609f6', 1, 1, 'authToken', '["admin"]', 0, '2022-07-14 09:56:34', '2022-07-14 09:56:34', '2023-07-14 09:56:34'),
	('3273673e577b454c66e4c1d1bd3fccc99628e2a858ff7049e291c0da53fc4090d5a84ffbdf2a62c9', 1, 1, 'authToken', '["admin"]', 0, '2022-08-14 15:44:49', '2022-08-14 15:44:49', '2023-08-14 15:44:49'),
	('33244d2459d5d93f74601ae012bd489db9148d2495ad9d4e1df2f870d9f23600933cf8fe4437ffcf', 1, 1, 'authToken', '["admin"]', 0, '2022-07-20 11:59:32', '2022-07-20 11:59:32', '2023-07-20 11:59:32'),
	('33271cc674740e7f1e296b6fd47e9eac0237bb62bc0d84b0441d08f22277b3992fa8139eed4dd166', 3, 1, 'authToken', '["customer"]', 0, '2022-07-28 13:50:35', '2022-07-28 13:50:35', '2023-07-28 13:50:35'),
	('346ae21c975c6c7fb34b3a7ad92e9cdb3e2e17ec9a7816900f7ea6cb2309c93b82cfea175627c53b', 1, 1, 'authToken', '["admin"]', 0, '2022-07-27 06:25:47', '2022-07-27 06:25:47', '2023-07-27 06:25:47'),
	('34b10f1f7d2173aeaca62fbd0284896934189ae196fad10a5e3daccf6fe31b1d6383fd3f4f83a2c3', 1, 1, 'authToken', '["admin"]', 0, '2022-08-07 06:19:32', '2022-08-07 06:19:32', '2023-08-07 06:19:32'),
	('35f6f4b489769d9510faaece8e8b25a44e512ef25dd521aca6f20d45b87f3eec299f5e4a8da3768c', 8, 1, 'authToken', '["agent"]', 0, '2022-08-30 11:29:29', '2022-08-30 11:29:29', '2023-08-30 11:29:29'),
	('36787929a62160bcdd84f72e8bd836a3b68b882c68cf8f8ff099b1e002b0370a6b79575fe8fd10d8', 1, 1, 'authToken', '["admin"]', 0, '2022-08-30 10:00:06', '2022-08-30 10:00:06', '2023-08-30 10:00:06'),
	('373ae0d3723eeed56b6ac0c3202437ed7e6d98da115f46d5f53caa5a8abc8cadc9909fd55aec9141', 1, 1, 'authToken', '["admin"]', 0, '2022-09-17 16:51:32', '2022-09-17 16:51:32', '2023-09-17 16:51:32'),
	('3811f09da0c4c967f6bff15ddf0bc19096ef1ddde474683971db9da89cb1aaf9238027d027d136d8', 17, 1, 'authToken', '["admin"]', 0, '2022-07-25 03:02:21', '2022-07-25 03:02:21', '2023-07-25 03:02:21'),
	('39a41aed6a8681956922feb86e55e24305bf551ff7cf4746af166deb7581c70de997d43c8b5b4041', 3, 1, 'authToken', '["customer"]', 0, '2022-08-09 06:28:36', '2022-08-09 06:28:36', '2023-08-09 06:28:36'),
	('3b39ee98f334b812fa3f2aaddc412b01c9a3b25fc37ec5bb29662e1bd06c808bf2e2899a9a830377', 29, 1, 'authToken', '["admin"]', 0, '2022-09-17 17:09:22', '2022-09-17 17:09:22', '2023-09-17 17:09:22'),
	('3cdf0725238ed1106c0f8ee7ee268269da25f1cb856dc01ceb09b52c8d980cdb75f9bc09a6a14d10', 1, 1, 'authToken', '["admin"]', 0, '2022-09-29 13:29:38', '2022-09-29 13:29:38', '2023-09-29 13:29:38'),
	('3cea5ae25639d966b4ee57ec3a69b5dfe1277c53fd14a1205600b21d8e988de903ed1cb3caaea0b5', 1, 1, 'authToken', '["admin"]', 0, '2022-08-04 11:29:44', '2022-08-04 11:29:44', '2023-08-04 11:29:44'),
	('3cfb6d9e92469bcee5c9e155846f0294aa8ef1b6c3eaad040f3bf979903ef0e08ae7315adc2a4793', 1, 1, 'authToken', '["admin"]', 0, '2022-08-02 16:33:41', '2022-08-02 16:33:41', '2023-08-02 16:33:41'),
	('3d6f5e6c632aaaa093ced103310b5a9ecb8873b3ccf303cfe7379d6f67e185f6db96f96b704c16f0', 3, 1, 'authToken', '["agent"]', 0, '2022-06-26 03:16:42', '2022-06-26 03:16:42', '2023-06-26 03:16:42'),
	('3e813ed0a7ae13a69e0e5019f49bcbfd6ee30027b8e76d77754ed9d227ef30cc2f2510f1512e3bbf', 7, 1, 'authToken', '["admin"]', 0, '2022-08-04 11:01:31', '2022-08-04 11:01:31', '2023-08-04 11:01:31'),
	('3e82b4c931225ba32134a642af9cdf058a7d42963bf8c9cf47de0c35382b7456e114e5fe7f2e9f96', 1, 1, 'authToken', '["admin"]', 0, '2022-09-25 18:54:21', '2022-09-25 18:54:21', '2023-09-25 18:54:21'),
	('3ff8b856587e70993ec7d2bd8205fa05af97acce4f6291d88561e51494247571e033a762c0d70e45', 1, 1, 'authToken', '["admin"]', 0, '2022-07-18 20:31:19', '2022-07-18 20:31:19', '2023-07-18 20:31:19'),
	('401d1a57ca34f0e84337533ef992b33e988a4614eb61963cf260a868384597be250aaefb6aa049d2', 3, 1, 'authToken', '["customer"]', 0, '2022-07-30 06:03:36', '2022-07-30 06:03:36', '2023-07-30 06:03:36'),
	('40f426b5df2d89c2add9cccade71e984b57d46fa57216266b92e13b8048491d4872ca72a190518fc', 1, 1, 'authToken', '["admin"]', 0, '2022-08-06 14:15:25', '2022-08-06 14:15:25', '2023-08-06 14:15:25'),
	('4181f9f26dcfe880c157119a9f8339a9f44450bd17355b0502c01af2ab7c09ec6212d1d804dc898c', 1, 1, 'authToken', '["admin"]', 0, '2022-07-10 21:58:28', '2022-07-10 21:58:28', '2023-07-10 21:58:28'),
	('485d6361016bd05486bec810bad3eed5a81009eb505d406236604aef45755ede51823abb41b42578', 1, 1, 'authToken', '["admin"]', 0, '2022-08-03 08:57:52', '2022-08-03 08:57:52', '2023-08-03 08:57:52'),
	('49d4c4fe69119e772ffdd2e24f698b1cd152d3a518a157d62df2d136b71e4f82c90b66f646c8f8e3', 3, 1, 'authToken', '["agent"]', 0, '2022-06-01 22:31:05', '2022-06-01 22:31:05', '2023-06-01 22:31:05'),
	('4affab9210080a0c7bc1cd7a1d4494efe891d43b0d8fb74217438a073e44e935dfb977f16bffaa65', 1, 1, 'authToken', '["admin"]', 0, '2022-07-25 08:45:19', '2022-07-25 08:45:19', '2023-07-25 08:45:19'),
	('4b10be61ca1d9a7ad353e34440af317053ee4bb53e2c49ddcc84a8ea1051e4fa917d1e093d409adf', 29, 1, 'authToken', '["admin"]', 0, '2022-09-18 08:23:36', '2022-09-18 08:23:36', '2023-09-18 08:23:36'),
	('4c6169163d0837588d6906df62e1821c37dec28b648d511ae02a195354d1c3de08c1ba186b444173', 13, 1, 'authToken', '["admin"]', 0, '2022-07-25 08:31:44', '2022-07-25 08:31:44', '2023-07-25 08:31:44'),
	('4c8b318b07223e063eb85b2993a0700fad2769936536076e7b0c59fa503ed5be307b5fb6315941c0', 29, 1, 'authToken', '["admin"]', 0, '2022-09-17 17:15:24', '2022-09-17 17:15:24', '2023-09-17 17:15:24'),
	('4e3760b7d68f6583f97e1e40419fb64998d52740967469daa81e532c1a5191b7ba541a3ef3ec1a84', 1, 1, 'authToken', '["admin"]', 0, '2022-09-28 14:44:07', '2022-09-28 14:44:07', '2023-09-28 14:44:07'),
	('4ec17642f7ffef9b631aa28ea51a479f66cbc831cb897b9f7648b8857a80243da2122aab8c964e87', 29, 1, 'authToken', '["admin"]', 0, '2022-09-19 13:50:21', '2022-09-19 13:50:21', '2023-09-19 13:50:21'),
	('4f5ca3f7cf51c2f4ddc8877bfc6a56ec69dc96a673fe5d72ce8028bbfc894f90d4057994fb7fdffe', 1, 1, 'authToken', '["admin"]', 0, '2022-06-16 02:06:04', '2022-06-16 02:06:04', '2023-06-16 02:06:04'),
	('4fb3f8be95b6076545b83824d876beca9e5a0775d58aa49cb301f99a14ca31bc68e40504670843e4', 1, 1, 'authToken', '["admin"]', 0, '2022-08-13 10:40:48', '2022-08-13 10:40:48', '2023-08-13 10:40:48'),
	('4fc4c0421ee1390cad1cdb374c5e7db0a2d195d96dcd50dd68de629c59487531e3c0eb0aae6c3899', 1, 1, 'authToken', '["admin"]', 0, '2022-07-30 07:34:47', '2022-07-30 07:34:47', '2023-07-30 07:34:47'),
	('4fceb4eba9e305b74e923778fc89983ccf23ceca67e74c61be95cc77910a41a20bb85d1e5ca6614a', 3, 1, 'authToken', '["customer"]', 0, '2022-07-29 01:59:17', '2022-07-29 01:59:17', '2023-07-29 01:59:17'),
	('505e021e27acd3d4b76846d83530ac09955dc378552411c71ce7365a03c9bba54bc7d7a205b3d05b', 1, 1, 'authToken', '["admin"]', 0, '2022-06-04 07:44:34', '2022-06-04 07:44:34', '2023-06-04 07:44:34'),
	('51041867087b46dbe7b38dd1f9509c43e2e2d4172b66979c819f5d079948d2dc20e5b00f61fc57d0', 29, 1, 'authToken', '["admin"]', 0, '2022-09-19 20:28:01', '2022-09-19 20:28:01', '2023-09-19 20:28:01'),
	('516ca55a4eae62041f9cbde5b8556b566c3c280c77e35e3d3f41f142158928e943d372700d490a66', 4, 1, 'authToken', '["agent"]', 0, '2022-05-19 11:35:05', '2022-05-19 11:35:05', '2023-05-19 11:35:05'),
	('536488cdc5236ec9f0946dc4fa71ec88955c55a1d941683ea5e3c919153c300138cdfe1926be5619', 3, 1, 'authToken', '["customer"]', 0, '2022-08-04 07:30:59', '2022-08-04 07:30:59', '2023-08-04 07:30:59'),
	('5512bdd46e25bbc39dcc618e08ba04c5dc357a1a92a27b2bb456ae6b60b55ea5107f2aa93a4ce3ad', 3, 1, 'authToken', '["agent"]', 0, '2022-06-29 10:41:20', '2022-06-29 10:41:20', '2023-06-29 10:41:20'),
	('5708aec9bd333940bee8da8154139abd2f86a6a632c2ac19ece1b6b09e4d43d976f2ce66abe73434', 1, 1, 'authToken', '["admin"]', 0, '2022-06-06 12:33:47', '2022-06-06 12:33:47', '2023-06-06 12:33:47'),
	('57dfd9166ea2470baa54b2eaef7bb180c869885b63a4597773843dc0b3af492dddd5513690b5120e', 9, 1, 'authToken', '["agent"]', 0, '2022-08-30 11:35:31', '2022-08-30 11:35:31', '2023-08-30 11:35:31'),
	('59c66bb4459ca6ece67a6c54795caf6bd17e60244c4c46a619e8d148208a184caa38b9518b52fe8f', 1, 1, 'authToken', '["admin"]', 0, '2022-08-15 13:07:45', '2022-08-15 13:07:45', '2023-08-15 13:07:45'),
	('5a0c0cff01ed86e9dab2d3386281ee4cf22fd09b2cd134c8922028249ee0766a4ed130b20f01eb22', 1, 1, 'authToken', '["admin"]', 0, '2022-09-28 08:20:47', '2022-09-28 08:20:47', '2023-09-28 08:20:47'),
	('5bdbdd2156e85346ece577e00e137961ffea846fcf17546c6794d76ade9e800fbb6b079e390922b3', 1, 1, 'authToken', '["admin"]', 0, '2022-07-19 12:40:53', '2022-07-19 12:40:53', '2023-07-19 12:40:53'),
	('5c3c488fc93eb9fcf486120fcbd52936f7e6c377c9e2e2a6486b57605b6908e8dc81d60ca24c3f92', 1, 1, 'authToken', '["admin"]', 0, '2022-09-15 12:22:56', '2022-09-15 12:22:56', '2023-09-15 12:22:56'),
	('5c47ea0ef295153b4d568580a8a556e33c1ca9fed1a6bab828594623a2e65403a371da27b73fa443', 8, 1, 'authToken', '["agent"]', 0, '2022-08-29 23:27:04', '2022-08-29 23:27:04', '2023-08-29 23:27:04'),
	('5f3406cf0d940038f64d67a65bd5854259cf4231500910ebb26d7dec960ec807582bb5a0d0cf37e8', 3, 1, 'authToken', '["customer"]', 0, '2022-08-07 05:40:59', '2022-08-07 05:40:59', '2023-08-07 05:40:59'),
	('5f59b5a2c61a990ead9108132ede472fea017b00b60b4dafb46edc55296ba71d4ac63ce6521facfd', 3, 1, 'authToken', '["agent"]', 0, '2022-05-19 11:36:36', '2022-05-19 11:36:36', '2023-05-19 11:36:36'),
	('5f901340f2c0093ed04dba0149d545c67a9772da0364fd1f10100032d4279630c5703e08815c024e', 1, 1, 'authToken', '["admin"]', 0, '2022-08-09 16:03:40', '2022-08-09 16:03:40', '2023-08-09 16:03:40'),
	('61df7b1575857033cf6f7c16ce83f5885a78ac8841dda1f36e53ff3a57171d5631b1673f785f2a4a', 3, 1, 'authToken', '["agent"]', 0, '2022-06-26 12:48:21', '2022-06-26 12:48:21', '2023-06-26 12:48:21'),
	('6249525d84c6f40e3415005bcec720b9abf12e947193d3e7c50e22034540fc0dc2eef60699663f47', 3, 1, 'authToken', '["customer"]', 0, '2022-08-16 16:59:48', '2022-08-16 16:59:48', '2023-08-16 16:59:48'),
	('627d9ff9b850b97c6a6c84ce5b9f71796e3b9e0865d2b74a5436a0224681db6dd0f470be70893a4a', 9, 1, 'authToken', '["admin"]', 0, '2022-07-25 08:50:10', '2022-07-25 08:50:10', '2023-07-25 08:50:10'),
	('63d18e465922fa4bdf34b6e3f76796656848cefb4f35758d338e1d076dd1ee292a91d2cb9e4f8bfa', 3, 1, 'authToken', '["agent"]', 0, '2022-06-26 09:25:38', '2022-06-26 09:25:38', '2023-06-26 09:25:38'),
	('652925e54a2d2cfd5059a7a1c4f1631fbce0e32daa65687ccd9b2f005d670518a7c48fd49f8579a6', 1, 1, 'authToken', '["admin"]', 0, '2022-07-23 08:29:10', '2022-07-23 08:29:10', '2023-07-23 08:29:10'),
	('6591874e580163c7244da242f13c95be0297ae8659732e3ac619f9c635b222d2fb4d5a250846971c', 1, 1, 'authToken', '["admin"]', 0, '2022-06-09 11:47:18', '2022-06-09 11:47:18', '2023-06-09 11:47:18'),
	('66f41eed55a9cb082b5820239be0b79604f09bf50f06f02c3c67f2170a9b51bd34a0d22dc34c70e9', 18, 1, 'authToken', '["admin"]', 0, '2022-07-23 08:22:22', '2022-07-23 08:22:22', '2023-07-23 08:22:22'),
	('67855533851f1545bd2d6fe7b0eb0225635db163613875c34a13bb45a457e24a37636cc880b60721', 1, 1, 'authToken', '["admin"]', 0, '2022-09-03 10:33:49', '2022-09-03 10:33:49', '2023-09-03 10:33:49'),
	('69377021468f9574ed57fad411bb1afd928851427ef0832ea9846567e96355b8526dc4fca3220422', 1, 1, 'authToken', '["admin"]', 0, '2022-08-15 07:31:38', '2022-08-15 07:31:38', '2023-08-15 07:31:38'),
	('69ef016fed3ea36ac3a59275588f34e95824537b678b4a0fc6c4148cf4d7f39029af353c4504254e', 3, 1, 'authToken', '["customer"]', 0, '2022-07-30 07:21:27', '2022-07-30 07:21:27', '2023-07-30 07:21:27'),
	('6a6a07572eae2b92cf7f30c31745496e405ce729570645bebd9e6169f3c4ba671c4c559a50ca772e', 29, 1, 'authToken', '["admin"]', 0, '2022-09-30 03:50:24', '2022-09-30 03:50:24', '2023-09-30 03:50:24'),
	('6af3da54a2832d60ad61b02dea86aa05b9adc5669daf3db7e6a3a89ff468d7c87799b9971c9a6241', 29, 1, 'authToken', '["admin"]', 0, '2022-08-12 13:36:56', '2022-08-12 13:36:56', '2023-08-12 13:36:56'),
	('6bb734262fd9cb09af10f8f878889e84361ac526eafab1c758094e6cee4a16fd6527bde2cd9ed0e3', 3, 1, 'authToken', '["customer"]', 0, '2022-08-15 14:09:29', '2022-08-15 14:09:29', '2023-08-15 14:09:29'),
	('6eda02739fb05fb16e2d17b6bc9dd48ce428be12aea4d2ce208c644fc1593ef9eaced69ad9638fcb', 1, 1, 'authToken', '["admin"]', 0, '2022-06-08 13:50:38', '2022-06-08 13:50:38', '2023-06-08 13:50:38'),
	('6ff6c70fa46dc74edaf3ffd8d348e88dcd566be3078dff9eb799d98a4113a0be0fc15ae8bef0ac35', 1, 1, 'authToken', '["admin"]', 0, '2022-05-19 11:30:10', '2022-05-19 11:30:10', '2023-05-19 11:30:10'),
	('70580db60f97aa65feb150628c423a6969522f852018a668ab3338a548329a08396ceebbbec986f4', 3, 1, 'authToken', '["customer"]', 0, '2022-07-19 13:38:20', '2022-07-19 13:38:20', '2023-07-19 13:38:20'),
	('7146112af77dae7069204c58762fb6373580fba5fce97c709e51bacb04ac26bdcfa9ef38cf6d8665', 1, 1, 'authToken', '["admin"]', 0, '2022-09-15 14:51:47', '2022-09-15 14:51:47', '2023-09-15 14:51:47'),
	('718e826694a2bff740f31ae4054b670dec4baed6b5d4f0c0fca29b14dbbdfdbc719547eb9cbaa0c4', 1, 1, 'authToken', '["admin"]', 0, '2022-07-23 08:32:18', '2022-07-23 08:32:18', '2023-07-23 08:32:18'),
	('7329fc67d633e0bbf728bdd3af31c271d45a8bf51c38801177f47fb0ee788898fcd9b35fc6e1bc31', 6, 1, 'authToken', '["customer"]', 0, '2022-08-04 10:58:42', '2022-08-04 10:58:42', '2023-08-04 10:58:42'),
	('74287d2b43eb0928a277bacc2204eafd432f87c28955cc5583a1c4c0a49bd592d8ee4f0397c36323', 3, 1, 'authToken', '["agent"]', 0, '2022-06-28 12:44:27', '2022-06-28 12:44:27', '2023-06-28 12:44:27'),
	('74f441d0fca0f8c7f69c2557d79302ad6ef6e136bb46a8e35376667de619f2aabbbc21a9507a7963', 1, 1, 'authToken', '["admin"]', 0, '2022-06-04 01:14:38', '2022-06-04 01:14:38', '2023-06-04 01:14:38'),
	('753c0b190547ef084f0d548de7d7dbba482e1affbb246c35ad5222fdec4f0a78040674321013eadf', 3, 1, 'authToken', '["agent"]', 0, '2022-06-28 07:25:22', '2022-06-28 07:25:22', '2023-06-28 07:25:22'),
	('76fc44100ff2719d76326f08b6f31bac6c71f4026e9a90a70073504c0194792305fbc360c440f7db', 1, 1, 'authToken', '["admin"]', 0, '2022-07-22 05:13:26', '2022-07-22 05:13:26', '2023-07-22 05:13:26'),
	('786f1b62f44a11a80b6741cf14400ffd2fe16253e25bcfcfd68e4ecc414408fe1034b8240b0fc863', 3, 1, 'authToken', '["customer"]', 0, '2022-06-08 11:27:14', '2022-06-08 11:27:14', '2023-06-08 11:27:14'),
	('78bd52f1c7e775d56521ab1891b4933b0234db26155d0323179ca4a734df9fa03646c5ab2bae8d59', 1, 1, 'authToken', '["admin"]', 0, '2022-07-15 06:14:16', '2022-07-15 06:14:16', '2023-07-15 06:14:16'),
	('7a18021e29a5a6daee665ba83f9a8212cc3d591d44a0fe3155311fb70675affacd206e4699fd623f', 8, 1, 'authToken', '["agent"]', 0, '2022-08-29 23:05:03', '2022-08-29 23:05:03', '2023-08-29 23:05:03'),
	('7a9f0d80f6010bc35e839d20c6335c0e905d5d13e37bd06d7be8f84c6a24d2aae0cc130169078a67', 1, 1, 'authToken', '["admin"]', 0, '2022-08-31 05:06:53', '2022-08-31 05:06:53', '2023-08-31 05:06:53'),
	('7d32d28bdd484db11010e194e34397023ef51cd9c82790c25183d60879efc9019508a88da8cd9f71', 3, 1, 'authToken', '["customer"]', 0, '2022-08-11 12:46:15', '2022-08-11 12:46:15', '2023-08-11 12:46:15'),
	('7f45e3fb7d0f5637b58c935ec86c6edb1de9c7e7fe818b8a4301253138e5f8c9d2edb62e6859fd52', 1, 1, 'authToken', '["admin"]', 0, '2022-09-29 08:22:28', '2022-09-29 08:22:28', '2023-09-29 08:22:28'),
	('7fe0e916a53c5edd923deba232a0c241b7d40aabba0e3df28da7c6b41927819c12459243875c41f3', 3, 1, 'authToken', '["customer"]', 0, '2022-06-01 22:22:04', '2022-06-01 22:22:04', '2023-06-01 22:22:04'),
	('8153a6d39507989a26f5a01496f830d73fdfdf971cf0c86dd8d192a2e306ac8417c8c713cdcf6341', 1, 1, 'authToken', '["admin"]', 0, '2022-09-15 14:52:42', '2022-09-15 14:52:42', '2023-09-15 14:52:42'),
	('81d117d975a9effdeeb27bc11a233c6ed9561d612c84c5d5013e687de1deb2c517e1e3b72688b3a9', 29, 1, 'authToken', '["admin"]', 0, '2022-09-17 17:05:34', '2022-09-17 17:05:34', '2023-09-17 17:05:34'),
	('823811bd628685a8f28b797c7b80b8d3eb6c41750fd2d44c9c412d855ee6e15fe650f3d321241033', 1, 1, 'authToken', '["admin"]', 0, '2022-07-28 11:45:23', '2022-07-28 11:45:23', '2023-07-28 11:45:23'),
	('841cdd16546cd19a62bb4de508d6311f00c0cd54ad66c3829936af1d55a1952a7fbc07e5909e099c', 1, 1, 'authToken', '["admin"]', 0, '2022-08-09 06:55:01', '2022-08-09 06:55:01', '2023-08-09 06:55:01'),
	('844dc1be5eb0b128aece6d7ad907125ddccc03156023a0d2bd80980ac2a0530d0d7b9bf90013a8fe', 1, 1, 'authToken', '["admin"]', 0, '2022-08-07 01:02:18', '2022-08-07 01:02:18', '2023-08-07 01:02:18'),
	('85bbf90430db8c01a0cf56400c2d50e9258d66a85a4cb22e010e468a1ca766f54ed0112c18c1ca60', 1, 1, 'authToken', '["admin"]', 0, '2022-08-11 20:02:45', '2022-08-11 20:02:45', '2023-08-11 20:02:45'),
	('862ac008bc0e62733dbec3614fe32db9dfa5c5828e076520239457b69c37f1436183033c676bbc9f', 10, 1, 'authToken', '["agent"]', 0, '2022-08-30 10:51:59', '2022-08-30 10:51:59', '2023-08-30 10:51:59'),
	('8633aef39d70466f812bfd8c4a060a82e4f77b2ac553ad5931c609b2cedcbc616659fc3d2bee4eaf', 6, 1, 'authToken', '["agent"]', 0, '2022-08-04 12:13:11', '2022-08-04 12:13:11', '2023-08-04 12:13:11'),
	('86c53a2287fbfb9b0224f142a390c56c519d7a738c59e6f543d67c94a1febb9ab2ae24ddb35ffa29', 1, 1, 'authToken', '["admin"]', 0, '2022-06-03 11:33:22', '2022-06-03 11:33:22', '2023-06-03 11:33:22'),
	('86eb20b7d7078a784c5f2f17f012ed08c93a50154e37c6288db542af13f75c7d69ed7e50437b1462', 1, 1, 'authToken', '["admin"]', 0, '2022-07-23 01:21:54', '2022-07-23 01:21:54', '2023-07-23 01:21:54'),
	('872a90d23fd5dd1dccad864c708eebb404f02ce9756c4e988b6bfa1944d4c554dd92289d2f49cfbc', 1, 1, 'authToken', '["admin"]', 0, '2022-08-08 09:32:58', '2022-08-08 09:32:58', '2023-08-08 09:32:58'),
	('8796f23d906b503e7df4ca6da26dc309af02e34898065cb3c2783cf16c0fa7284ae5b9021274355f', 1, 1, 'authToken', '["admin"]', 0, '2022-08-04 05:08:44', '2022-08-04 05:08:44', '2023-08-04 05:08:44'),
	('87cd14ff8f8e9432554c213d5fa3672d7d565253e13cef586eb70ea1dffc8df8ebcef2520f679c5b', 1, 1, 'authToken', '["admin"]', 0, '2022-09-04 07:42:10', '2022-09-04 07:42:10', '2023-09-04 07:42:10'),
	('8a2634d1c7d81e8ea1d8300da0bd9ed105c6e204a287eed38a9e61fa49fb41bd1ca0eb1369739cf4', 29, 1, 'authToken', '["admin"]', 0, '2022-09-17 17:19:24', '2022-09-17 17:19:24', '2023-09-17 17:19:24'),
	('8a55e9bc6908452bb7bb8055253b562fb77e6ca2c90955d101576a24910337b97b4f2bb48665f987', 1, 1, 'authToken', '["admin"]', 0, '2022-07-28 13:33:45', '2022-07-28 13:33:45', '2023-07-28 13:33:45'),
	('8ab8cc2f507da32418e8befefaabc59110307aa806795c08e5da7f78f05b3426fb8765cf3a0b7747', 9, 1, 'authToken', '["agent"]', 0, '2022-08-29 23:02:16', '2022-08-29 23:02:16', '2023-08-29 23:02:16'),
	('8c6ba38529a93881d712b674805ac83efdc2898a4b39cd9d3cbb04eaf982dc8768a1332163c941a0', 3, 1, 'authToken', '["agent"]', 0, '2022-06-05 04:20:01', '2022-06-05 04:20:01', '2023-06-05 04:20:01'),
	('8d44aff6bf15fa17cdc79206b608ba42766bbf56897269d2cb403401221c7568819a5cc2ee6205fc', 1, 1, 'authToken', '["admin"]', 0, '2022-06-05 10:37:07', '2022-06-05 10:37:07', '2023-06-05 10:37:07'),
	('8e9545187135e96bea6bca3874b8a783736f0c5858a39f0ef0d8a3d91191a0fb74939167d442311f', 25, 1, 'authToken', '["admin"]', 0, '2022-08-31 21:25:29', '2022-08-31 21:25:29', '2023-08-31 21:25:29'),
	('8ededd3f653fe90ce77a87de889580e19601e641d66193426b2ad9fe568626c9a697d19f793d6997', 1, 1, 'authToken', '["admin"]', 0, '2022-06-19 07:40:39', '2022-06-19 07:40:39', '2023-06-19 07:40:39'),
	('91cfdbd006b21f7ab4b5597638602eb834a76a5984d32e1b43c862ac6ca4d1da5c5a09855475ee6a', 3, 1, 'authToken', '["agent"]', 0, '2022-07-03 06:20:04', '2022-07-03 06:20:04', '2023-07-03 06:20:04'),
	('9288e9b38daca840572ea3e4294c1e7281a544ef158bdd20210880a82291040cb05abb811300c1c2', 1, 1, 'authToken', '["admin"]', 0, '2022-07-14 13:59:48', '2022-07-14 13:59:48', '2023-07-14 13:59:48'),
	('9408251bdba06c38c4b816c9f9922809887b14a402df1e414b5fb7f10bbd76a60e56f2cdfa5e3da8', 29, 1, 'authToken', '["admin"]', 0, '2022-08-29 22:29:08', '2022-08-29 22:29:08', '2023-08-29 22:29:08'),
	('9435c38aeaece1e5a4a9fe223f8a288b096e5715e9b28d5aa0584a759c2e5ddb01897ecdb74d188c', 3, 1, 'authToken', '["customer"]', 0, '2022-07-19 14:59:08', '2022-07-19 14:59:08', '2023-07-19 14:59:08'),
	('9470091ece5f2c87e050d0c1a9c98d16652c6bf2f1af954224743d9396bae0fda7bf255ee481725c', 1, 1, 'authToken', '["admin"]', 0, '2022-09-03 21:13:50', '2022-09-03 21:13:50', '2023-09-03 21:13:50'),
	('9480a094fe7ec417034b71f565b2a82381146f36f0b6fb539ed4c6ba98d04ac0c1ffe7a14d4cb7ce', 7, 1, 'authToken', '["agent"]', 0, '2022-08-31 20:06:10', '2022-08-31 20:06:10', '2023-08-31 20:06:10'),
	('951fb0b5dfb0519b2ae1050a4715ae107c3a097d922f45597e749b2bb7ad84fbcd622174d5d85a7c', 1, 1, 'authToken', '["admin"]', 0, '2022-07-29 01:53:48', '2022-07-29 01:53:48', '2023-07-29 01:53:48'),
	('954d599b028c9edc5c8eb978b2e98ca572ebcbceacaf384db8b6a8b63307c937ad9c448d5a775c51', 1, 1, 'authToken', '["admin"]', 0, '2022-07-03 07:18:07', '2022-07-03 07:18:07', '2023-07-03 07:18:07'),
	('972073e42220f8631725810f8118a93ba0bf3578c40055421814199eced65e41653c3b4512aa2247', 1, 1, 'authToken', '["admin"]', 0, '2022-08-12 13:34:09', '2022-08-12 13:34:09', '2023-08-12 13:34:09'),
	('978a2e445e118951e68c534d2b46d560bb82c1bb45dfd7ae4b72de7b841e2fc16f4e12bf0c980a96', 18, 1, 'authToken', '["admin"]', 0, '2022-07-23 08:39:45', '2022-07-23 08:39:45', '2023-07-23 08:39:45'),
	('97c62057fd73168c589bb0f4c281ff77f86d3673cf4223d065a505bf8e3d6f02b968a630f7247805', 6, 1, 'authToken', '["agent"]', 0, '2022-07-30 07:06:23', '2022-07-30 07:06:23', '2023-07-30 07:06:23'),
	('98792722419f33583033c91ee310e1c0d7bd0982803363021e13d5486623652fa0fe166c9a90ce22', 18, 1, 'authToken', '["admin"]', 0, '2022-07-23 09:02:05', '2022-07-23 09:02:05', '2023-07-23 09:02:05'),
	('9883b1bf1dbede3743bc1a12f75165417dff2108f88ba1009c0bfe9f73a484f8fdd23ecb9818416c', 1, 1, 'authToken', '["admin"]', 0, '2022-07-28 13:38:08', '2022-07-28 13:38:08', '2023-07-28 13:38:08'),
	('99794f26de5c422e4d70b5e27d3df8bca3d3f36634059bb38b3dd24a8d22a4eba7e18b343a56804e', 23, 1, 'authToken', '["admin"]', 0, '2022-07-25 05:36:48', '2022-07-25 05:36:48', '2023-07-25 05:36:48'),
	('998bbe14a252c1a87dd6e6d14040cba00112d04924b470e09c39afbdba9ed5e36b361f6ef8654c28', 9, 1, 'authToken', '["agent"]', 0, '2022-08-29 23:44:39', '2022-08-29 23:44:39', '2023-08-29 23:44:39'),
	('9c63174ae8001ef4a48f01ae19422b80e9bc61d7d9d6760b9adccb81953549033988e16d8f1fd363', 7, 1, 'authToken', '["agent"]', 0, '2022-08-09 03:17:11', '2022-08-09 03:17:11', '2023-08-09 03:17:11'),
	('9ca31f28a7f11fde1c2182c82f3c357c534d7e9c04a2f2c6091fb070174693bec49039201a4aeebe', 18, 1, 'authToken', '["admin"]', 0, '2022-07-23 14:46:35', '2022-07-23 14:46:35', '2023-07-23 14:46:35'),
	('9db487a7f278e0f65d50fa26f1f87152350911495cc629eeae94944de108539587fd513a191622fd', 1, 1, 'authToken', '["admin"]', 0, '2022-08-12 13:28:58', '2022-08-12 13:28:58', '2023-08-12 13:28:58'),
	('9dc2639b8e53fce54c6f21354aca3a145ac9e69fb7d8bdc744df8802581e66d55911e857f31b71ce', 25, 1, 'authToken', '["admin"]', 0, '2022-07-28 13:32:38', '2022-07-28 13:32:38', '2023-07-28 13:32:38'),
	('9dcedb4a91d61b9704092c3eeaf7fa8742ba53f40a4028cbfd68c0c6725e330214b3d8def4b10cea', 3, 1, 'authToken', '["agent"]', 0, '2022-06-29 03:52:22', '2022-06-29 03:52:22', '2023-06-29 03:52:22'),
	('9e7d8d0829903c702c79f2e0696e96570180b14d8e0c04547f59eeb160c6a90cd95d488ace881198', 3, 1, 'authToken', '["customer"]', 0, '2022-05-19 11:34:19', '2022-05-19 11:34:19', '2023-05-19 11:34:19'),
	('9fd2273deb19e67025f7eea4c13f3e480a2ebb9c5a76f4b7ae2157216d05716995f1734400b7c9f7', 1, 1, 'authToken', '["admin"]', 0, '2022-08-04 03:09:53', '2022-08-04 03:09:53', '2023-08-04 03:09:53'),
	('a01a4281439a45c27d1fabd51cbfa171f7230a3a9068837dfe78200edf73c199083458f04e2f3e50', 1, 1, 'authToken', '["admin"]', 0, '2022-06-05 06:39:44', '2022-06-05 06:39:44', '2023-06-05 06:39:44'),
	('a2599a36c15349e8abe383439a268bc0ca96963b83efa1498b6e148bf0c099b4a8c8668e0af6cc24', 1, 1, 'authToken', '["admin"]', 0, '2022-07-05 01:26:44', '2022-07-05 01:26:44', '2023-07-05 01:26:44'),
	('a45001560000f5fe056fdb01d8757b8c628315fe8e36478944054e4e56702080f29b9336903b4f36', 1, 1, 'authToken', '["admin"]', 0, '2022-08-23 09:15:19', '2022-08-23 09:15:19', '2023-08-23 09:15:19'),
	('a658b41ff5b0d7f376b2044a29b378ba24fcad581d375ef3ebc9b1b0aef7d135986aa7dbb3ff9dd1', 1, 1, 'authToken', '["admin"]', 0, '2022-06-08 01:05:19', '2022-06-08 01:05:19', '2023-06-08 01:05:19'),
	('a73e8274c160be4e10d2b4d0001378070e95f614530bae05e6c70be3b966665f9e675f5559967e9d', 25, 1, 'authToken', '["admin"]', 0, '2022-05-19 11:30:21', '2022-05-19 11:30:21', '2023-05-19 11:30:21'),
	('a877cfd59f7d36b39e890b7e1712f76e80aa940c5be0e7aebcadf529af3332ac9ee144065c8147ea', 1, 1, 'authToken', '["admin"]', 0, '2022-09-15 15:20:55', '2022-09-15 15:20:55', '2023-09-15 15:20:55'),
	('a8a67d65dedb450f56be66e0e27acff48ea5c22b3c65d0685b5b4513935e6f48f9a93ee52412c6f6', 1, 1, 'authToken', '["admin"]', 0, '2022-09-30 04:15:57', '2022-09-30 04:15:57', '2023-09-30 04:15:57'),
	('aa71ee4fbb71efc7aa8c6407ccd6c6d31fe963b65335b54889a4e6d41f05aa0597e54251d269ba87', 6, 1, 'authToken', '["agent"]', 0, '2022-07-15 02:33:46', '2022-07-15 02:33:46', '2023-07-15 02:33:46'),
	('ab2bb94ff50f687bf92d9c221744a3f63fb0238a12bb0ad52d9d94686d95a4f45287e2fd299bb3fa', 1, 1, 'authToken', '["admin"]', 0, '2022-07-18 05:44:59', '2022-07-18 05:44:59', '2023-07-18 05:44:59'),
	('ab4a5e771c3e49ae71ddb2fa314230579b3198180f13eb04498a074769d4a3d80eae342a447b275d', 1, 1, 'authToken', '["admin"]', 0, '2022-08-12 15:55:28', '2022-08-12 15:55:28', '2023-08-12 15:55:28'),
	('abb6b9df75044d613e5fb40523b88e50ed2c97c3b3abc0787539a27fb980bd904c014fda3da99eda', 1, 1, 'authToken', '["admin"]', 0, '2022-08-09 02:51:01', '2022-08-09 02:51:01', '2023-08-09 02:51:01'),
	('ae7b872729efee83c72e86794db2de0f9fee63a4e64ed5c76aca826c2be01b8310808381f0c5b8a7', 1, 1, 'authToken', '["admin"]', 0, '2022-08-12 21:27:02', '2022-08-12 21:27:02', '2023-08-12 21:27:02'),
	('af7ded4f666f9d29865f02668ff198b2d3a74ccb0e2fddce413eff7117262dabc938d58466de3d71', 18, 1, 'authToken', '["admin"]', 0, '2022-07-23 09:00:38', '2022-07-23 09:00:38', '2023-07-23 09:00:38'),
	('afb2a9ada9d96b3435cf1e8370082a3b00e58964f0fe723fc043959e6737fd399e9600b5caccc127', 29, 1, 'authToken', '["admin"]', 0, '2022-08-12 14:03:09', '2022-08-12 14:03:09', '2023-08-12 14:03:09'),
	('afeaec08ec933e13525b3f2fbccde436ae8a595e63e89a5b75e5f2506243e5bc213fd28c47abae64', 18, 1, 'authToken', '["admin"]', 0, '2022-07-23 11:30:04', '2022-07-23 11:30:04', '2023-07-23 11:30:04'),
	('b0e548c77a3d876671aeeaba80007ad1c71e6baf7141c307d716d7cba65fa46e05e6eb6620d73184', 1, 1, 'authToken', '["admin"]', 0, '2022-07-18 00:41:58', '2022-07-18 00:41:58', '2023-07-18 00:41:58'),
	('b153cc41e4fb27e6aa59f3b58c81e719c8a1b443c6363114af3c2b6d4357ccd4c5f7e0ffde62a5fc', 3, 1, 'authToken', '["customer"]', 0, '2022-08-30 11:01:00', '2022-08-30 11:01:00', '2023-08-30 11:01:00'),
	('b16f565bb1aa397c53497381605400074718f9eb3cd8c47ccafc39d7c48662d1e639711e4400093f', 29, 1, 'authToken', '["admin"]', 0, '2022-09-17 17:08:08', '2022-09-17 17:08:08', '2023-09-17 17:08:08'),
	('b1c48fd63d0654e11b865422bf5b8233fb689753a0d66b9545e6b057dec80294091a52e39a6c279b', 1, 1, 'authToken', '["admin"]', 0, '2022-08-16 08:40:55', '2022-08-16 08:40:55', '2023-08-16 08:40:55'),
	('b22ed5e7165c4874aed1a1044565f8484f1c472d003578c03e4153b69fde117cfb7f4c7c5b480a1e', 3, 1, 'authToken', '["customer"]', 0, '2022-06-09 13:16:37', '2022-06-09 13:16:37', '2023-06-09 13:16:37'),
	('b2b4b264e89ecfb800f53d5e4530e0190fe0cafef292791d68e8a865c92fea42bbfaef1144d09cde', 1, 1, 'authToken', '["admin"]', 0, '2022-08-29 19:32:55', '2022-08-29 19:32:55', '2023-08-29 19:32:55'),
	('b2d44529241a58b1ae0d101de79e705a56c12c12435335438470c9bbf5f82498bf844304e365a3ad', 1, 1, 'authToken', '["admin"]', 0, '2022-09-28 19:40:27', '2022-09-28 19:40:27', '2023-09-28 19:40:27'),
	('b2da998e45d0cb8455a5560455b8583ec4df994e6d3910a131ce78acb27dee16f1527c6eb712cf73', 1, 1, 'authToken', '["admin"]', 0, '2022-06-18 15:01:05', '2022-06-18 15:01:05', '2023-06-18 15:01:05'),
	('b493fa73ad49ee4d9d1451ef3fb4ae29e94bd6bb05273a69e53def3543737a29cbf4b84e0fc6eee1', 29, 1, 'authToken', '["admin"]', 0, '2022-08-31 06:26:51', '2022-08-31 06:26:51', '2023-08-31 06:26:51'),
	('b49534d77c85be2d312511393fbb1d86a6d77be838a530a3ae5418cd56d907ad481a82e126bd6581', 3, 1, 'authToken', '["customer"]', 0, '2022-05-19 11:32:24', '2022-05-19 11:32:24', '2023-05-19 11:32:24'),
	('b5af9de4c2b7faa2d2ec826364def800ba951f45e80bc48bff2f76762cca7477fbccfb08f62e4943', 3, 1, 'authToken', '["agent"]', 0, '2022-07-01 15:36:20', '2022-07-01 15:36:20', '2023-07-01 15:36:20'),
	('b660db557d63af52f784ae5ffc5f7bc7408eb99086fe8b7cb37d5c26da76943a2816758ec197f0cc', 4, 1, 'authToken', '["agent"]', 0, '2022-07-19 14:03:42', '2022-07-19 14:03:42', '2023-07-19 14:03:42'),
	('b7523731d12596d5bcccdbe2c6678ba743c30b2fa2cdb2fca785cc638d1659b02ec5ce3159c39cf8', 1, 1, 'authToken', '["admin"]', 0, '2022-09-15 09:17:33', '2022-09-15 09:17:33', '2023-09-15 09:17:33'),
	('b8fafc0c402a0553a42826bafc2693db7c3ccc5bfc94f410264c0d6b3b249bf031442fd83aabdc46', 1, 1, 'authToken', '["admin"]', 0, '2022-09-15 12:31:24', '2022-09-15 12:31:24', '2023-09-15 12:31:24'),
	('bb5fd36ee9e691ebd71235fcd8d833546ecc2231da823fbeee3192f3253175d07f86d22e78126e5c', 1, 1, 'authToken', '["admin"]', 0, '2022-05-19 11:28:37', '2022-05-19 11:28:37', '2023-05-19 11:28:37'),
	('be6cf2384aa263bf788ba21777756e3ecc653ff38af085730d237709513f0093bc2e59db218bd600', 1, 1, 'authToken', '["admin"]', 0, '2022-09-23 10:57:36', '2022-09-23 10:57:36', '2023-09-23 10:57:36'),
	('bf471bd1f913cc468ac37e6710a30e69d7db044563facfc2564f011ae3c0126dd5a5d4f377b91a12', 12, 1, 'authToken', '["admin"]', 0, '2022-07-25 08:41:22', '2022-07-25 08:41:22', '2023-07-25 08:41:22'),
	('c02adddc7f786209d05649cf3c7a1a93553c300454f2a8830b9c8b3d28e8eab7d833957b33cfe7d9', 1, 1, 'authToken', '["admin"]', 0, '2022-08-10 10:19:28', '2022-08-10 10:19:28', '2023-08-10 10:19:28'),
	('c2188b3e4e79215fff7cc92231f33ee02fd584401b980a6ec3d08929b729df17987001a5234e11d2', 1, 1, 'authToken', '["admin"]', 0, '2022-06-07 11:48:53', '2022-06-07 11:48:53', '2023-06-07 11:48:53'),
	('c2383725e905bd53a4fd735eb3cea27df8298e2cd487338f02635ba01d3da85d8a7decacd3365eae', 9, 1, 'authToken', '["agent"]', 0, '2022-08-30 10:50:01', '2022-08-30 10:50:01', '2023-08-30 10:50:01'),
	('c291b6d4f60dea301a59d7e7b29ed49b3ee01621ee7007d6a93633d8b2eb6664f69acfb82bf29dfb', 1, 1, 'authToken', '["admin"]', 0, '2022-09-04 19:57:00', '2022-09-04 19:57:00', '2023-09-04 19:57:00'),
	('c3529d479b79eec51ef1774a365cae859528b3d841d6f2d9c65ede446cd1efdce77435257f1d1cbd', 29, 1, 'authToken', '["admin"]', 0, '2022-09-18 14:24:32', '2022-09-18 14:24:32', '2023-09-18 14:24:32'),
	('c44c4f643867ede0a8daa173538f8bdd978c5d37d06f9a047e58ff631ee117cd4d9e4caeffabf2c6', 1, 1, 'authToken', '["admin"]', 0, '2022-08-30 19:28:43', '2022-08-30 19:28:43', '2023-08-30 19:28:43'),
	('c46a8acd4d1ce44066045de8247dd0141b0035349688c027a655099fba091082dcb53ee282f0314e', 1, 1, 'authToken', '["admin"]', 0, '2022-07-30 00:14:23', '2022-07-30 00:14:23', '2023-07-30 00:14:23'),
	('c743168ba6523e24feae0f23a9dc38fab87f18f65607424f7a50b5e498ea7d979bcb77de395446c6', 25, 1, 'authToken', '["admin"]', 0, '2022-07-29 03:31:55', '2022-07-29 03:31:55', '2023-07-29 03:31:55'),
	('c90208786326fa7a271c5d74ada880c0d4e90eeabb31c881415511bbf4f466499c7c79ac95c2ff1d', 1, 1, 'authToken', '["admin"]', 0, '2022-07-23 12:54:38', '2022-07-23 12:54:38', '2023-07-23 12:54:38'),
	('cd08fa804ed7103f1985fcba6322868b11390d4e0dbffe475816073f755642e61d3d912d4bbe5fff', 1, 1, 'authToken', '["admin"]', 0, '2022-07-22 11:21:09', '2022-07-22 11:21:09', '2023-07-22 11:21:09'),
	('ce48974d2ea65765a1b797708534a087c094b6c55db7d4ab2332cccdbd5249077c6bace1efc56b11', 18, 1, 'authToken', '["admin"]', 0, '2022-07-23 08:42:06', '2022-07-23 08:42:06', '2023-07-23 08:42:06'),
	('ce7793d0f93b5a21eecb8aea86034dceed15a2b8b06ccd94365489134cf6731f188c955c758c39d8', 1, 1, 'authToken', '["admin"]', 0, '2022-07-27 13:34:34', '2022-07-27 13:34:34', '2023-07-27 13:34:34'),
	('cefe62e2e04a7438a4630542a6209e8d10cc20984b0632ef495feaee27ef70ec7bf3d6f41ecc2ae6', 29, 1, 'authToken', '["admin"]', 0, '2022-08-17 10:31:15', '2022-08-17 10:31:15', '2023-08-17 10:31:15'),
	('cfa46596b8f36ec2eaeed5d1ff23f2fa8f0b3b016cdafeb5f4711165aa0c09d15515cd2279bbd72c', 1, 1, 'authToken', '["admin"]', 0, '2022-08-31 14:07:43', '2022-08-31 14:07:43', '2023-08-31 14:07:43'),
	('d01c33016a85f2845bc12e5c37accd563062d6b37048d260611e4c0f1e4413bd84b132636adeede0', 23, 1, 'authToken', '["admin"]', 0, '2022-07-25 05:34:50', '2022-07-25 05:34:50', '2023-07-25 05:34:50'),
	('d12c0e8f8ecfd9f1ce9548297e5bd0ceb23f9d17be5a85322fd65310b271ff7075bbb491b5ebef24', 3, 1, 'authToken', '["agent"]', 0, '2022-05-19 11:32:55', '2022-05-19 11:32:55', '2023-05-19 11:32:55'),
	('d2c1313dd3d7805b333729d23552c35fbfb6eb4ae804d97a6b7e47e77771b3f12bad10b4c2905440', 1, 1, 'authToken', '["admin"]', 0, '2022-07-23 08:36:46', '2022-07-23 08:36:46', '2023-07-23 08:36:46'),
	('d2f4111fde6e2b00ca3321a53a6ab89e2dcfe61624429f6aea156641974ad41556564cfcfcc5512b', 1, 1, 'authToken', '["admin"]', 0, '2022-08-11 08:03:01', '2022-08-11 08:03:01', '2023-08-11 08:03:01'),
	('d37726036bdda54fe455247564f945b3fe5fada1c5c4cff4256bb5dc08884f8ee42261a0eb02220d', 1, 1, 'authToken', '["admin"]', 0, '2022-09-16 12:10:33', '2022-09-16 12:10:33', '2023-09-16 12:10:33'),
	('d4af5b04ef4197ba8d61202b649919986993fa448f1109d2f97075b36d8d69eb836180cefb842e84', 1, 1, 'authToken', '["admin"]', 0, '2022-05-19 11:22:51', '2022-05-19 11:22:51', '2023-05-19 11:22:51'),
	('d4e729c24e5c06cc94500a44fb32c9869a6e6f058b25406928515f5c5d1a1aee6f748fe11f580260', 1, 1, 'authToken', '["admin"]', 0, '2022-07-13 02:25:26', '2022-07-13 02:25:26', '2023-07-13 02:25:26'),
	('d5ce5b90f6096fcddcc0627bd8235d70e61d1326513ed5f68f1c2a38077cf8be87503579424b1e1b', 29, 1, 'authToken', '["admin"]', 0, '2022-09-17 17:05:49', '2022-09-17 17:05:49', '2023-09-17 17:05:49'),
	('d65cb268a0a3c07280d8bc634eb6de5046b01537ef6709725b252f6ec6afc247574c04994cce659d', 1, 1, 'authToken', '["admin"]', 0, '2022-07-28 05:19:16', '2022-07-28 05:19:16', '2023-07-28 05:19:16'),
	('d9c1eb34a52bc3d859e4ae26513c9ffb45b684d4b33ce860afc090c3466a7d958cc15efe519badc6', 1, 1, 'authToken', '["admin"]', 0, '2022-06-09 05:34:42', '2022-06-09 05:34:42', '2023-06-09 05:34:42'),
	('dd0fe9220b181c5e1ba14ff846a6c36aea103a3f67ef23b92e30670ebd138809dac9488d787f0d0f', 1, 1, 'authToken', '["admin"]', 0, '2022-07-23 08:31:09', '2022-07-23 08:31:09', '2023-07-23 08:31:09'),
	('dd5a15ba43ff778c7fdd8b121f653776dd35f17243fe9ef65ac817a240c6dcb46cc206c6403e84d1', 3, 1, 'authToken', '["customer"]', 0, '2022-07-30 13:02:46', '2022-07-30 13:02:46', '2023-07-30 13:02:46'),
	('df1a5c94713c65f690ca2a8434deccda5d337893214043c3f58ab6142c67b812541d8eb0d33f2132', 1, 1, 'authToken', '["admin"]', 0, '2022-08-08 13:39:00', '2022-08-08 13:39:00', '2023-08-08 13:39:00'),
	('e17e7ca043a54e5e255e006b83a8281324f0f9db0752bcda096454d93a94bb2cf86fdf57a9510ebc', 8, 1, 'authToken', '["agent"]', 0, '2022-09-04 21:23:02', '2022-09-04 21:23:02', '2023-09-04 21:23:02'),
	('e2a608946e3f14b6f96988f26b4c71b78a8a786533a4796072f2307f54c0bfe5cddbb5c93119f8d0', 1, 1, 'authToken', '["admin"]', 0, '2022-08-29 22:41:23', '2022-08-29 22:41:23', '2023-08-29 22:41:23'),
	('e2ca24732e0a6a12b4d693e03b1385fc54e80ee1f58d608bb7dab69645803c1456ffa228d73743e2', 5, 1, 'authToken', '["customer"]', 0, '2022-07-15 02:32:09', '2022-07-15 02:32:09', '2023-07-15 02:32:09'),
	('e4852c37324a9ce611a0cb6839335924112799e335bde722a9bdbf22bd3e3ff433f9e0eb11fc00cf', 1, 1, 'authToken', '["admin"]', 0, '2022-07-04 13:05:52', '2022-07-04 13:05:52', '2023-07-04 13:05:52'),
	('e4d338f480d18f937a19e84231b418118f68824e0385c5535e71e9fc63e64f62c02ac0e6988b3aee', 29, 1, 'authToken', '["admin"]', 0, '2022-08-17 10:54:10', '2022-08-17 10:54:10', '2023-08-17 10:54:10'),
	('e5a88509de5a9229fe66c4451ba520ef0258871b99f355e325a941f30e4f80c77abfe9a3b7fe9c74', 3, 1, 'authToken', '["customer"]', 0, '2022-08-07 07:04:32', '2022-08-07 07:04:32', '2023-08-07 07:04:32'),
	('e5ab54b46f128782fc19f2ce512d4e40330966f9d8ea14202df2cb6ba858d92a420776a4600fe213', 8, 1, 'authToken', '["agent"]', 0, '2022-08-29 22:48:44', '2022-08-29 22:48:44', '2023-08-29 22:48:44'),
	('e5b21dba51906076e2c226d0985ca6fe56332bc65be08a49170a66e384c40f3f5a3666ea2425d911', 18, 1, 'authToken', '["admin"]', 0, '2022-07-23 08:58:09', '2022-07-23 08:58:09', '2023-07-23 08:58:09'),
	('e615f8a14bf914b45294dd5369e2f976e19a75c2e0627957cb523db39158714c5b2f3e2df3907381', 1, 1, 'authToken', '["admin"]', 0, '2022-07-13 14:09:50', '2022-07-13 14:09:50', '2023-07-13 14:09:50'),
	('e6ce165b739371fe7507c3bd5e8e084da58bd701157b1480f10040ac5384290dd077b7f50cbecf3c', 29, 1, 'authToken', '["admin"]', 0, '2022-08-31 10:51:40', '2022-08-31 10:51:40', '2023-08-31 10:51:40'),
	('e76e2f130a627ace10e92df858d131eab8619780c2b61e22d8e50abde4ef818550166e4f6a31b8b5', 1, 1, 'authToken', '["admin"]', 0, '2022-07-25 14:40:19', '2022-07-25 14:40:19', '2023-07-25 14:40:19'),
	('e9278d481b9b69373f80cf1191ce70d29fc1e690a9911e6e2e7f47d2aaa609858d45e1b4358a1f3b', 1, 1, 'authToken', '["admin"]', 0, '2022-07-21 12:07:21', '2022-07-21 12:07:21', '2023-07-21 12:07:21'),
	('e93991d8047540b165b16f1158d63000e728e8e19d135b694f777978f7036d581834b0457b3ea16f', 1, 1, 'authToken', '["admin"]', 0, '2022-07-21 14:38:05', '2022-07-21 14:38:05', '2023-07-21 14:38:05'),
	('ea983c6109b64f4061205ef892f583f2376ea96903b2b2a261d97673891d9a9263ce8bfa70caad37', 1, 1, 'authToken', '["admin"]', 0, '2022-09-17 17:14:33', '2022-09-17 17:14:33', '2023-09-17 17:14:33'),
	('eb177db87244b17a202587e165f4ec06c9e9ade2f0e23134fbd632c380d38d33f5bd33707661c9c0', 3, 1, 'authToken', '["customer"]', 0, '2022-07-03 07:01:11', '2022-07-03 07:01:11', '2023-07-03 07:01:11'),
	('ecff85c5c1e7c80801b141e58fcec0382d0cdc2e2348f10f5ea14cfa0421fe994d0d572073473685', 17, 1, 'authToken', '["admin"]', 0, '2022-07-27 09:20:56', '2022-07-27 09:20:56', '2023-07-27 09:20:56'),
	('ed251ef48dec3bc5fcf9394402394b78c0f5a2f56fd83582d5998a247c1a90bcdd79438afec00e1f', 29, 1, 'authToken', '["admin"]', 0, '2022-08-12 13:28:39', '2022-08-12 13:28:39', '2023-08-12 13:28:39'),
	('eddd607d05f9162d2ff06f4418354233988a82cf113c577a2dff4e23fd4b23aa529ac20d83bbdf1a', 1, 1, 'authToken', '["admin"]', 0, '2022-08-07 13:26:04', '2022-08-07 13:26:04', '2023-08-07 13:26:04'),
	('ee93ac04bdbc209abe8af6165f30d409db7287f0e0e4ea9e15e56cc73913768cf2fa3fc39a927182', 1, 1, 'authToken', '["admin"]', 0, '2022-06-20 14:45:23', '2022-06-20 14:45:23', '2023-06-20 14:45:23'),
	('ee9aea910c25b5918f0bd1a6abfcbf4b57fdd7fc3aaa81e4094fd94afefc6173ce820e3a41721afb', 1, 1, 'authToken', '["admin"]', 0, '2022-08-09 17:21:00', '2022-08-09 17:21:00', '2023-08-09 17:21:00'),
	('efd0181cb077b0c6fc6a06991de5831fd988aa24a6ad1aae7fa784f89797def3fa020c554ec4c2ae', 1, 1, 'authToken', '["admin"]', 0, '2022-06-06 01:22:32', '2022-06-06 01:22:32', '2023-06-06 01:22:32'),
	('efe8716619a8be9ea26e68ed81d125b510a489febfcd586227d2e8b377e159dab25505a2f5899bd7', 1, 1, 'authToken', '["admin"]', 0, '2022-07-29 05:17:16', '2022-07-29 05:17:16', '2023-07-29 05:17:16'),
	('f0112e287bd296fc3a512e34646d34006a4af674b4e0370ceefd755a4e8e2cc7d3b1bfca85d5f781', 1, 1, 'authToken', '["admin"]', 0, '2022-08-12 10:08:52', '2022-08-12 10:08:52', '2023-08-12 10:08:52'),
	('f23b86414fb391adb396fb4d576af4995672bcc21caa15e0d5f55262cc0ab4bf1e68d9ebd536973a', 3, 1, 'authToken', '["customer"]', 0, '2022-06-05 03:25:02', '2022-06-05 03:25:02', '2023-06-05 03:25:02'),
	('f3f80967a497a6ac47c8531058e901f7b8db97cda1d1c2c982d7767f45ec8107e5a24d03bbd84546', 3, 1, 'authToken', '["customer"]', 0, '2022-08-06 06:49:12', '2022-08-06 06:49:12', '2023-08-06 06:49:12'),
	('f4706faf8a442919507f179d2135692416ba4b611e4428b62e7bbc4b1fa02d3a5e483662da9be21d', 1, 1, 'authToken', '["admin"]', 0, '2022-08-06 06:23:45', '2022-08-06 06:23:45', '2023-08-06 06:23:45'),
	('f66ea40c285e5708b5eec745b67eb2225c0b8b5a2b5c3b143b6c9d35819cab274e20549c3b675392', 6, 1, 'authToken', '["agent"]', 0, '2022-07-15 22:47:19', '2022-07-15 22:47:19', '2023-07-15 22:47:19'),
	('f86e6fd21ceeedf2a6a6f531a33c4c52fe99ef1207e9ad2c33934f22ca4f97618b8122185aa38f7d', 18, 1, 'authToken', '["admin"]', 0, '2022-07-24 11:30:05', '2022-07-24 11:30:05', '2023-07-24 11:30:05'),
	('f891adf0573fb6f92dc625740ed20b03d605e672d0e0754dc992b55b914fbb1c61eec4bb2f8850cd', 1, 1, 'authToken', '["admin"]', 0, '2022-09-17 17:09:11', '2022-09-17 17:09:11', '2023-09-17 17:09:11'),
	('fa13b9a50d60b899e9da5102104fea5ecca14a00b37fcd45ef23e4abdd8c0aff725eb8ae61b0b1f2', 1, 1, 'authToken', '["admin"]', 0, '2022-07-02 07:45:38', '2022-07-02 07:45:38', '2023-07-02 07:45:38'),
	('fa4dea6a168a56dd67eb86c42210964012bf16ff86e0beff09e01f3c4e4e3fded996de8dd75b7296', 29, 1, 'authToken', '["admin"]', 0, '2022-09-17 17:03:42', '2022-09-17 17:03:42', '2023-09-17 17:03:42'),
	('fa51d76c1d00ec2eb7cebed8a652ea0c98a4fa8bccd8579de1097ee0077afb03d1417e6b75c9a7c7', 3, 1, 'authToken', '["customer"]', 0, '2022-08-04 10:51:27', '2022-08-04 10:51:27', '2023-08-04 10:51:27'),
	('fefb4563fdd41ad7d481fddfc89f58c74997b3154bf508b5971d0b45b24e9a7d94a94753ac612a07', 3, 1, 'authToken', '["agent"]', 0, '2022-07-02 08:23:46', '2022-07-02 08:23:46', '2023-07-02 08:23:46'),
	('ffcdba789a7820cdd9c729a631514e12df183c2c8d1d73493de3a7a9ac48e07005dbd26c3f0194fb', 10, 1, 'authToken', '["agent"]', 0, '2022-08-29 23:47:19', '2022-08-29 23:47:19', '2023-08-29 23:47:19');
/*!40000 ALTER TABLE `oauth_access_tokens` ENABLE KEYS */;


-- Dumping structure for table lke.oauth_auth_codes
CREATE TABLE IF NOT EXISTS `oauth_auth_codes` (
  `id` varchar(100) COLLATE utf8mb4_unicode_ci NOT NULL,
  `user_id` bigint(20) unsigned NOT NULL,
  `client_id` bigint(20) unsigned NOT NULL,
  `scopes` text COLLATE utf8mb4_unicode_ci DEFAULT NULL,
  `revoked` tinyint(1) NOT NULL,
  `expires_at` datetime DEFAULT NULL,
  PRIMARY KEY (`id`),
  KEY `oauth_auth_codes_user_id_index` (`user_id`)
) ENGINE=InnoDB DEFAULT CHARSET=utf8mb4 COLLATE=utf8mb4_unicode_ci;

-- Dumping data for table lke.oauth_auth_codes: ~0 rows (approximately)
/*!40000 ALTER TABLE `oauth_auth_codes` DISABLE KEYS */;
/*!40000 ALTER TABLE `oauth_auth_codes` ENABLE KEYS */;


-- Dumping structure for table lke.oauth_clients
CREATE TABLE IF NOT EXISTS `oauth_clients` (
  `id` bigint(20) unsigned NOT NULL AUTO_INCREMENT,
  `user_id` bigint(20) unsigned DEFAULT NULL,
  `name` varchar(191) COLLATE utf8mb4_unicode_ci NOT NULL,
  `secret` varchar(100) COLLATE utf8mb4_unicode_ci DEFAULT NULL,
  `provider` varchar(191) COLLATE utf8mb4_unicode_ci DEFAULT NULL,
  `redirect` text COLLATE utf8mb4_unicode_ci NOT NULL,
  `personal_access_client` tinyint(1) NOT NULL,
  `password_client` tinyint(1) NOT NULL,
  `revoked` tinyint(1) NOT NULL,
  `created_at` timestamp NULL DEFAULT NULL,
  `updated_at` timestamp NULL DEFAULT NULL,
  PRIMARY KEY (`id`),
  KEY `oauth_clients_user_id_index` (`user_id`)
) ENGINE=InnoDB AUTO_INCREMENT=4 DEFAULT CHARSET=utf8mb4 COLLATE=utf8mb4_unicode_ci;

-- Dumping data for table lke.oauth_clients: ~2 rows (approximately)
/*!40000 ALTER TABLE `oauth_clients` DISABLE KEYS */;
INSERT INTO `oauth_clients` (`id`, `user_id`, `name`, `secret`, `provider`, `redirect`, `personal_access_client`, `password_client`, `revoked`, `created_at`, `updated_at`) VALUES
	(1, NULL, 'Laravel Personal Access Client', 'P5vhPKNpgP5ERwMppkO1dNZ5hvB4wcMmLx6F1YNL', NULL, 'http://localhost', 1, 0, 0, '2021-11-01 05:55:23', '2021-11-01 05:55:23'),
	(2, NULL, 'Laravel Password Grant Client', 'tBLjF7pS1TGRJvZvxTcBUJJferxHSi91nipmpSAA', 'users', 'http://localhost', 0, 1, 0, '2021-11-01 05:55:23', '2021-11-01 05:55:23');
/*!40000 ALTER TABLE `oauth_clients` ENABLE KEYS */;


-- Dumping structure for table lke.oauth_personal_access_clients
CREATE TABLE IF NOT EXISTS `oauth_personal_access_clients` (
  `id` bigint(20) unsigned NOT NULL AUTO_INCREMENT,
  `client_id` bigint(20) unsigned NOT NULL,
  `created_at` timestamp NULL DEFAULT NULL,
  `updated_at` timestamp NULL DEFAULT NULL,
  PRIMARY KEY (`id`)
) ENGINE=InnoDB AUTO_INCREMENT=2 DEFAULT CHARSET=utf8mb4 COLLATE=utf8mb4_unicode_ci;

-- Dumping data for table lke.oauth_personal_access_clients: ~0 rows (approximately)
/*!40000 ALTER TABLE `oauth_personal_access_clients` DISABLE KEYS */;
INSERT INTO `oauth_personal_access_clients` (`id`, `client_id`, `created_at`, `updated_at`) VALUES
	(1, 1, '2021-11-01 05:55:23', '2021-11-01 05:55:23');
/*!40000 ALTER TABLE `oauth_personal_access_clients` ENABLE KEYS */;


-- Dumping structure for table lke.oauth_refresh_tokens
CREATE TABLE IF NOT EXISTS `oauth_refresh_tokens` (
  `id` varchar(100) COLLATE utf8mb4_unicode_ci NOT NULL,
  `access_token_id` varchar(100) COLLATE utf8mb4_unicode_ci NOT NULL,
  `revoked` tinyint(1) NOT NULL,
  `expires_at` datetime DEFAULT NULL,
  PRIMARY KEY (`id`),
  KEY `oauth_refresh_tokens_access_token_id_index` (`access_token_id`)
) ENGINE=InnoDB DEFAULT CHARSET=utf8mb4 COLLATE=utf8mb4_unicode_ci;

-- Dumping data for table lke.oauth_refresh_tokens: ~0 rows (approximately)
/*!40000 ALTER TABLE `oauth_refresh_tokens` DISABLE KEYS */;
/*!40000 ALTER TABLE `oauth_refresh_tokens` ENABLE KEYS */;


-- Dumping structure for table lke.orders
CREATE TABLE IF NOT EXISTS `orders` (
  `id` bigint(20) NOT NULL AUTO_INCREMENT,
  `branch_id` bigint(20) DEFAULT NULL,
  `agent_id` bigint(20) DEFAULT NULL,
  `pickup_date` date DEFAULT NULL,
  `order_number` varchar(50) NOT NULL,
  `awb_no` varchar(11) NOT NULL,
  `customer_id` bigint(20) NOT NULL,
  `customer_branch_id` bigint(20) NOT NULL,
  `customer_master_price_id` bigint(20) DEFAULT NULL,
  `trucking_price_id` bigint(20) DEFAULT NULL,
  `service_id` bigint(20) DEFAULT NULL,
  `service_group_id` bigint(20) DEFAULT NULL,
  `truck_type_id` bigint(20) DEFAULT NULL,
  `origin` bigint(20) NOT NULL,
  `destination` bigint(20) NOT NULL,
  `total_colly` double DEFAULT NULL,
  `total_kg` decimal(10,2) DEFAULT NULL,
  `total_kg_agent` decimal(10,2) DEFAULT NULL,
  `contains` varchar(255) DEFAULT NULL,
  `description` varchar(255) DEFAULT NULL,
  `delivered_date` datetime DEFAULT NULL,
  `last_status` varchar(50) NOT NULL,
  `last_status_acc` varchar(50) DEFAULT NULL,
  `payment_type` varchar(50) DEFAULT NULL,
  `user_id` bigint(20) NOT NULL,
  `created_at` timestamp NULL DEFAULT NULL,
  `updated_at` timestamp NULL DEFAULT NULL,
  PRIMARY KEY (`id`),
  UNIQUE KEY `order_number` (`order_number`),
  UNIQUE KEY `awb_no` (`awb_no`),
  KEY `FK_orders_customers` (`customer_id`),
  KEY `FK_orders_customer_branchs` (`customer_branch_id`),
  KEY `FK_orders_customer_master_prices` (`customer_master_price_id`),
  KEY `FK_orders_service_groups` (`service_group_id`),
  KEY `FK_orders_origin_cities` (`origin`),
  KEY `FK_orders_destination_cities` (`destination`),
  KEY `FK_orders_trucking_prices` (`trucking_price_id`),
  CONSTRAINT `FK_orders_customer_branchs` FOREIGN KEY (`customer_branch_id`) REFERENCES `customer_branchs` (`id`),
  CONSTRAINT `FK_orders_customer_master_prices` FOREIGN KEY (`customer_master_price_id`) REFERENCES `customer_master_prices` (`id`),
  CONSTRAINT `FK_orders_customers` FOREIGN KEY (`customer_id`) REFERENCES `customers` (`id`),
  CONSTRAINT `FK_orders_destination_cities` FOREIGN KEY (`destination`) REFERENCES `cities` (`id`),
  CONSTRAINT `FK_orders_origin_cities` FOREIGN KEY (`origin`) REFERENCES `cities` (`id`),
  CONSTRAINT `FK_orders_service_groups` FOREIGN KEY (`service_group_id`) REFERENCES `service_groups` (`id`),
  CONSTRAINT `FK_orders_trucking_prices` FOREIGN KEY (`trucking_price_id`) REFERENCES `customer_trucking_prices` (`id`)
) ENGINE=InnoDB AUTO_INCREMENT=2 DEFAULT CHARSET=utf8mb4;

-- Dumping data for table lke.orders: ~1 rows (approximately)
/*!40000 ALTER TABLE `orders` DISABLE KEYS */;
INSERT INTO `orders` (`id`, `branch_id`, `agent_id`, `pickup_date`, `order_number`, `awb_no`, `customer_id`, `customer_branch_id`, `customer_master_price_id`, `trucking_price_id`, `service_id`, `service_group_id`, `truck_type_id`, `origin`, `destination`, `total_colly`, `total_kg`, `total_kg_agent`, `contains`, `description`, `delivered_date`, `last_status`, `last_status_acc`, `payment_type`, `user_id`, `created_at`, `updated_at`) VALUES
	(1, 1, NULL, '2022-09-28', 'ORD-0000000001', '1000', 1, 12, 20, NULL, 1, 1, 0, 3, 148, 10, 1000.00, 1000.00, NULL, NULL, '2022-09-30 04:23:05', 'Delivered', NULL, 'Cash', 1, '2022-09-28 00:00:00', '2022-09-30 04:23:05');
/*!40000 ALTER TABLE `orders` ENABLE KEYS */;


-- Dumping structure for table lke.order_agents
CREATE TABLE IF NOT EXISTS `order_agents` (
  `id` bigint(20) NOT NULL AUTO_INCREMENT,
  `order_number` varchar(50) NOT NULL,
  `agent_id` bigint(20) DEFAULT NULL,
  `branch_id` bigint(20) DEFAULT NULL,
  `origin` bigint(20) DEFAULT NULL,
  `destination` bigint(20) DEFAULT NULL,
  `sequence` int(11) DEFAULT NULL,
  `user_id` bigint(20) NOT NULL,
  `created_at` timestamp NULL DEFAULT NULL,
  `updated_at` timestamp NULL DEFAULT NULL,
  PRIMARY KEY (`id`),
  KEY `FK_order_agents_agents` (`agent_id`),
  KEY `FK_order_agents_branchs` (`branch_id`),
  CONSTRAINT `FK_order_agents_agents` FOREIGN KEY (`agent_id`) REFERENCES `agents` (`id`),
  CONSTRAINT `FK_order_agents_branchs` FOREIGN KEY (`branch_id`) REFERENCES `branchs` (`id`)
) ENGINE=InnoDB AUTO_INCREMENT=5 DEFAULT CHARSET=utf8mb4;

-- Dumping data for table lke.order_agents: ~0 rows (approximately)
/*!40000 ALTER TABLE `order_agents` DISABLE KEYS */;
INSERT INTO `order_agents` (`id`, `order_number`, `agent_id`, `branch_id`, `origin`, `destination`, `sequence`, `user_id`, `created_at`, `updated_at`) VALUES
	(3, 'ORD-0000000001', 6, NULL, 168, 148, 2, 1, '2022-09-29 13:43:29', '2022-09-29 13:43:29'),
	(4, 'ORD-0000000001', 5, NULL, 50, 168, 1, 1, '2022-09-29 13:46:13', '2022-09-29 13:46:13');
/*!40000 ALTER TABLE `order_agents` ENABLE KEYS */;


-- Dumping structure for table lke.order_agent_destinations
CREATE TABLE IF NOT EXISTS `order_agent_destinations` (
  `id` bigint(20) NOT NULL AUTO_INCREMENT,
  `order_number` varchar(50) NOT NULL,
  `agent_id_origin` bigint(20) DEFAULT NULL,
  `branch_id_origin` bigint(20) DEFAULT NULL,
  `origin` bigint(20) DEFAULT NULL,
  `agent_id_destination` bigint(20) DEFAULT NULL,
  `branch_id_destination` bigint(20) DEFAULT NULL,
  `destination` bigint(20) DEFAULT NULL,
  `pickup_date` datetime DEFAULT NULL,
  `delivered_date` datetime DEFAULT NULL,
  `user_id` bigint(20) NOT NULL,
  `created_at` timestamp NULL DEFAULT NULL,
  `updated_at` timestamp NULL DEFAULT NULL,
  PRIMARY KEY (`id`)
) ENGINE=InnoDB DEFAULT CHARSET=utf8mb4;

-- Dumping data for table lke.order_agent_destinations: ~0 rows (approximately)
/*!40000 ALTER TABLE `order_agent_destinations` DISABLE KEYS */;
/*!40000 ALTER TABLE `order_agent_destinations` ENABLE KEYS */;


-- Dumping structure for table lke.order_costs
CREATE TABLE IF NOT EXISTS `order_costs` (
  `id` bigint(20) NOT NULL AUTO_INCREMENT,
  `order_number` varchar(50) NOT NULL,
  `price` decimal(10,2) NOT NULL,
  `cogs_price` decimal(10,2) NOT NULL,
  `discount` decimal(10,2) DEFAULT NULL,
  `gross_total` decimal(10,2) DEFAULT NULL,
  `nett` decimal(10,2) DEFAULT NULL,
  `tax` decimal(10,2) DEFAULT NULL,
  `tax_percent` int(11) DEFAULT NULL,
  `nett_with_tax` decimal(10,2) DEFAULT NULL,
  `commission` decimal(10,2) DEFAULT NULL,
  `gross_margin` decimal(10,2) DEFAULT NULL,
  `insurance_fee` decimal(10,2) DEFAULT NULL,
  `administrative_cost` decimal(10,2) DEFAULT NULL,
  `other_cost` decimal(10,2) DEFAULT NULL,
  `packing_cost` decimal(10,2) DEFAULT NULL,
  `grand_total` decimal(10,2) DEFAULT NULL,
  `user_id` bigint(20) NOT NULL,
  `created_at` timestamp NULL DEFAULT NULL,
  `updated_at` timestamp NULL DEFAULT NULL,
  PRIMARY KEY (`id`)
) ENGINE=InnoDB AUTO_INCREMENT=2 DEFAULT CHARSET=utf8mb4;

-- Dumping data for table lke.order_costs: ~1 rows (approximately)
/*!40000 ALTER TABLE `order_costs` DISABLE KEYS */;
INSERT INTO `order_costs` (`id`, `order_number`, `price`, `cogs_price`, `discount`, `gross_total`, `nett`, `tax`, `tax_percent`, `nett_with_tax`, `commission`, `gross_margin`, `insurance_fee`, `administrative_cost`, `other_cost`, `packing_cost`, `grand_total`, `user_id`, `created_at`, `updated_at`) VALUES
	(1, 'ORD-0000000001', 6050.00, 0.00, NULL, NULL, 6050.00, 0.00, 0, NULL, NULL, NULL, NULL, NULL, NULL, NULL, NULL, 1, '2022-09-28 21:30:08', '2022-09-28 21:30:08');
/*!40000 ALTER TABLE `order_costs` ENABLE KEYS */;


-- Dumping structure for table lke.order_cost_agents
CREATE TABLE IF NOT EXISTS `order_cost_agents` (
  `id` bigint(20) NOT NULL AUTO_INCREMENT,
  `agent_id` bigint(20) NOT NULL,
  `order_number` varchar(50) NOT NULL,
  `price` decimal(10,2) NOT NULL,
  `cogs_price` decimal(10,2) DEFAULT NULL,
  `discount` decimal(10,2) DEFAULT NULL,
  `gross_total` decimal(10,2) DEFAULT NULL,
  `nett` decimal(10,2) DEFAULT NULL,
  `tax` decimal(10,2) DEFAULT NULL,
  `tax_percent` int(11) DEFAULT NULL,
  `nett_with_tax` decimal(10,2) DEFAULT NULL,
  `grand_total` decimal(10,2) DEFAULT NULL,
  `user_id` bigint(20) NOT NULL,
  `created_at` timestamp NULL DEFAULT NULL,
  `updated_at` timestamp NULL DEFAULT NULL,
  PRIMARY KEY (`id`)
) ENGINE=InnoDB AUTO_INCREMENT=5 DEFAULT CHARSET=utf8mb4;

-- Dumping data for table lke.order_cost_agents: ~0 rows (approximately)
/*!40000 ALTER TABLE `order_cost_agents` DISABLE KEYS */;
INSERT INTO `order_cost_agents` (`id`, `agent_id`, `order_number`, `price`, `cogs_price`, `discount`, `gross_total`, `nett`, `tax`, `tax_percent`, `nett_with_tax`, `grand_total`, `user_id`, `created_at`, `updated_at`) VALUES
	(3, 6, 'ORD-0000000001', 3500.00, NULL, NULL, NULL, NULL, NULL, NULL, NULL, NULL, 1, '2022-09-29 13:43:29', '2022-09-29 13:43:29'),
	(4, 5, 'ORD-0000000001', 2500.00, NULL, NULL, NULL, NULL, NULL, NULL, NULL, NULL, 1, '2022-09-29 13:46:13', '2022-09-29 13:46:13');
/*!40000 ALTER TABLE `order_cost_agents` ENABLE KEYS */;


-- Dumping structure for table lke.order_references
CREATE TABLE IF NOT EXISTS `order_references` (
  `id` bigint(20) NOT NULL AUTO_INCREMENT,
  `order_number` varchar(50) NOT NULL,
  `reference_number` varchar(128) NOT NULL,
  `colly` double DEFAULT NULL,
  `description` text DEFAULT NULL,
  `user_id` bigint(20) NOT NULL,
  `created_at` timestamp NULL DEFAULT NULL,
  `updated_at` timestamp NULL DEFAULT NULL,
  PRIMARY KEY (`id`)
) ENGINE=InnoDB DEFAULT CHARSET=utf8mb4;

-- Dumping data for table lke.order_references: ~0 rows (approximately)
/*!40000 ALTER TABLE `order_references` DISABLE KEYS */;
/*!40000 ALTER TABLE `order_references` ENABLE KEYS */;


-- Dumping structure for table lke.order_trackings
CREATE TABLE IF NOT EXISTS `order_trackings` (
  `id` bigint(20) NOT NULL AUTO_INCREMENT,
  `order_number` varchar(50) NOT NULL,
  `status_date` datetime NOT NULL,
  `status_name` varchar(64) NOT NULL,
  `is_admin_view` int(11) NOT NULL DEFAULT 1,
  `city_id` bigint(20) DEFAULT NULL,
  `filename` text DEFAULT NULL,
  `recipient` varchar(128) DEFAULT NULL,
  `description` varchar(512) DEFAULT NULL,
  `user_id` bigint(20) NOT NULL,
  `created_at` timestamp NULL DEFAULT NULL,
  `updated_at` timestamp NULL DEFAULT NULL,
  PRIMARY KEY (`id`)
) ENGINE=InnoDB AUTO_INCREMENT=5 DEFAULT CHARSET=utf8mb4;

-- Dumping data for table lke.order_trackings: ~1 rows (approximately)
/*!40000 ALTER TABLE `order_trackings` DISABLE KEYS */;
INSERT INTO `order_trackings` (`id`, `order_number`, `status_date`, `status_name`, `is_admin_view`, `city_id`, `filename`, `recipient`, `description`, `user_id`, `created_at`, `updated_at`) VALUES
	(1, 'ORD-0000000001', '2022-09-28 21:30:08', 'On Process Delivery', 0, 3, NULL, NULL, NULL, 1, '2022-09-28 21:30:08', '2022-09-28 21:30:08'),
	(2, 'ORD-0000000001', '2022-09-30 04:15:29', 'Transit [4-PT. OPTIMA TRANSPERSADA]', 0, 50, '1664486129_ORD-0000000001.jpg', 'optima', NULL, 29, '2022-09-30 04:15:29', '2022-09-30 04:15:29'),
	(3, 'ORD-0000000001', '2022-09-30 04:22:27', 'Transit [3-PT.GABE EKSPRESS]', 0, 168, '1664486547_ORD-0000000001.jpg', 'gabe', NULL, 1, '2022-09-30 04:22:27', '2022-09-30 04:22:27'),
	(4, 'ORD-0000000001', '2022-09-30 04:23:05', 'Delivered', 0, 148, '1664486585_ORD-0000000001.jpg', 'ybs', NULL, 1, '2022-09-30 04:23:05', '2022-09-30 04:23:05');
/*!40000 ALTER TABLE `order_trackings` ENABLE KEYS */;


-- Dumping structure for table lke.order_units
CREATE TABLE IF NOT EXISTS `order_units` (
  `id` bigint(20) NOT NULL AUTO_INCREMENT,
  `order_number` varchar(50) NOT NULL,
  `weight_type` varchar(10) DEFAULT NULL,
  `height` decimal(10,2) DEFAULT NULL,
  `width` decimal(10,2) DEFAULT NULL,
  `length` decimal(10,2) DEFAULT NULL,
  `colly` int(11) DEFAULT NULL,
  `kilogram` decimal(10,2) DEFAULT NULL,
  `volume` decimal(10,2) DEFAULT NULL,
  `divider` double DEFAULT NULL,
  `contains` varchar(258) DEFAULT NULL,
  `description` varchar(258) DEFAULT NULL,
  `user_id` bigint(20) NOT NULL,
  `created_at` timestamp NULL DEFAULT NULL,
  `updated_at` timestamp NULL DEFAULT NULL,
  PRIMARY KEY (`id`)
) ENGINE=InnoDB DEFAULT CHARSET=utf8mb4;

-- Dumping data for table lke.order_units: ~0 rows (approximately)
/*!40000 ALTER TABLE `order_units` DISABLE KEYS */;
/*!40000 ALTER TABLE `order_units` ENABLE KEYS */;


-- Dumping structure for table lke.password_resets
CREATE TABLE IF NOT EXISTS `password_resets` (
  `email` varchar(191) COLLATE utf8mb4_unicode_ci NOT NULL,
  `token` varchar(191) COLLATE utf8mb4_unicode_ci NOT NULL,
  `created_at` timestamp NULL DEFAULT NULL,
  KEY `password_resets_email_index` (`email`)
) ENGINE=InnoDB DEFAULT CHARSET=utf8mb4 COLLATE=utf8mb4_unicode_ci;

-- Dumping data for table lke.password_resets: ~0 rows (approximately)
/*!40000 ALTER TABLE `password_resets` DISABLE KEYS */;
/*!40000 ALTER TABLE `password_resets` ENABLE KEYS */;


-- Dumping structure for table lke.payment_types
CREATE TABLE IF NOT EXISTS `payment_types` (
  `id` bigint(20) NOT NULL AUTO_INCREMENT,
  `payment_name` varchar(64) NOT NULL,
  `termin_month` int(11) DEFAULT NULL,
  `user_id` bigint(20) NOT NULL,
  `created_at` timestamp NULL DEFAULT NULL,
  `updated_at` timestamp NULL DEFAULT NULL,
  `deleted_at` datetime DEFAULT NULL,
  `deleted_by` bigint(10) unsigned DEFAULT NULL,
  PRIMARY KEY (`id`)
) ENGINE=InnoDB AUTO_INCREMENT=4 DEFAULT CHARSET=utf8mb4;

-- Dumping data for table lke.payment_types: ~2 rows (approximately)
/*!40000 ALTER TABLE `payment_types` DISABLE KEYS */;
INSERT INTO `payment_types` (`id`, `payment_name`, `termin_month`, `user_id`, `created_at`, `updated_at`, `deleted_at`, `deleted_by`) VALUES
	(1, 'Cash', NULL, 1, '2021-12-06 03:52:38', '2021-12-06 03:52:38', NULL, NULL),
	(2, 'Credit', 6, 1, '2021-12-06 03:52:49', '2021-12-06 03:52:59', NULL, NULL),
	(3, 'gopay', NULL, 1, '2022-07-13 14:41:35', '2022-07-13 14:41:53', NULL, NULL);
/*!40000 ALTER TABLE `payment_types` ENABLE KEYS */;


-- Dumping structure for table lke.permissions
CREATE TABLE IF NOT EXISTS `permissions` (
  `id` bigint(20) unsigned NOT NULL AUTO_INCREMENT,
  `title` varchar(191) COLLATE utf8mb4_unicode_ci DEFAULT NULL,
  `created_at` timestamp NULL DEFAULT NULL,
  `updated_at` timestamp NULL DEFAULT NULL,
  `deleted_at` timestamp NULL DEFAULT NULL,
  PRIMARY KEY (`id`),
  UNIQUE KEY `title` (`title`)
) ENGINE=InnoDB AUTO_INCREMENT=132 DEFAULT CHARSET=utf8mb4 COLLATE=utf8mb4_unicode_ci;

-- Dumping data for table lke.permissions: ~119 rows (approximately)
/*!40000 ALTER TABLE `permissions` DISABLE KEYS */;
INSERT INTO `permissions` (`id`, `title`, `created_at`, `updated_at`, `deleted_at`) VALUES
	(1, 'user_access', NULL, NULL, NULL),
	(2, 'user_create', NULL, NULL, NULL),
	(3, 'user_update', NULL, NULL, NULL),
	(4, 'user_delete', NULL, NULL, NULL),
	(5, 'department_access', NULL, NULL, NULL),
	(6, 'department_create', NULL, NULL, NULL),
	(7, 'department_update', NULL, NULL, NULL),
	(8, 'department_delete', NULL, NULL, NULL),
	(9, 'dashboard_access', NULL, NULL, NULL),
	(10, 'master_driver_access', NULL, NULL, NULL),
	(11, 'master_driver_create', NULL, NULL, NULL),
	(12, 'master_driver_update', NULL, NULL, NULL),
	(13, 'master_driver_delete', NULL, NULL, NULL),
	(14, 'master_truck_access', NULL, NULL, NULL),
	(15, 'master_truck_create', NULL, NULL, NULL),
	(16, 'master_truck_update', NULL, NULL, NULL),
	(17, 'master_truck_delete', NULL, NULL, NULL),
	(18, 'master_truck_type_access', NULL, NULL, NULL),
	(19, 'master_truck_type_create', NULL, NULL, NULL),
	(20, 'master_truck_type_update', NULL, NULL, NULL),
	(21, 'master_truck_type_delete', NULL, NULL, NULL),
	(22, 'master_provinces_access', NULL, NULL, NULL),
	(23, 'master_provinces_create', NULL, NULL, NULL),
	(24, 'master_provinces_update', NULL, NULL, NULL),
	(25, 'master_provinces_delete', NULL, NULL, NULL),
	(26, 'master_cities_access', NULL, NULL, NULL),
	(27, 'master_cities_create', NULL, NULL, NULL),
	(28, 'master_cities_update', NULL, NULL, NULL),
	(29, 'master_cities_delete', NULL, NULL, NULL),
	(30, 'master_area_access', NULL, NULL, NULL),
	(31, 'master_area_create', NULL, NULL, NULL),
	(32, 'master_area_update', NULL, NULL, NULL),
	(33, 'master_area_delete', NULL, NULL, NULL),
	(34, 'master_branchs_access', NULL, NULL, NULL),
	(35, 'master_branchs_create', NULL, NULL, NULL),
	(36, 'master_branchs_update', NULL, NULL, NULL),
	(37, 'master_branchs_delete', NULL, NULL, NULL),
	(38, 'master_customer_access', NULL, NULL, NULL),
	(39, 'master_customer_create', NULL, NULL, NULL),
	(40, 'master_customer_update', NULL, NULL, NULL),
	(41, 'master_customer_delete', NULL, NULL, NULL),
	(42, 'master_agent_access', NULL, NULL, NULL),
	(43, 'master_agent_create', NULL, NULL, NULL),
	(44, 'master_agent_update', NULL, NULL, NULL),
	(45, 'master_agent_delete', NULL, NULL, NULL),
	(46, 'master_payment_type_access', NULL, NULL, NULL),
	(47, 'master_payment_type_create', NULL, NULL, NULL),
	(48, 'master_payment_type_update', NULL, NULL, NULL),
	(49, 'master_payment_type_delete', NULL, NULL, NULL),
	(50, 'master_bank_access', NULL, NULL, NULL),
	(51, 'master_bank_create', NULL, NULL, NULL),
	(52, 'master_bank_update', NULL, NULL, NULL),
	(53, 'master_bank_delete', NULL, NULL, NULL),
	(54, 'master_regular_price_access', NULL, NULL, NULL),
	(55, 'master_regular_price_create', NULL, NULL, NULL),
	(56, 'master_regular_price_update', NULL, NULL, NULL),
	(57, 'master_regular_price_delete', NULL, NULL, NULL),
	(58, 'master_trucking_price_access', NULL, NULL, NULL),
	(59, 'master_trucking_price_create', NULL, NULL, NULL),
	(60, 'master_trucking_price_update', NULL, NULL, NULL),
	(61, 'master_trucking_price_delete', NULL, NULL, NULL),
	(62, 'order_access', NULL, NULL, NULL),
	(63, 'order_create', NULL, NULL, NULL),
	(64, 'order_update', NULL, NULL, NULL),
	(65, 'order_delete', NULL, NULL, NULL),
	(66, 'order_tracking', NULL, NULL, NULL),
	(67, 'order_tracking_update', NULL, NULL, NULL),
	(68, 'order_closing', NULL, NULL, NULL),
	(69, 'order_print', NULL, NULL, NULL),
	(70, 'manifest_access', NULL, NULL, NULL),
	(71, 'manifest_create', NULL, NULL, NULL),
	(72, 'manifest_update', NULL, NULL, NULL),
	(73, 'manifest_delete', NULL, NULL, NULL),
	(74, 'manifest_closing', NULL, NULL, NULL),
	(75, 'manifest_print', NULL, NULL, NULL),
	(76, 'trip_access', NULL, NULL, NULL),
	(77, 'trip_create', NULL, NULL, NULL),
	(78, 'trip_update', NULL, NULL, NULL),
	(79, 'trip_delete', NULL, NULL, NULL),
	(80, 'trip_closing', NULL, NULL, NULL),
	(81, 'trip_print', NULL, NULL, NULL),
	(82, 'compro_service_access', NULL, NULL, NULL),
	(83, 'compro_service_create', NULL, NULL, NULL),
	(84, 'compro_service_update', NULL, NULL, NULL),
	(85, 'compro_service_delete', NULL, NULL, NULL),
	(86, 'compro_article_access', NULL, NULL, NULL),
	(87, 'compro_article_create', NULL, NULL, NULL),
	(88, 'compro_article_update', NULL, NULL, NULL),
	(89, 'compro_article_delete', NULL, NULL, NULL),
	(90, 'compro_gallery_access', NULL, NULL, NULL),
	(91, 'compro_gallery_create', NULL, NULL, NULL),
	(92, 'compro_gallery_update', NULL, NULL, NULL),
	(93, 'compro_gallery_delete', NULL, NULL, NULL),
	(94, 'compro_banner_access', NULL, NULL, NULL),
	(95, 'compro_banner_create', NULL, NULL, NULL),
	(96, 'compro_banner_update', NULL, NULL, NULL),
	(97, 'compro_banner_delete', NULL, NULL, NULL),
	(98, 'customer_candidate_access', NULL, NULL, NULL),
	(99, 'customer_candidate_delete', NULL, NULL, NULL),
	(100, 'approval_reguler_price_access', NULL, NULL, NULL),
	(101, 'approval_trucking_price_access', NULL, NULL, NULL),
	(102, 'menu_dashboard', NULL, NULL, NULL),
	(103, 'menu_transaction', NULL, NULL, NULL),
	(104, 'menu_transaction_order', NULL, NULL, NULL),
	(105, 'menu_transaction_document', NULL, NULL, NULL),
	(106, 'menu_master_data', NULL, NULL, NULL),
	(107, 'menu_master_data_general', NULL, NULL, NULL),
	(108, 'menu_master_data_location', NULL, NULL, NULL),
	(109, 'menu_master_data_partner', NULL, NULL, NULL),
	(110, 'menu_master_data_price', NULL, NULL, NULL),
	(111, 'menu_warehouse', NULL, NULL, NULL),
	(112, 'menu_administration', NULL, NULL, NULL),
	(113, 'menu_administration_approval', NULL, NULL, NULL),
	(114, 'menu_administration_accounting', NULL, NULL, NULL),
	(115, 'menu_administration_company_profile', NULL, NULL, NULL),
	(116, 'menu_report', NULL, NULL, NULL),
	(117, 'menu_report_transaction', NULL, NULL, NULL),
	(118, 'menu_setting', NULL, NULL, NULL),
	(119, 'menu_profile', NULL, NULL, NULL),
	(120, 'acc_invoice_access', NULL, NULL, NULL),
	(121, 'acc_invoice_create', NULL, NULL, NULL),
	(122, 'acc_invoice_update', NULL, NULL, NULL),
	(123, 'acc_invoice_delete', NULL, NULL, NULL),
	(124, 'acc_invoice_closing', NULL, NULL, NULL),
	(125, 'acc_bill_access', NULL, NULL, NULL),
	(126, 'acc_bill_create', NULL, NULL, NULL),
	(127, 'acc_bill_update', NULL, NULL, NULL),
	(128, 'acc_bill_delete', NULL, NULL, NULL),
	(129, 'acc_bill_closing', NULL, NULL, NULL),
	(130, 'menu_driver', NULL, NULL, NULL),
	(131, 'driver_update_tracking', NULL, NULL, NULL);
/*!40000 ALTER TABLE `permissions` ENABLE KEYS */;


-- Dumping structure for table lke.permission_role
CREATE TABLE IF NOT EXISTS `permission_role` (
  `role_id` bigint(20) unsigned NOT NULL,
  `permission_id` bigint(20) unsigned NOT NULL,
  KEY `permission_role_role_id_foreign` (`role_id`),
  KEY `permission_role_permission_id_foreign` (`permission_id`),
  CONSTRAINT `permission_role_permission_id_foreign` FOREIGN KEY (`permission_id`) REFERENCES `permissions` (`id`) ON DELETE CASCADE,
  CONSTRAINT `permission_role_role_id_foreign` FOREIGN KEY (`role_id`) REFERENCES `roles` (`id`) ON DELETE CASCADE
) ENGINE=InnoDB DEFAULT CHARSET=utf8mb4 COLLATE=utf8mb4_unicode_ci;

-- Dumping data for table lke.permission_role: ~515 rows (approximately)
/*!40000 ALTER TABLE `permission_role` DISABLE KEYS */;
INSERT INTO `permission_role` (`role_id`, `permission_id`) VALUES
	(1, 1),
	(1, 2),
	(1, 3),
	(1, 4),
	(1, 9),
	(1, 6),
	(1, 7),
	(1, 5),
	(1, 8),
	(1, 10),
	(1, 11),
	(1, 12),
	(1, 13),
	(1, 14),
	(1, 15),
	(1, 16),
	(1, 17),
	(1, 18),
	(1, 19),
	(1, 20),
	(1, 21),
	(1, 22),
	(1, 23),
	(1, 24),
	(1, 25),
	(1, 26),
	(1, 27),
	(1, 28),
	(1, 29),
	(1, 30),
	(1, 31),
	(1, 32),
	(1, 33),
	(1, 34),
	(1, 35),
	(1, 36),
	(1, 37),
	(1, 38),
	(1, 39),
	(1, 40),
	(1, 41),
	(1, 42),
	(1, 43),
	(1, 44),
	(1, 45),
	(1, 46),
	(1, 47),
	(1, 48),
	(1, 49),
	(1, 50),
	(1, 51),
	(1, 52),
	(1, 53),
	(1, 54),
	(1, 55),
	(1, 56),
	(1, 57),
	(1, 58),
	(1, 59),
	(1, 60),
	(1, 61),
	(1, 62),
	(1, 63),
	(1, 64),
	(1, 65),
	(1, 66),
	(1, 67),
	(1, 68),
	(1, 69),
	(1, 70),
	(1, 71),
	(1, 72),
	(1, 73),
	(1, 74),
	(1, 75),
	(1, 76),
	(1, 77),
	(1, 78),
	(1, 79),
	(1, 80),
	(1, 81),
	(1, 82),
	(1, 83),
	(1, 84),
	(1, 85),
	(1, 86),
	(1, 87),
	(1, 88),
	(1, 89),
	(1, 90),
	(1, 91),
	(1, 92),
	(1, 93),
	(1, 94),
	(1, 95),
	(1, 96),
	(1, 97),
	(1, 98),
	(1, 99),
	(1, 100),
	(1, 101),
	(6, 10),
	(6, 11),
	(6, 12),
	(6, 13),
	(6, 14),
	(6, 15),
	(6, 16),
	(6, 17),
	(6, 18),
	(6, 19),
	(6, 20),
	(6, 21),
	(6, 22),
	(6, 23),
	(6, 24),
	(6, 25),
	(6, 26),
	(6, 27),
	(6, 28),
	(6, 29),
	(6, 30),
	(6, 31),
	(6, 32),
	(6, 33),
	(6, 34),
	(6, 35),
	(6, 36),
	(6, 37),
	(6, 38),
	(6, 39),
	(6, 40),
	(6, 41),
	(6, 42),
	(6, 43),
	(6, 44),
	(6, 45),
	(6, 46),
	(6, 47),
	(6, 48),
	(6, 49),
	(6, 50),
	(6, 51),
	(6, 52),
	(6, 53),
	(6, 54),
	(6, 55),
	(6, 56),
	(6, 57),
	(6, 58),
	(6, 59),
	(6, 60),
	(6, 61),
	(6, 9),
	(6, 106),
	(6, 102),
	(6, 119),
	(6, 107),
	(6, 108),
	(6, 109),
	(6, 110),
	(1, 112),
	(1, 114),
	(1, 113),
	(1, 115),
	(1, 102),
	(1, 106),
	(1, 107),
	(1, 108),
	(1, 109),
	(1, 110),
	(1, 119),
	(1, 116),
	(1, 117),
	(1, 118),
	(1, 103),
	(1, 105),
	(1, 104),
	(1, 111),
	(7, 9),
	(7, 70),
	(7, 74),
	(7, 71),
	(7, 73),
	(7, 75),
	(7, 72),
	(7, 102),
	(7, 119),
	(7, 116),
	(7, 117),
	(7, 103),
	(7, 105),
	(7, 104),
	(7, 111),
	(7, 62),
	(7, 68),
	(7, 63),
	(7, 65),
	(7, 69),
	(7, 66),
	(7, 67),
	(7, 64),
	(7, 76),
	(7, 80),
	(7, 77),
	(7, 79),
	(7, 81),
	(7, 78),
	(13, 86),
	(13, 87),
	(13, 89),
	(13, 88),
	(13, 94),
	(13, 95),
	(13, 97),
	(13, 96),
	(13, 90),
	(13, 91),
	(13, 93),
	(13, 92),
	(13, 82),
	(13, 83),
	(13, 85),
	(13, 84),
	(13, 98),
	(13, 99),
	(13, 9),
	(13, 112),
	(13, 115),
	(13, 119),
	(13, 103),
	(13, 104),
	(13, 62),
	(13, 66),
	(13, 102),
	(19, 9),
	(19, 102),
	(19, 112),
	(19, 114),
	(19, 119),
	(19, 120),
	(19, 121),
	(19, 122),
	(19, 123),
	(19, 124),
	(20, 9),
	(20, 102),
	(20, 112),
	(20, 114),
	(20, 119),
	(20, 125),
	(20, 126),
	(20, 127),
	(20, 128),
	(20, 129),
	(17, 125),
	(17, 129),
	(17, 126),
	(17, 128),
	(17, 127),
	(17, 120),
	(17, 124),
	(17, 121),
	(17, 123),
	(17, 122),
	(17, 100),
	(17, 101),
	(17, 9),
	(17, 112),
	(17, 114),
	(17, 113),
	(17, 102),
	(17, 119),
	(17, 118),
	(17, 103),
	(17, 104),
	(17, 111),
	(17, 62),
	(17, 76),
	(17, 80),
	(17, 77),
	(17, 79),
	(17, 81),
	(17, 78),
	(17, 1),
	(15, 125),
	(15, 129),
	(15, 126),
	(15, 128),
	(15, 127),
	(15, 120),
	(15, 124),
	(15, 121),
	(15, 123),
	(15, 122),
	(15, 100),
	(15, 101),
	(15, 9),
	(15, 112),
	(15, 114),
	(15, 113),
	(15, 102),
	(15, 119),
	(15, 118),
	(15, 103),
	(15, 104),
	(15, 111),
	(15, 62),
	(15, 76),
	(15, 80),
	(15, 77),
	(15, 79),
	(15, 81),
	(15, 78),
	(15, 1),
	(16, 125),
	(16, 129),
	(16, 126),
	(16, 128),
	(16, 127),
	(16, 120),
	(16, 124),
	(16, 121),
	(16, 123),
	(16, 122),
	(16, 100),
	(16, 101),
	(16, 9),
	(16, 112),
	(16, 114),
	(16, 113),
	(16, 102),
	(16, 119),
	(16, 118),
	(16, 103),
	(16, 104),
	(16, 111),
	(16, 62),
	(16, 76),
	(16, 80),
	(16, 77),
	(16, 79),
	(16, 81),
	(16, 78),
	(16, 1),
	(12, 86),
	(12, 87),
	(12, 89),
	(12, 88),
	(12, 94),
	(12, 95),
	(12, 97),
	(12, 96),
	(12, 90),
	(12, 91),
	(12, 93),
	(12, 92),
	(12, 82),
	(12, 83),
	(12, 85),
	(12, 84),
	(12, 98),
	(12, 99),
	(12, 9),
	(12, 112),
	(12, 115),
	(12, 102),
	(12, 119),
	(12, 103),
	(12, 104),
	(12, 62),
	(12, 66),
	(11, 86),
	(11, 87),
	(11, 89),
	(11, 88),
	(11, 94),
	(11, 95),
	(11, 97),
	(11, 96),
	(11, 90),
	(11, 91),
	(11, 93),
	(11, 92),
	(11, 82),
	(11, 83),
	(11, 85),
	(11, 84),
	(11, 98),
	(11, 99),
	(11, 9),
	(11, 112),
	(11, 115),
	(11, 102),
	(11, 119),
	(11, 103),
	(11, 104),
	(11, 62),
	(11, 66),
	(3, 9),
	(3, 70),
	(3, 74),
	(3, 71),
	(3, 73),
	(3, 75),
	(3, 72),
	(3, 102),
	(3, 119),
	(3, 116),
	(3, 117),
	(3, 103),
	(3, 105),
	(3, 104),
	(3, 111),
	(3, 62),
	(3, 68),
	(3, 63),
	(3, 65),
	(3, 69),
	(3, 66),
	(3, 67),
	(3, 64),
	(3, 76),
	(3, 80),
	(3, 77),
	(3, 79),
	(3, 81),
	(3, 78),
	(4, 9),
	(4, 70),
	(4, 74),
	(4, 71),
	(4, 73),
	(4, 75),
	(4, 72),
	(4, 102),
	(4, 119),
	(4, 116),
	(4, 117),
	(4, 103),
	(4, 105),
	(4, 104),
	(4, 111),
	(4, 62),
	(4, 68),
	(4, 63),
	(4, 65),
	(4, 69),
	(4, 66),
	(4, 67),
	(4, 64),
	(4, 76),
	(4, 80),
	(4, 77),
	(4, 79),
	(4, 81),
	(4, 78),
	(5, 9),
	(5, 70),
	(5, 74),
	(5, 71),
	(5, 73),
	(5, 75),
	(5, 72),
	(5, 102),
	(5, 119),
	(5, 116),
	(5, 117),
	(5, 103),
	(5, 105),
	(5, 104),
	(5, 111),
	(5, 62),
	(5, 68),
	(5, 63),
	(5, 65),
	(5, 69),
	(5, 66),
	(5, 67),
	(5, 64),
	(5, 76),
	(5, 80),
	(5, 77),
	(5, 79),
	(5, 81),
	(5, 78),
	(2, 9),
	(2, 70),
	(2, 74),
	(2, 71),
	(2, 73),
	(2, 75),
	(2, 72),
	(2, 102),
	(2, 119),
	(2, 116),
	(2, 117),
	(2, 103),
	(2, 105),
	(2, 104),
	(2, 111),
	(2, 62),
	(2, 68),
	(2, 63),
	(2, 65),
	(2, 69),
	(2, 66),
	(2, 67),
	(2, 64),
	(2, 76),
	(2, 80),
	(2, 77),
	(2, 79),
	(2, 81),
	(2, 78),
	(14, 9),
	(14, 62),
	(14, 66),
	(14, 98),
	(14, 99),
	(14, 102),
	(14, 103),
	(14, 104),
	(14, 105),
	(14, 112),
	(14, 115),
	(14, 119),
	(22, 1),
	(22, 2),
	(22, 3),
	(22, 4),
	(22, 5),
	(22, 6),
	(22, 7),
	(22, 8),
	(22, 9),
	(22, 102),
	(22, 118),
	(22, 119),
	(23, 1),
	(23, 2),
	(23, 3),
	(23, 4),
	(23, 5),
	(23, 6),
	(23, 7),
	(23, 8),
	(23, 9),
	(23, 102),
	(23, 118),
	(23, 119),
	(1, 120),
	(1, 124),
	(1, 121),
	(1, 123),
	(1, 122),
	(1, 125),
	(1, 129),
	(1, 126),
	(1, 128),
	(1, 127),
	(9, 9),
	(9, 130),
	(9, 131),
	(9, 102);
/*!40000 ALTER TABLE `permission_role` ENABLE KEYS */;


-- Dumping structure for table lke.provinces
CREATE TABLE IF NOT EXISTS `provinces` (
  `id` bigint(20) NOT NULL AUTO_INCREMENT,
  `province_name` varchar(128) NOT NULL,
  `user_id` bigint(20) NOT NULL,
  `created_at` timestamp NULL DEFAULT NULL,
  `updated_at` timestamp NULL DEFAULT NULL,
  `deleted_at` datetime DEFAULT NULL,
  `deleted_by` bigint(10) unsigned DEFAULT NULL,
  PRIMARY KEY (`id`),
  UNIQUE KEY `province_name` (`province_name`)
) ENGINE=InnoDB AUTO_INCREMENT=104 DEFAULT CHARSET=utf8mb4;

-- Dumping data for table lke.provinces: ~47 rows (approximately)
/*!40000 ALTER TABLE `provinces` DISABLE KEYS */;
INSERT INTO `provinces` (`id`, `province_name`, `user_id`, `created_at`, `updated_at`, `deleted_at`, `deleted_by`) VALUES
	(55, 'BALI', 1, NULL, NULL, NULL, NULL),
	(56, 'BANDA ACEH', 1, NULL, NULL, NULL, NULL),
	(57, 'BANDARLAMPUNG', 1, NULL, NULL, NULL, NULL),
	(58, 'BANGKA BELITUNG', 1, NULL, NULL, NULL, NULL),
	(59, 'BANGKAI', 1, NULL, NULL, NULL, NULL),
	(60, 'BANJARBARU', 1, NULL, NULL, NULL, NULL),
	(61, 'BANJARMASIN', 1, NULL, NULL, NULL, NULL),
	(62, 'BANTEN', 1, NULL, NULL, NULL, NULL),
	(63, 'BEKASI UTARA', 1, NULL, NULL, NULL, NULL),
	(64, 'BELITUNG TIMUR', 1, NULL, NULL, NULL, NULL),
	(65, 'BENGKULU', 1, NULL, NULL, NULL, NULL),
	(66, 'DENPASAR', 1, NULL, NULL, NULL, NULL),
	(67, 'DKI JAKARTA', 1, NULL, NULL, NULL, NULL),
	(68, 'JAMBI', 1, NULL, NULL, NULL, NULL),
	(69, 'JAWA BARAT', 1, NULL, NULL, NULL, NULL),
	(70, 'JAWA TENGAH', 1, NULL, NULL, NULL, NULL),
	(71, 'JAWA TIMUR', 1, NULL, NULL, NULL, NULL),
	(72, 'JAYAPURA', 1, NULL, NULL, NULL, NULL),
	(73, 'KALIMANTAN', 1, NULL, NULL, NULL, NULL),
	(74, 'KALIMANTAN BARAT', 1, NULL, NULL, NULL, NULL),
	(75, 'KALIMANTAN SELATAN', 1, NULL, NULL, NULL, NULL),
	(76, 'KALIMANTAN TENGAH', 1, NULL, NULL, NULL, NULL),
	(77, 'LAMPUNG', 1, NULL, NULL, NULL, NULL),
	(78, 'MAJENE', 1, NULL, NULL, NULL, NULL),
	(79, 'MAKASAR', 1, NULL, NULL, NULL, NULL),
	(80, 'MAKASSAR', 1, NULL, NULL, NULL, NULL),
	(81, 'MALUKU', 1, NULL, NULL, NULL, NULL),
	(82, 'MANADO', 1, NULL, NULL, NULL, NULL),
	(83, 'MATARAM', 1, NULL, NULL, NULL, NULL),
	(84, 'MEDAN', 1, NULL, NULL, NULL, NULL),
	(85, 'NUSA TENGGARA', 1, NULL, NULL, NULL, NULL),
	(86, 'NUSA TENGGARA TIMUR', 1, NULL, NULL, NULL, NULL),
	(87, 'PALEMBANG', 1, NULL, NULL, NULL, NULL),
	(88, 'PEKANBARU', 1, NULL, NULL, NULL, NULL),
	(89, 'PONTIANAK', 1, NULL, NULL, NULL, NULL),
	(90, 'RIAU', 1, NULL, NULL, NULL, NULL),
	(91, 'SULAWESI', 1, NULL, NULL, NULL, NULL),
	(92, 'SULAWESI BARAT', 1, NULL, NULL, NULL, NULL),
	(93, 'SULAWESI SELATAN', 1, NULL, NULL, NULL, NULL),
	(94, 'SULAWESI TENGGARA', 1, NULL, NULL, NULL, NULL),
	(95, 'SULAWESI UTARA', 1, NULL, NULL, NULL, NULL),
	(96, 'SUMATERA', 1, NULL, NULL, NULL, NULL),
	(97, 'SUMATERA BARAT', 1, NULL, NULL, NULL, NULL),
	(98, 'SUMATERA SELATAN', 1, NULL, NULL, NULL, NULL),
	(99, 'SUMATERA UTARA', 1, NULL, NULL, NULL, NULL),
	(100, 'SUMBAR', 1, NULL, NULL, NULL, NULL),
	(101, 'TAPANULI UTARA ', 1, NULL, NULL, NULL, NULL),
	(103, 'AREA 51', 1, '2022-07-13 02:48:57', '2022-07-13 02:48:57', NULL, NULL);
/*!40000 ALTER TABLE `provinces` ENABLE KEYS */;


-- Dumping structure for table lke.roles
CREATE TABLE IF NOT EXISTS `roles` (
  `id` bigint(20) unsigned NOT NULL AUTO_INCREMENT,
  `title` varchar(191) COLLATE utf8mb4_unicode_ci DEFAULT NULL,
  `created_at` timestamp NULL DEFAULT NULL,
  `updated_at` timestamp NULL DEFAULT NULL,
  `deleted_at` timestamp NULL DEFAULT NULL,
  PRIMARY KEY (`id`)
) ENGINE=InnoDB AUTO_INCREMENT=25 DEFAULT CHARSET=utf8mb4 COLLATE=utf8mb4_unicode_ci;

-- Dumping data for table lke.roles: ~21 rows (approximately)
/*!40000 ALTER TABLE `roles` DISABLE KEYS */;
INSERT INTO `roles` (`id`, `title`, `created_at`, `updated_at`, `deleted_at`) VALUES
	(1, 'superadmin', '2021-12-21 13:28:56', '2021-12-21 13:28:57', NULL),
	(2, 'senior manager', '2021-12-21 13:29:09', '2021-12-21 13:29:10', NULL),
	(3, 'manager operasional', '2021-12-21 13:29:19', '2021-12-21 13:29:21', NULL),
	(4, 'asisten manager operasional', '2021-12-21 13:29:30', '2021-12-21 13:29:31', NULL),
	(5, 'spv operasional', '2021-12-21 13:29:43', '2021-12-21 13:29:44', NULL),
	(6, 'staff master data', NULL, NULL, NULL),
	(7, 'staff admin operasional', NULL, NULL, NULL),
	(8, 'kepala cabang', NULL, NULL, NULL),
	(9, 'driver', NULL, NULL, NULL),
	(10, 'manager bdv', NULL, NULL, NULL),
	(11, 'asisten manager marketing', NULL, NULL, NULL),
	(12, 'spv marketing', NULL, NULL, NULL),
	(13, 'staff marketing', NULL, NULL, NULL),
	(14, 'staff customer relation', NULL, NULL, NULL),
	(15, 'manager accounting', NULL, NULL, NULL),
	(16, 'asisten manager accounting', NULL, NULL, NULL),
	(17, 'spv accounting', NULL, NULL, NULL),
	(18, 'kasir', NULL, NULL, NULL),
	(19, 'staff admin ar', NULL, NULL, NULL),
	(20, 'staff admin ap', NULL, NULL, NULL),
	(21, 'staff admin tax', NULL, NULL, NULL),
	(22, 'spv hr ga', NULL, NULL, NULL),
	(23, 'staff admin hr ga', NULL, NULL, NULL),
	(24, 'customer', NULL, NULL, NULL);
/*!40000 ALTER TABLE `roles` ENABLE KEYS */;


-- Dumping structure for table lke.role_user
CREATE TABLE IF NOT EXISTS `role_user` (
  `user_id` bigint(20) unsigned NOT NULL,
  `role_id` bigint(20) unsigned NOT NULL,
  KEY `role_user_user_id_foreign` (`user_id`),
  KEY `role_user_role_id_foreign` (`role_id`),
  CONSTRAINT `role_user_role_id_foreign` FOREIGN KEY (`role_id`) REFERENCES `roles` (`id`) ON DELETE CASCADE,
  CONSTRAINT `role_user_user_id_foreign` FOREIGN KEY (`user_id`) REFERENCES `users` (`id`) ON DELETE CASCADE
) ENGINE=InnoDB DEFAULT CHARSET=utf8mb4 COLLATE=utf8mb4_unicode_ci;

-- Dumping data for table lke.role_user: ~20 rows (approximately)
/*!40000 ALTER TABLE `role_user` DISABLE KEYS */;
INSERT INTO `role_user` (`user_id`, `role_id`) VALUES
	(6, 2),
	(7, 3),
	(8, 15),
	(9, 17),
	(10, 21),
	(11, 22),
	(12, 20),
	(13, 19),
	(14, 18),
	(15, 4),
	(16, 5),
	(17, 7),
	(18, 6),
	(19, 5),
	(20, 10),
	(21, 11),
	(23, 13),
	(24, 14),
	(1, 1),
	(22, 12),
	(29, 9),
	(30, 9),
	(25, 1);
/*!40000 ALTER TABLE `role_user` ENABLE KEYS */;


-- Dumping structure for table lke.services
CREATE TABLE IF NOT EXISTS `services` (
  `id` bigint(20) NOT NULL AUTO_INCREMENT,
  `service_group_id` bigint(20) DEFAULT NULL,
  `service_code` varchar(2) DEFAULT NULL,
  `service_name` varchar(64) NOT NULL,
  `description` text DEFAULT NULL,
  `user_id` bigint(20) NOT NULL,
  `created_at` timestamp NULL DEFAULT NULL,
  `updated_at` timestamp NULL DEFAULT NULL,
  `deleted_at` datetime DEFAULT NULL,
  `deleted_by` bigint(10) unsigned DEFAULT NULL,
  PRIMARY KEY (`id`),
  KEY `FK_services_service_groups` (`service_group_id`),
  CONSTRAINT `FK_services_service_groups` FOREIGN KEY (`service_group_id`) REFERENCES `service_groups` (`id`)
) ENGINE=InnoDB AUTO_INCREMENT=4 DEFAULT CHARSET=utf8mb4;

-- Dumping data for table lke.services: ~3 rows (approximately)
/*!40000 ALTER TABLE `services` DISABLE KEYS */;
INSERT INTO `services` (`id`, `service_group_id`, `service_code`, `service_name`, `description`, `user_id`, `created_at`, `updated_at`, `deleted_at`, `deleted_by`) VALUES
	(1, 1, 'D', 'DARAT', 'via darat', 1, '2021-12-04 02:17:45', '2022-07-13 02:47:36', NULL, NULL),
	(2, 1, 'L', 'Laut', 'via Laut', 1, '2021-12-04 05:53:01', '2021-12-06 03:33:23', NULL, NULL),
	(3, 1, 'U', 'Udara', 'via Udara', 1, '2021-12-06 03:33:37', '2021-12-06 03:33:37', NULL, NULL);
/*!40000 ALTER TABLE `services` ENABLE KEYS */;


-- Dumping structure for table lke.service_groups
CREATE TABLE IF NOT EXISTS `service_groups` (
  `id` bigint(20) NOT NULL AUTO_INCREMENT,
  `group_name` varchar(128) NOT NULL,
  `user_id` bigint(20) NOT NULL,
  `created_at` timestamp NULL DEFAULT NULL,
  `updated_at` timestamp NULL DEFAULT NULL,
  `deleted_at` datetime DEFAULT NULL,
  `deleted_by` bigint(10) unsigned DEFAULT NULL,
  PRIMARY KEY (`id`)
) ENGINE=InnoDB AUTO_INCREMENT=5 DEFAULT CHARSET=utf8mb4;

-- Dumping data for table lke.service_groups: ~1 rows (approximately)
/*!40000 ALTER TABLE `service_groups` DISABLE KEYS */;
INSERT INTO `service_groups` (`id`, `group_name`, `user_id`, `created_at`, `updated_at`, `deleted_at`, `deleted_by`) VALUES
	(1, 'Regular', 1, '2021-12-04 05:20:04', '2021-12-04 05:20:04', NULL, NULL),
	(3, 'Trucking', 1, '2021-12-06 03:15:56', '2021-12-06 03:15:56', NULL, NULL),
	(4, 'Direct', 1, '2022-03-26 03:09:38', '2022-03-26 03:09:38', NULL, NULL);
/*!40000 ALTER TABLE `service_groups` ENABLE KEYS */;


-- Dumping structure for table lke.status_awbs
CREATE TABLE IF NOT EXISTS `status_awbs` (
  `id` bigint(20) NOT NULL AUTO_INCREMENT,
  `status_name` varchar(64) NOT NULL,
  `user_id` bigint(20) NOT NULL,
  `created_at` timestamp NULL DEFAULT NULL,
  `updated_at` timestamp NULL DEFAULT NULL,
  PRIMARY KEY (`id`),
  UNIQUE KEY `status_name` (`status_name`)
) ENGINE=InnoDB AUTO_INCREMENT=5 DEFAULT CHARSET=utf8mb4;

-- Dumping data for table lke.status_awbs: ~4 rows (approximately)
/*!40000 ALTER TABLE `status_awbs` DISABLE KEYS */;
INSERT INTO `status_awbs` (`id`, `status_name`, `user_id`, `created_at`, `updated_at`) VALUES
	(1, 'Warehouse', 1, '2021-12-10 15:25:21', '2022-03-01 15:18:12'),
	(2, 'Manifested', 1, '2022-03-01 15:18:21', '2022-03-01 15:18:21'),
	(3, 'On Delivery', 1, '2022-03-01 15:18:41', '2022-03-01 15:18:41'),
	(4, 'Delivered', 1, '2022-03-01 15:18:58', '2022-03-01 15:18:58');
/*!40000 ALTER TABLE `status_awbs` ENABLE KEYS */;


-- Dumping structure for table lke.status_orders
CREATE TABLE IF NOT EXISTS `status_orders` (
  `id` bigint(20) NOT NULL AUTO_INCREMENT,
  `status_name` varchar(64) NOT NULL,
  `user_id` bigint(20) NOT NULL,
  `created_at` timestamp NULL DEFAULT NULL,
  `updated_at` timestamp NULL DEFAULT NULL,
  PRIMARY KEY (`id`),
  UNIQUE KEY `status_name` (`status_name`)
) ENGINE=InnoDB AUTO_INCREMENT=5 DEFAULT CHARSET=utf8mb4;

-- Dumping data for table lke.status_orders: ~3 rows (approximately)
/*!40000 ALTER TABLE `status_orders` DISABLE KEYS */;
INSERT INTO `status_orders` (`id`, `status_name`, `user_id`, `created_at`, `updated_at`) VALUES
	(1, 'Open', 1, '2021-12-10 15:16:16', '2021-12-10 15:16:40'),
	(2, 'Closing', 1, '2021-12-10 15:16:28', '2022-03-03 20:42:46'),
	(4, 'Manifested', 1, '2022-01-25 10:02:54', '2022-03-03 20:43:01');
/*!40000 ALTER TABLE `status_orders` ENABLE KEYS */;


-- Dumping structure for table lke.trips
CREATE TABLE IF NOT EXISTS `trips` (
  `id` bigint(20) NOT NULL AUTO_INCREMENT,
  `trip_number` varchar(50) NOT NULL,
  `operational_cost` decimal(10,2) DEFAULT 0.00,
  `multiplier_number` decimal(10,2) DEFAULT 0.00,
  `last_status` varchar(15) NOT NULL,
  `last_tracking_status` varchar(15) DEFAULT NULL,
  `user_id` bigint(20) NOT NULL,
  `created_at` timestamp NULL DEFAULT NULL,
  `updated_at` timestamp NULL DEFAULT NULL,
  PRIMARY KEY (`id`),
  UNIQUE KEY `trip_number` (`trip_number`)
) ENGINE=InnoDB AUTO_INCREMENT=2 DEFAULT CHARSET=utf8mb4;

-- Dumping data for table lke.trips: ~0 rows (approximately)
/*!40000 ALTER TABLE `trips` DISABLE KEYS */;
INSERT INTO `trips` (`id`, `trip_number`, `operational_cost`, `multiplier_number`, `last_status`, `last_tracking_status`, `user_id`, `created_at`, `updated_at`) VALUES
	(1, 'TRP-000001', 10000000.00, 1000.00, 'Open', NULL, 1, '2022-09-29 13:55:29', '2022-09-29 13:55:29');
/*!40000 ALTER TABLE `trips` ENABLE KEYS */;


-- Dumping structure for table lke.trip_cities
CREATE TABLE IF NOT EXISTS `trip_cities` (
  `id` bigint(20) NOT NULL AUTO_INCREMENT,
  `trip_number` varchar(50) NOT NULL,
  `city_id` bigint(20) NOT NULL,
  `sort_number` int(2) DEFAULT 0,
  `multiplier` double DEFAULT 0,
  `multiplier_number` double DEFAULT 0,
  `percentage` double DEFAULT 0,
  `cogs_kg` decimal(10,2) DEFAULT 0.00,
  `cogs_avg` decimal(10,2) DEFAULT 0.00,
  `avg_ops_cost` decimal(10,2) DEFAULT 0.00,
  `diff_cogs_avg_ops` decimal(10,2) DEFAULT 0.00,
  `cogs_real_kg` decimal(10,2) DEFAULT 0.00,
  `cogs_real_city` decimal(10,2) DEFAULT 0.00,
  `kg` decimal(10,2) DEFAULT 0.00,
  `user_id` bigint(20) NOT NULL,
  `created_at` timestamp NULL DEFAULT NULL,
  `updated_at` timestamp NULL DEFAULT NULL,
  PRIMARY KEY (`id`)
) ENGINE=InnoDB AUTO_INCREMENT=2 DEFAULT CHARSET=utf8mb4;

-- Dumping data for table lke.trip_cities: ~0 rows (approximately)
/*!40000 ALTER TABLE `trip_cities` DISABLE KEYS */;
INSERT INTO `trip_cities` (`id`, `trip_number`, `city_id`, `sort_number`, `multiplier`, `multiplier_number`, `percentage`, `cogs_kg`, `cogs_avg`, `avg_ops_cost`, `diff_cogs_avg_ops`, `cogs_real_kg`, `cogs_real_city`, `kg`, `user_id`, `created_at`, `updated_at`) VALUES
	(1, 'TRP-000001', 148, 0, 1000, 1, 0, 1000.00, 1000.00, 10000.00, 0.00, 10000.00, 10000000.00, 1000.00, 1, '2022-09-29 13:55:29', '2022-09-29 13:55:29');
/*!40000 ALTER TABLE `trip_cities` ENABLE KEYS */;


-- Dumping structure for table lke.trip_details
CREATE TABLE IF NOT EXISTS `trip_details` (
  `id` bigint(20) NOT NULL AUTO_INCREMENT,
  `trip_number` varchar(50) NOT NULL,
  `manifest_number` varchar(50) NOT NULL,
  `user_id` bigint(20) NOT NULL,
  `created_at` timestamp NULL DEFAULT NULL,
  `updated_at` timestamp NULL DEFAULT NULL,
  PRIMARY KEY (`id`)
) ENGINE=InnoDB AUTO_INCREMENT=2 DEFAULT CHARSET=utf8mb4;

-- Dumping data for table lke.trip_details: ~0 rows (approximately)
/*!40000 ALTER TABLE `trip_details` DISABLE KEYS */;
INSERT INTO `trip_details` (`id`, `trip_number`, `manifest_number`, `user_id`, `created_at`, `updated_at`) VALUES
	(1, 'TRP-000001', 'MFT-0000000001', 1, '2022-09-29 13:55:29', '2022-09-29 13:55:29');
/*!40000 ALTER TABLE `trip_details` ENABLE KEYS */;


-- Dumping structure for table lke.trucking_prices
CREATE TABLE IF NOT EXISTS `trucking_prices` (
  `id` bigint(20) NOT NULL AUTO_INCREMENT,
  `truck_type_id` bigint(20) NOT NULL,
  `origin` bigint(20) NOT NULL,
  `destination` bigint(20) NOT NULL,
  `price` decimal(10,2) DEFAULT NULL,
  `cogs_price` decimal(10,2) DEFAULT NULL,
  `user_id` bigint(20) NOT NULL,
  `created_at` timestamp NULL DEFAULT NULL,
  `updated_at` timestamp NULL DEFAULT NULL,
  `deleted_at` datetime DEFAULT NULL,
  `deleted_by` bigint(10) unsigned DEFAULT NULL,
  PRIMARY KEY (`id`),
  KEY `FK_trucking_prices_truck_types` (`truck_type_id`),
  KEY `FK_trucking_prices_origin_cities` (`origin`),
  KEY `FK_trucking_prices_destination_cities` (`destination`),
  CONSTRAINT `FK_trucking_prices_destination_cities` FOREIGN KEY (`destination`) REFERENCES `cities` (`id`),
  CONSTRAINT `FK_trucking_prices_origin_cities` FOREIGN KEY (`origin`) REFERENCES `cities` (`id`),
  CONSTRAINT `FK_trucking_prices_truck_types` FOREIGN KEY (`truck_type_id`) REFERENCES `truck_types` (`id`)
) ENGINE=InnoDB AUTO_INCREMENT=5 DEFAULT CHARSET=utf8mb4;

-- Dumping data for table lke.trucking_prices: ~3 rows (approximately)
/*!40000 ALTER TABLE `trucking_prices` DISABLE KEYS */;
INSERT INTO `trucking_prices` (`id`, `truck_type_id`, `origin`, `destination`, `price`, `cogs_price`, `user_id`, `created_at`, `updated_at`, `deleted_at`, `deleted_by`) VALUES
	(2, 1, 3, 5, 500000.00, 400000.00, 1, '2022-04-21 03:47:32', '2022-04-21 03:56:25', NULL, NULL),
	(3, 2, 3, 4, 150000.00, 100000.00, 1, '2022-04-21 04:24:19', '2022-04-21 04:24:36', NULL, NULL),
	(4, 2, 3, 86, 300000.00, 250000.00, 1, '2022-04-25 08:55:26', '2022-04-25 08:56:04', NULL, NULL);
/*!40000 ALTER TABLE `trucking_prices` ENABLE KEYS */;


-- Dumping structure for table lke.trucks
CREATE TABLE IF NOT EXISTS `trucks` (
  `id` bigint(20) NOT NULL AUTO_INCREMENT,
  `truck_type_id` bigint(20) NOT NULL,
  `police_number` varchar(50) NOT NULL,
  `production_year` varchar(4) DEFAULT NULL,
  `reg_exp_date` date DEFAULT NULL,
  `reg_tax_exp_date` date DEFAULT NULL,
  `examination_exp_date` date DEFAULT NULL,
  `user_id` bigint(20) NOT NULL,
  `created_at` timestamp NULL DEFAULT NULL,
  `updated_at` timestamp NULL DEFAULT NULL,
  `deleted_at` datetime DEFAULT NULL,
  `deleted_by` bigint(10) unsigned DEFAULT NULL,
  PRIMARY KEY (`id`),
  KEY `FK_trucks_truck_types` (`truck_type_id`),
  CONSTRAINT `FK_trucks_truck_types` FOREIGN KEY (`truck_type_id`) REFERENCES `truck_types` (`id`)
) ENGINE=InnoDB AUTO_INCREMENT=4 DEFAULT CHARSET=utf8mb4;

-- Dumping data for table lke.trucks: ~2 rows (approximately)
/*!40000 ALTER TABLE `trucks` DISABLE KEYS */;
INSERT INTO `trucks` (`id`, `truck_type_id`, `police_number`, `production_year`, `reg_exp_date`, `reg_tax_exp_date`, `examination_exp_date`, `user_id`, `created_at`, `updated_at`, `deleted_at`, `deleted_by`) VALUES
	(1, 1, 'B 1234 LKE', NULL, NULL, NULL, NULL, 1, '2021-12-04 02:10:31', '2022-09-04 07:45:55', '2022-09-04 07:45:55', 1),
	(2, 2, 'B 9999 LKE', '2020', '2023-12-31', '2023-12-01', '2025-01-01', 1, '2021-12-06 02:47:34', '2022-08-10 16:38:32', NULL, NULL);
/*!40000 ALTER TABLE `trucks` ENABLE KEYS */;


-- Dumping structure for table lke.truck_types
CREATE TABLE IF NOT EXISTS `truck_types` (
  `id` bigint(20) NOT NULL AUTO_INCREMENT,
  `type_name` varchar(64) NOT NULL,
  `description` text DEFAULT NULL,
  `truck_length` int(11) DEFAULT NULL,
  `truck_width` int(11) DEFAULT NULL,
  `truck_height` int(11) DEFAULT NULL,
  `truck_volume` int(11) DEFAULT NULL,
  `user_id` bigint(20) NOT NULL,
  `created_at` timestamp NULL DEFAULT NULL,
  `updated_at` timestamp NULL DEFAULT NULL,
  `deleted_at` datetime DEFAULT NULL,
  `deleted_by` bigint(10) unsigned DEFAULT NULL,
  PRIMARY KEY (`id`)
) ENGINE=InnoDB AUTO_INCREMENT=4 DEFAULT CHARSET=utf8mb4;

-- Dumping data for table lke.truck_types: ~2 rows (approximately)
/*!40000 ALTER TABLE `truck_types` DISABLE KEYS */;
INSERT INTO `truck_types` (`id`, `type_name`, `description`, `truck_length`, `truck_width`, `truck_height`, `truck_volume`, `user_id`, `created_at`, `updated_at`, `deleted_at`, `deleted_by`) VALUES
	(1, 'fuso', 'Truk Fuso', 190, 50, NULL, NULL, 1, '2021-12-04 02:03:15', '2021-12-06 02:20:43', NULL, NULL),
	(2, 'Cold Diesel', 'test aja', NULL, NULL, NULL, NULL, 1, '2021-12-06 02:20:57', '2021-12-06 02:20:57', NULL, NULL),
	(3, 'ANGKOT', 'lorem ipsum', 100, 20, 30, 500, 1, '2022-07-13 02:37:16', '2022-07-13 02:37:16', NULL, NULL);
/*!40000 ALTER TABLE `truck_types` ENABLE KEYS */;


-- Dumping structure for table lke.users
CREATE TABLE IF NOT EXISTS `users` (
  `id` bigint(20) unsigned NOT NULL AUTO_INCREMENT,
  `branch_id` bigint(20) DEFAULT NULL,
  `driver_id` bigint(20) DEFAULT NULL,
  `nik` varchar(20) COLLATE utf8mb4_unicode_ci DEFAULT NULL,
  `name` varchar(191) COLLATE utf8mb4_unicode_ci DEFAULT NULL,
  `email` varchar(191) COLLATE utf8mb4_unicode_ci DEFAULT NULL,
  `email_verified_at` datetime DEFAULT NULL,
  `password` varchar(191) COLLATE utf8mb4_unicode_ci DEFAULT NULL,
  `approved` tinyint(1) DEFAULT 0,
  `verified` tinyint(1) DEFAULT 0,
  `verified_at` datetime DEFAULT NULL,
  `verification_token` varchar(191) COLLATE utf8mb4_unicode_ci DEFAULT NULL,
  `remember_token` varchar(191) COLLATE utf8mb4_unicode_ci DEFAULT NULL,
  `created_at` timestamp NULL DEFAULT NULL,
  `updated_at` timestamp NULL DEFAULT NULL,
  `deleted_at` timestamp NULL DEFAULT NULL,
  `deleted_by` bigint(10) unsigned DEFAULT NULL,
  PRIMARY KEY (`id`),
  UNIQUE KEY `users_email_unique` (`email`),
  UNIQUE KEY `nik` (`nik`)
) ENGINE=InnoDB AUTO_INCREMENT=31 DEFAULT CHARSET=utf8mb4 COLLATE=utf8mb4_unicode_ci;

-- Dumping data for table lke.users: ~22 rows (approximately)
/*!40000 ALTER TABLE `users` DISABLE KEYS */;
INSERT INTO `users` (`id`, `branch_id`, `driver_id`, `nik`, `name`, `email`, `email_verified_at`, `password`, `approved`, `verified`, `verified_at`, `verification_token`, `remember_token`, `created_at`, `updated_at`, `deleted_at`, `deleted_by`) VALUES
	(1, 1, NULL, '0000', 'Yudha T. Putra', 'yudhatp@gmail.com', '2021-11-01 12:52:30', '$2y$10$sRg9W8dWxX.Eo1xCdl8IdOXeEAC8lH.WAjvAi/6SER/sO/LV/0Ad2', 1, NULL, '2021-10-08 02:33:41', '', NULL, NULL, '2022-03-18 05:13:29', NULL, NULL),
	(6, 1, NULL, '90000145', 'HENDRO', 'prayitnohendroe@gmail.com', NULL, '$2y$10$mChWDv1vx47esS205D1Kd.4PfqSS/KGCmDiK5cH0Zj1Hj1b67RB5m', 1, NULL, NULL, NULL, NULL, '2022-02-19 06:12:28', '2022-02-19 06:12:28', NULL, NULL),
	(7, 1, NULL, '90000001', 'FISCA', 'fisca.lke@yahoo.com', NULL, '$2y$10$aMRA5iGdnsSZxIecwZoLGOMDjOkJS/9W9.6zDXeAMzh6q40dYscFy', 1, NULL, NULL, NULL, NULL, '2022-02-19 06:16:10', '2022-02-19 06:16:10', NULL, NULL),
	(8, 1, NULL, '90000109', 'DADAN', 'da2n_tb@yahoo.com', NULL, '$2y$10$dNqlPkJRCsONaIdjPxmZzubQOdP0uClrkQWDvOUSpLUsEWkGgIjSC', 1, NULL, NULL, NULL, NULL, '2022-02-19 06:31:59', '2022-02-19 06:31:59', NULL, NULL),
	(9, 1, NULL, '90000036', 'DANI', 'dhani.accounting@lakiekspress.com', NULL, '$2y$10$P5vpxJuMI5omGDWmJF7Caeks2Plho7nwvCeHUEnc7V183j280eBOu', 1, NULL, NULL, NULL, NULL, '2022-02-19 06:32:53', '2022-02-19 06:32:53', NULL, NULL),
	(10, 1, NULL, '90000130', 'WICAK ANGGORO', 'wicakanggoro@gmail.com', NULL, '$2y$10$19Ten/eliFcIhKTC45j/7uz6oj/bO/MBEZC.WwQ.QIlkA9JGPely2', 1, NULL, NULL, NULL, NULL, '2022-02-19 06:34:59', '2022-02-19 06:34:59', NULL, NULL),
	(11, 1, NULL, '90000136', 'RUDI DARMAWAN', 'rudi.darmawan06@gmail.com', NULL, '$2y$10$E9QgKTRxFJWby7ZP8pWideQY3ZQY30JH854OuYF5rggRwE.90LD3a', 1, NULL, NULL, NULL, NULL, '2022-02-19 06:36:02', '2022-02-19 06:36:02', NULL, NULL),
	(12, 1, NULL, '90000135', 'FIQRI', 'vilri.alam@gmail.com', NULL, '$2y$10$iCHPXEUyBeJ8AySmAN5twuSKRYti81qKAuokRfhjIsjZHVItjZFw6', 1, NULL, NULL, NULL, NULL, '2022-02-19 06:40:44', '2022-02-19 06:40:44', NULL, NULL),
	(13, 1, NULL, '90000152', 'BUDYANTI SJAFITRI', 'budsyafitri17@gmail.com', NULL, '$2y$10$wg.Skgehr57qOwZ9luk5/.Kxg2Zank34m4rDUgSZE1UZpwIS808/6', 1, NULL, NULL, NULL, NULL, '2022-02-19 06:41:48', '2022-02-19 06:41:48', NULL, NULL),
	(14, 1, NULL, '90000111', 'RAHMA', 'watirahma575@gmail.com', NULL, '$2y$10$3djK0UdScEgpR1eCW8H0N.TUPVAVtVPNPqdGJAY3rioVHdTiaFf/i', 1, NULL, NULL, NULL, NULL, '2022-02-19 06:42:37', '2022-02-19 06:42:37', NULL, NULL),
	(15, 1, NULL, '90000153', 'HEZKEL', 'zulfikar.hezkel@gmail.com', NULL, '$2y$10$TogpGKFDhViM43p7qhSs4OvLC8Y4mFzqvM0SSU0QePSVfmoF0aNPK', 1, NULL, NULL, NULL, NULL, '2022-02-19 06:44:07', '2022-02-19 06:44:07', NULL, NULL),
	(16, 1, NULL, '90000142', 'AHMAD', 'hidayat.kebayunan@gmail.com', NULL, '$2y$10$/X7XaDffBhfnsEjFwI1Z0Ofvy1sSRsI7dcsHrd.BRLNNBcu2qrzhy', 1, NULL, NULL, NULL, NULL, '2022-02-19 06:44:53', '2022-02-19 06:44:53', NULL, NULL),
	(17, 1, NULL, '90000137', 'ERMA', 'ermadwiseptiana24@gmail.com', NULL, '$2y$10$O2kA6XHNRmPVywZw742/XepQ0LljtCAZZDj5mZL0qBEWXl3XPFAVm', 1, NULL, NULL, NULL, NULL, '2022-02-19 06:45:31', '2022-02-19 06:45:31', NULL, NULL),
	(18, 1, NULL, '90000025', 'DEDE', 'denylantus@gmail.com', NULL, '$2y$10$HdzRyaw.qbvFHpSGF5Z8SOddxD.I.lRjEKYz8eQgE0.jxxx5sbK1C', 1, NULL, NULL, NULL, NULL, '2022-02-19 06:46:11', '2022-02-19 06:46:11', NULL, NULL),
	(19, 1, NULL, '90000022', 'WANTO', 'wantok194@gmail.com', NULL, '$2y$10$pylPw6hXc.yhwrVb1zZE5e68qzFDEmJ0CfXxDH8IxE4k/HHP.xoBe', 1, NULL, NULL, NULL, NULL, '2022-02-19 06:47:01', '2022-02-19 06:47:01', NULL, NULL),
	(20, 1, NULL, '90000110', 'OLIP', 'deny_kd@yahoo.co.id', NULL, '$2y$10$KRcNxVp.vmtFnepTxM8AGOwYg2jhRqyeYZStdLp6jxiRUciz8KMrm', 1, NULL, NULL, NULL, NULL, '2022-02-19 06:48:05', '2022-02-19 06:48:05', NULL, NULL),
	(21, 1, NULL, '90000148', 'JULIO', 'iyosiregar@gmail.com', NULL, '$2y$10$.V3Z16wIO.Mc0wsk4w6gnuzwnzbnTnQFh/wu1R2e8Ckr6LdNMv3V2', 1, NULL, NULL, NULL, NULL, '2022-02-19 06:48:49', '2022-02-19 06:48:49', NULL, NULL),
	(22, 1, NULL, '90000003', 'GALIH', 'galie7achmad@gmail.com', NULL, '$2y$10$0.ndlkN/WfaUYoSEkFXIYOC2/HXuAwzmKpaARysZnMkANiZY3RNMq', 0, NULL, NULL, NULL, NULL, '2022-02-19 06:49:30', '2022-03-18 05:27:58', NULL, NULL),
	(23, 1, NULL, '90000027', 'FAJAR', 'fajaralamsyah503@gmail.com', NULL, '$2y$10$24BxT0.HLiG036LeQxEfUOk72QyyA1R1bFPEYlTm/K.ygMlPVdGn.', 1, NULL, NULL, NULL, NULL, '2022-02-19 06:50:17', '2022-02-19 06:50:17', NULL, NULL),
	(24, 1, NULL, '90000064', 'RISKA', 'anandariska658@gmail.com', NULL, '$2y$10$ysAiY2mgWR483ws44uqEne18j59dONSsKNbGJPgdL4e.HC4CzKuWu', 1, NULL, NULL, NULL, NULL, '2022-02-19 06:51:01', '2022-02-19 06:51:01', NULL, NULL),
	(25, 3, NULL, '9999', 'Yanuar', 'yanuar@gmail.com', NULL, '$2y$10$smJ7O4siTyRfe0JDyHbeNeD2e.CZGhhbvh5W2Ax2xw0VgcqH8nxAu', 1, NULL, NULL, NULL, NULL, '2022-05-19 06:45:57', '2022-08-31 05:19:13', NULL, NULL),
	(29, 1, 5, '1111', 'BUDI DOREMI', 'budi@mail.com', NULL, '$2y$10$dkQdOofi8AszyZLS3AFDtuWNoi/x6H1xwk8T8JZgf0SnFLHm3PNbm', 1, NULL, NULL, NULL, NULL, '2022-08-12 12:42:12', '2022-08-12 12:42:12', NULL, NULL),
	(30, 1, 6, '22222', 'Yudi Wahyudi', '22@mail.com', NULL, '$2y$10$rAtpNGpDO3qoz59j0l/hieOX7jB6i9bXweYBwj1dG6jmpMp1QOoau', 1, NULL, NULL, NULL, NULL, '2022-08-12 13:20:01', '2022-08-12 13:20:01', NULL, NULL);
/*!40000 ALTER TABLE `users` ENABLE KEYS */;


-- Dumping structure for table lke.user_agents
CREATE TABLE IF NOT EXISTS `user_agents` (
  `id` bigint(20) unsigned NOT NULL AUTO_INCREMENT,
  `agent_id` bigint(20) NOT NULL,
  `name` varchar(191) COLLATE utf8mb4_unicode_ci NOT NULL,
  `email` varchar(191) COLLATE utf8mb4_unicode_ci NOT NULL,
  `email_verified_at` datetime DEFAULT NULL,
  `password` varchar(191) COLLATE utf8mb4_unicode_ci NOT NULL,
  `phone_number` varchar(25) COLLATE utf8mb4_unicode_ci DEFAULT '0',
  `approved` tinyint(1) NOT NULL DEFAULT 0,
  `verified` tinyint(1) DEFAULT 0,
  `verified_at` datetime DEFAULT NULL,
  `verification_token` varchar(191) COLLATE utf8mb4_unicode_ci DEFAULT NULL,
  `remember_token` varchar(191) COLLATE utf8mb4_unicode_ci DEFAULT NULL,
  `user_id` bigint(20) NOT NULL,
  `created_at` timestamp NULL DEFAULT NULL,
  `updated_at` timestamp NULL DEFAULT NULL,
  `deleted_at` timestamp NULL DEFAULT NULL,
  `deleted_by` bigint(10) unsigned DEFAULT NULL,
  PRIMARY KEY (`id`),
  UNIQUE KEY `user_agents_email_unique` (`email`),
  KEY `FK_user_agents_agents` (`agent_id`),
  CONSTRAINT `FK_user_agents_agents` FOREIGN KEY (`agent_id`) REFERENCES `agents` (`id`)
) ENGINE=InnoDB AUTO_INCREMENT=14 DEFAULT CHARSET=utf8mb4 COLLATE=utf8mb4_unicode_ci;

-- Dumping data for table lke.user_agents: ~10 rows (approximately)
/*!40000 ALTER TABLE `user_agents` DISABLE KEYS */;
INSERT INTO `user_agents` (`id`, `agent_id`, `name`, `email`, `email_verified_at`, `password`, `phone_number`, `approved`, `verified`, `verified_at`, `verification_token`, `remember_token`, `user_id`, `created_at`, `updated_at`, `deleted_at`, `deleted_by`) VALUES
	(3, 2, 'fulan bin fulan', 'fulan077@gmail.com', NULL, '$2y$10$/GbrslwrDjFUIUeOpUY2IeSUCDBU9xFa5YfKG5K5ExJObJEg2RFbG', '0', 1, 0, NULL, NULL, NULL, 1, '2022-03-12 14:41:57', '2022-07-03 06:49:41', NULL, NULL),
	(4, 3, 'fulan1', 'fulan1@gmail.com', NULL, '$2y$10$YK1P3NzfCSPKVDAzGRD97eVjcfpRqYn8uiwAawmrHlyaHeB2lYTu.', '0', 1, 0, NULL, NULL, NULL, 1, '2022-05-19 01:16:01', '2022-05-19 01:16:01', NULL, NULL),
	(6, 3, 'putra', '1234@mail.com', NULL, '$2y$10$OjFnX6q/hL9KARIYpHZAtezURkNOX/ZPVBJq0FP95Xlqqn1mQGwYq', '0', 1, 0, NULL, NULL, NULL, 1, '2022-07-10 22:07:09', '2022-07-10 22:08:48', NULL, NULL),
	(7, 5, 'optima', 'optima@mail.com', NULL, '$2y$10$CF/25/WybVAHTqES9.UkJeQxSnGL0qUsrgqcewq70tu226.L2pUya', '0', 1, 0, NULL, NULL, NULL, 1, '2022-08-08 14:40:12', '2022-08-08 14:40:12', NULL, NULL),
	(8, 9, 'agt08', 'agt08@mail.com', NULL, '$2y$10$hpIpx/0J5BhMxHpzTvJ3xO8LzojhhsOAPjT6yqTGwkyp6wT.3qyBu', '0812345677', 1, 0, NULL, NULL, NULL, 1, '2022-08-29 22:43:08', '2022-09-04 21:24:01', NULL, NULL),
	(9, 11, 'agt10', 'agt10@mail.com', NULL, '$2y$10$YT2gT.hcGryOngZPqGMvwO1p7.XgXxnN4M0Y4Qy4IStiqt.zU8PRW', '0', 1, 0, NULL, NULL, NULL, 1, '2022-08-29 22:44:14', '2022-08-29 22:44:14', NULL, NULL),
	(10, 7, 'agt06', 'agt06@mail.com', NULL, '$2y$10$kawo1jDlcMAK1UwZf4PsrenUCpMpNdA5eugQzx.M2i7UdwGujHe6y', '0', 1, 0, NULL, NULL, NULL, 1, '2022-08-29 22:45:02', '2022-08-29 22:45:02', NULL, NULL),
	(11, 6, 'gabe', 'gabe@mail.com', NULL, '$2y$10$EPvHdZtI9s9765GqPUhSauxF95sf82mGHIW.9MwAnGP9t2qTpq4pG', '0', 1, 0, NULL, NULL, NULL, 1, '2022-08-31 05:15:14', '2022-08-31 05:15:14', NULL, NULL),
	(12, 46, 'bitama', 'bitama@mail.com', NULL, '$2y$10$VLo0hHGZVZ8iy06pIFKDGOgc7FJNPC6/WUA1VOkUpsbLDXadZsz9q', '08912345678', 1, 0, NULL, NULL, NULL, 1, '2022-09-04 21:20:41', '2022-09-04 21:21:50', NULL, NULL),
	(13, 46, 'joni', 'joni@bitama.com', NULL, '$2y$10$EkWfK4HW0Egx10Lf1xYqDuQfYNVk8SBgBilvSzuyrKT2kTsWtb3/a', '08123456789', 0, 0, NULL, NULL, NULL, 1, '2022-09-04 21:22:18', '2022-09-04 21:22:18', NULL, NULL);
/*!40000 ALTER TABLE `user_agents` ENABLE KEYS */;


-- Dumping structure for table lke.user_customers
CREATE TABLE IF NOT EXISTS `user_customers` (
  `id` bigint(20) unsigned NOT NULL AUTO_INCREMENT,
  `customer_id` bigint(20) DEFAULT NULL,
  `name` varchar(191) COLLATE utf8mb4_unicode_ci DEFAULT NULL,
  `email` varchar(191) COLLATE utf8mb4_unicode_ci DEFAULT NULL,
  `email_verified_at` datetime DEFAULT NULL,
  `password` varchar(191) COLLATE utf8mb4_unicode_ci DEFAULT NULL,
  `phone_number` varchar(25) COLLATE utf8mb4_unicode_ci DEFAULT NULL,
  `address` varchar(256) COLLATE utf8mb4_unicode_ci DEFAULT NULL,
  `birthday` date DEFAULT NULL,
  `approved` tinyint(1) DEFAULT 0,
  `verified` tinyint(1) DEFAULT 0,
  `verified_at` datetime DEFAULT NULL,
  `verification_token` varchar(191) COLLATE utf8mb4_unicode_ci DEFAULT NULL,
  `remember_token` varchar(191) COLLATE utf8mb4_unicode_ci DEFAULT NULL,
  `user_id` bigint(20) DEFAULT NULL,
  `created_at` timestamp NULL DEFAULT NULL,
  `updated_at` timestamp NULL DEFAULT NULL,
  `deleted_at` timestamp NULL DEFAULT NULL,
  `deleted_by` bigint(10) unsigned DEFAULT NULL,
  PRIMARY KEY (`id`),
  UNIQUE KEY `user_customers_email_unique` (`email`),
  KEY `FK_user_customers_customers` (`customer_id`),
  CONSTRAINT `FK_user_customers_customers` FOREIGN KEY (`customer_id`) REFERENCES `customers` (`id`)
) ENGINE=InnoDB AUTO_INCREMENT=8 DEFAULT CHARSET=utf8mb4 COLLATE=utf8mb4_unicode_ci;

-- Dumping data for table lke.user_customers: ~4 rows (approximately)
/*!40000 ALTER TABLE `user_customers` DISABLE KEYS */;
INSERT INTO `user_customers` (`id`, `customer_id`, `name`, `email`, `email_verified_at`, `password`, `phone_number`, `address`, `birthday`, `approved`, `verified`, `verified_at`, `verification_token`, `remember_token`, `user_id`, `created_at`, `updated_at`, `deleted_at`, `deleted_by`) VALUES
	(3, 1, 'Rahmat Hidayat', 'rahmat@gmail.com', NULL, '$2y$10$sRg9W8dWxX.Eo1xCdl8IdOXeEAC8lH.WAjvAi/6SER/sO/LV/0Ad2', '08123456789', 'Cibubur Jakarta', '1980-03-08', 1, 0, NULL, NULL, NULL, NULL, '2022-03-06 13:28:34', '2022-07-30 13:01:43', NULL, NULL),
	(4, 2, 'Fulan', 'fulan@mail.com', NULL, '$2y$10$FessylgcdQKYA7QZvTUebeIpHYoQHg4VU4G./zjLXcONegnSKrPd6', '12345678', 'bogor', '2022-05-01', 1, 0, NULL, NULL, NULL, NULL, '2022-05-11 05:38:53', '2022-05-11 05:38:53', NULL, NULL),
	(6, 4, 'TEST PIC 99', 'tespic99@mail.com', NULL, '$2y$10$/OUuuCe6ZWsdWbvXXjwRSuyvhW7nxcuDV4iRR6MTHBsoh/4qlPadi', '08191010111111', 'tes alamat', '2022-07-30', 1, 0, NULL, NULL, NULL, NULL, '2022-07-30 07:42:21', '2022-07-30 07:46:09', NULL, NULL),
	(7, 6, 'adfg', 'adfg@mail.com', NULL, '$2y$10$S8wrlgAsZsZJ5AHfLAL.u.U3lmCo0/JZkfYZmaumnSYold7k7ta9q', '111111', 'test', '2022-08-03', 1, 0, NULL, NULL, NULL, NULL, '2022-08-07 06:21:47', '2022-08-07 06:21:47', NULL, NULL);
/*!40000 ALTER TABLE `user_customers` ENABLE KEYS */;


-- Dumping structure for trigger lke.trigger_before_agents_insert
SET @OLDTMP_SQL_MODE=@@SQL_MODE, SQL_MODE='ONLY_FULL_GROUP_BY,STRICT_TRANS_TABLES,NO_ZERO_IN_DATE,NO_ZERO_DATE,ERROR_FOR_DIVISION_BY_ZERO,NO_AUTO_CREATE_USER,NO_ENGINE_SUBSTITUTION';
DELIMITER //
CREATE TRIGGER `trigger_before_agents_insert` BEFORE INSERT ON `agents` FOR EACH ROW BEGIN
                DECLARE result 		VARCHAR(20);
                DECLARE temp  	    INT;
                    
                SET temp = (SELECT RIGHT(agent_code,6) FROM agents ORDER BY agent_code DESC LIMIT 1);
                SET temp = COALESCE(temp,0)+1;
                SET result = RIGHT(CONCAT('00000',CAST(temp AS CHAR)),6);	
                SET NEW.agent_code = CONCAT('AGT-', result);
            END//
DELIMITER ;
SET SQL_MODE=@OLDTMP_SQL_MODE;


-- Dumping structure for trigger lke.trigger_before_bills_insert
SET @OLDTMP_SQL_MODE=@@SQL_MODE, SQL_MODE='NO_ZERO_IN_DATE,NO_ZERO_DATE,NO_ENGINE_SUBSTITUTION';
DELIMITER //
CREATE TRIGGER `trigger_before_bills_insert` BEFORE INSERT ON `bills` FOR EACH ROW BEGIN
                DECLARE result 		VARCHAR(20);
                DECLARE temp  	    INT;
                    
                SET temp = (SELECT RIGHT(bill_number,9) FROM bills ORDER BY bill_number DESC LIMIT 1);
                SET temp = COALESCE(temp,0)+1;
                SET result = RIGHT(CONCAT('00000000',CAST(temp AS CHAR)),9);	
                SET NEW.bill_number = CONCAT('INVS-', result);
            END//
DELIMITER ;
SET SQL_MODE=@OLDTMP_SQL_MODE;


-- Dumping structure for trigger lke.trigger_before_customers_insert
SET @OLDTMP_SQL_MODE=@@SQL_MODE, SQL_MODE='NO_ZERO_IN_DATE,NO_ZERO_DATE,NO_ENGINE_SUBSTITUTION';
DELIMITER //
CREATE TRIGGER `trigger_before_customers_insert` BEFORE INSERT ON `customers` FOR EACH ROW BEGIN
                DECLARE result 		VARCHAR(20);
                DECLARE temp  	    INT;
                    
                SET temp = (SELECT RIGHT(customer_code,6) FROM customers ORDER BY customer_code DESC LIMIT 1);
                SET temp = COALESCE(temp,0)+1;
                SET result = RIGHT(CONCAT('00000',CAST(temp AS CHAR)),6);	
                SET NEW.customer_code = CONCAT('CUST-', result);
            END//
DELIMITER ;
SET SQL_MODE=@OLDTMP_SQL_MODE;


-- Dumping structure for trigger lke.trigger_before_customer_mous_insert
SET @OLDTMP_SQL_MODE=@@SQL_MODE, SQL_MODE='NO_ZERO_IN_DATE,NO_ZERO_DATE,NO_ENGINE_SUBSTITUTION';
DELIMITER //
CREATE TRIGGER `trigger_before_customer_mous_insert` BEFORE INSERT ON `customer_mous` FOR EACH ROW BEGIN
                DECLARE result 		VARCHAR(20);
                DECLARE temp  	    INT;
                    
                SET temp = (SELECT RIGHT(mou_number,5) FROM customer_mous ORDER BY mou_number DESC LIMIT 1);
                SET temp = COALESCE(temp,0)+1;
                SET result = RIGHT(CONCAT('00000',CAST(temp AS CHAR)),5);	
                SET NEW.mou_number = CONCAT('LKE/', CAST(year(now()) AS CHAR), '/', result);
            END//
DELIMITER ;
SET SQL_MODE=@OLDTMP_SQL_MODE;


-- Dumping structure for trigger lke.trigger_before_invoices_insert
SET @OLDTMP_SQL_MODE=@@SQL_MODE, SQL_MODE='NO_ZERO_IN_DATE,NO_ZERO_DATE,NO_ENGINE_SUBSTITUTION';
DELIMITER //
CREATE TRIGGER `trigger_before_invoices_insert` BEFORE INSERT ON `invoices` FOR EACH ROW BEGIN
                DECLARE result 		VARCHAR(20);
                DECLARE temp  	    INT;
                DECLARE mm VARCHAR(2);
                DECLARE yy VARCHAR(2);
                DECLARE nom VARCHAR(9);
                
                SET mm = (SELECT LPAD(MONTH(CURDATE()), 2, '0'));
					 SET yy = (SELECT SUBSTRING(YEAR(CURDATE()),-2, 2));
                SET nom = CONCAT('INV-P', mm, yy);
                SET temp = (SELECT RIGHT(invoice_number,6) FROM invoices WHERE LEFT(invoice_number,9) = nom ORDER BY invoice_number DESC LIMIT 1);
                SET temp = COALESCE(temp,0)+1;
                SET result = RIGHT(CONCAT('00000',CAST(temp AS CHAR)),6);	
                SET NEW.invoice_number = CONCAT('INV-P', mm, yy, result);
            END//
DELIMITER ;
SET SQL_MODE=@OLDTMP_SQL_MODE;


-- Dumping structure for trigger lke.trigger_before_manifests_insert
SET @OLDTMP_SQL_MODE=@@SQL_MODE, SQL_MODE='ONLY_FULL_GROUP_BY,STRICT_TRANS_TABLES,NO_ZERO_IN_DATE,NO_ZERO_DATE,ERROR_FOR_DIVISION_BY_ZERO,NO_AUTO_CREATE_USER,NO_ENGINE_SUBSTITUTION';
DELIMITER //
CREATE TRIGGER `trigger_before_manifests_insert` BEFORE INSERT ON `manifests` FOR EACH ROW BEGIN
                DECLARE result 		VARCHAR(20);
                DECLARE temp  	    INT;
                    
                SET temp = (SELECT RIGHT(manifest_number,10) FROM manifests ORDER BY manifest_number DESC LIMIT 1);
                SET temp = COALESCE(temp,0)+1;
                SET result = RIGHT(CONCAT('000000000',CAST(temp AS CHAR)),10);	
                SET NEW.manifest_number = CONCAT('MFT-', result);
            END//
DELIMITER ;
SET SQL_MODE=@OLDTMP_SQL_MODE;


-- Dumping structure for trigger lke.trigger_before_orders_insert
SET @OLDTMP_SQL_MODE=@@SQL_MODE, SQL_MODE='ONLY_FULL_GROUP_BY,STRICT_TRANS_TABLES,NO_ZERO_IN_DATE,NO_ZERO_DATE,ERROR_FOR_DIVISION_BY_ZERO,NO_AUTO_CREATE_USER,NO_ENGINE_SUBSTITUTION';
DELIMITER //
CREATE TRIGGER `trigger_before_orders_insert` BEFORE INSERT ON `orders` FOR EACH ROW BEGIN
                DECLARE result 		VARCHAR(20);
                DECLARE temp  	    INT;
                    
                SET temp = (SELECT RIGHT(order_number,10) FROM orders ORDER BY order_number DESC LIMIT 1);
                SET temp = COALESCE(temp,0)+1;
                SET result = RIGHT(CONCAT('000000000',CAST(temp AS CHAR)),10);	
                SET NEW.order_number = CONCAT('ORD-', result);
            END//
DELIMITER ;
SET SQL_MODE=@OLDTMP_SQL_MODE;


-- Dumping structure for trigger lke.trigger_before_trips_insert
SET @OLDTMP_SQL_MODE=@@SQL_MODE, SQL_MODE='ONLY_FULL_GROUP_BY,STRICT_TRANS_TABLES,NO_ZERO_IN_DATE,NO_ZERO_DATE,ERROR_FOR_DIVISION_BY_ZERO,NO_AUTO_CREATE_USER,NO_ENGINE_SUBSTITUTION';
DELIMITER //
CREATE TRIGGER `trigger_before_trips_insert` BEFORE INSERT ON `trips` FOR EACH ROW BEGIN
                DECLARE result 		VARCHAR(20);
                DECLARE temp  	    INT;
                    
                SET temp = (SELECT RIGHT(trip_number,6) FROM trips ORDER BY trip_number DESC LIMIT 1);
                SET temp = COALESCE(temp,0)+1;
                SET result = RIGHT(CONCAT('00000',CAST(temp AS CHAR)),6);	
                SET NEW.trip_number = CONCAT('TRP-', result);
            END//
DELIMITER ;
SET SQL_MODE=@OLDTMP_SQL_MODE;
/*!40101 SET SQL_MODE=IFNULL(@OLD_SQL_MODE, '') */;
/*!40014 SET FOREIGN_KEY_CHECKS=IF(@OLD_FOREIGN_KEY_CHECKS IS NULL, 1, @OLD_FOREIGN_KEY_CHECKS) */;
/*!40101 SET CHARACTER_SET_CLIENT=@OLD_CHARACTER_SET_CLIENT */;
